time,x,y,psi,u,v,r,throttle,rudder_angle_deg
0.0,0.0010574029855560546,0.0,0.0,0.02114805971112109,0.0,0.0,0.8,0.0
0.05,0.0031704081603877213,0.0,0.0,0.04226010349663333,0.0,0.0,0.8,0.0
0.1,0.0063371693002706436,0.0,0.0,0.06333522279765844,0.0,0.0,0.8,0.0
0.15000000000000002,0.010555795083589468,0.0,0.0,0.08437251566637649,0.0,0.0,0.8,0.0
0.2,0.01582434942916355,0.0,0.0,0.10537108691148163,0.0,0.0,0.8,0.0
0.25,0.022140851841219177,0.0,0.0,0.12633004824111252,0.0,0.0,0.8,0.0
0.3,0.02950327776137985,0.0,0.0,0.1472485184032134,0.0,0.0,0.8,0.0
0.35,0.03790955892754401,0.0,0.0,0.16812562332328312,0.0,0.0,0.8,0.0
0.39999999999999997,0.04735758373951757,0.0,0.0,0.1889604962394711,0.0,0.0,0.8,0.0
0.44999999999999996,0.05784519763126661,0.0,0.0,0.20975227783498085,0.0,0.0,0.8,0.0
0.49999999999999994,0.06937020344965379,0.0,0.0,0.23050011636774365,0.0,0.0,0.8,0.0
0.5499999999999999,0.08193036183952009,0.0,0.0,0.2512031677973258,0.0,0.0,0.8,0.0
0.6,0.09552339163497188,0.0,0.0,0.27186059590903583,0.0,0.0,0.8,0.0
0.65,0.1101469702567318,0.0,0.0,0.29247157243519833,0.0,0.0,0.8,0.0
0.7000000000000001,0.12579873411541,0.0,0.0,0.3130352771735644,0.0,0.0,0.8,0.0
0.7500000000000001,0.14247627902055143,0.0,0.0,0.3335508981028283,0.0,0.0,0.8,0.0
0.8000000000000002,0.16017716059531265,0.0,0.0,0.3540176314952241,0.0,0.0,0.8,0.0
0.8500000000000002,0.17889889469662143,0.0,0.0,0.3744346820261758,0.0,0.0,0.8,0.0
0.9000000000000002,0.1986389578406703,0.0,0.0,0.3948012628809771,0.0,0.0,0.8,0.0
0.9500000000000003,0.2193947876335942,0.0,0.0,0.41511659585847865,0.0,0.0,0.8,0.0
1.0000000000000002,0.24116378320718232,0.0,0.0,0.4353799114717621,0.0,0.0,0.8,0.0
1.0500000000000003,0.26394330565947144,0.0,0.0,0.4555904490457823,0.0,0.0,0.8,0.0
1.1000000000000003,0.28773067850006945,0.0,0.0,0.47574745681196057,0.0,0.0,0.8,0.0
1.1500000000000004,0.31252318810005514,0.0,0.0,0.4958501919997135,0.0,0.0,0.8,0.0
1.2000000000000004,0.3383180841463003,0.0,0.0,0.5158979209249037,0.0,0.0,0.8,0.0
1.2500000000000004,0.36511258010006037,0.0,0.0,0.5358899190752011,0.0,0.0,0.8,0.0
1.3000000000000005,0.39290385365967756,0.0,0.0,0.5558254711923435,0.0,0.0,0.8,0.0
1.3500000000000005,0.42168904722724204,0.0,0.0,0.5757038713512892,0.0,0.0,0.8,0.0
1.4000000000000006,0.45146526837905476,0.0,0.0,0.5955244230362539,0.0,0.0,0.8,0.0
1.4500000000000006,0.4822295903397361,0.0,0.0,0.6152864392136268,0.0,0.0,0.8,0.0
1.5000000000000007,0.5139790524598243,0.0,0.0,0.6349892424017636,0.0,0.0,0.8,0.0
1.5500000000000007,0.5467106606967069,0.0,0.0,0.6546321647376525,0.0,0.0,0.8,0.0
1.6000000000000008,0.5804213880987297,0.0,0.0,0.6742145480404549,0.0,0.0,0.8,0.0
1.6500000000000008,0.6151081752923258,0.0,0.0,0.6937357438719209,0.0,0.0,0.8,0.0
1.7000000000000008,0.6507679309720099,0.0,0.0,0.7131951135936841,0.0,0.0,0.8,0.0
1.7500000000000009,0.6873975323930818,0.0,0.0,0.732592028421438,0.0,0.0,0.8,0.0
1.800000000000001,0.7249938258668819,0.0,0.0,0.7519258694760024,0.0,0.0,0.8,0.0
1.850000000000001,0.7635536272584462,0.0,0.0,0.7711960278312865,0.0,0.0,0.8,0.0
1.900000000000001,0.8030737224864041,0.0,0.0,0.7904019045591577,0.0,0.0,0.8,0.0
1.950000000000001,0.8435508680249654,0.0,0.0,0.8095429107712268,0.0,0.0,0.8,0.0
2.000000000000001,0.8849817914078435,0.0,0.0,0.8286184676575622,0.0,0.0,0.8,0.0
2.0500000000000007,0.9273631917339609,0.0,0.0,0.847628006522347,0.0,0.0,0.8,0.0
2.1000000000000005,0.9706917401747854,0.0,0.0,0.8665709688164923,0.0,0.0,0.8,0.0
2.1500000000000004,1.0149640804831468,0.0,0.0,0.8854468061672249,0.0,0.0,0.8,0.0
2.2,1.0601768295033802,0.0,0.0,0.9042549804046668,0.0,0.0,0.8,0.0
2.25,1.1063265776826514,0.0,0.0,0.9229949635854241,0.0,0.0,0.8,0.0
2.3,1.1534098895833118,0.0,0.0,0.9416662380132081,0.0,0.0,0.8,0.0
2.3499999999999996,1.2014233043961373,0.0,0.0,0.9602682962565086,0.0,0.0,0.8,0.0
2.3999999999999995,1.2503633364543043,0.0,0.0,0.9788006411633416,0.0,0.0,0.8,0.0
2.4499999999999993,1.3002264757479591,0.0,0.0,0.9972627858730987,0.0,0.0,0.8,0.0
2.499999999999999,1.351009188439235,0.0,0.0,1.0156542538255193,0.0,0.0,0.8,0.0
2.549999999999999,1.4027079173775758,0.0,0.0,1.0339745787668153,0.0,0.0,0.8,0.0
2.5999999999999988,1.4553190826152247,0.0,0.0,1.052223304752975,0.0,0.0,0.8,0.0
2.6499999999999986,1.5088390819227384,0.0,0.0,1.0703999861502727,0.0,0.0,0.8,0.0
2.6999999999999984,1.5632642913043893,0.0,0.0,1.0885041876330181,0.0,0.0,0.8,0.0
2.7499999999999982,1.6185910655133178,0.0,0.0,1.106535484178572,0.0,0.0,0.8,0.0
2.799999999999998,1.6748157385663007,0.0,0.0,1.124493461059661,0.0,0.0,0.8,0.0
2.849999999999998,1.731934624258002,0.0,0.0,1.1423777138340272,0.0,0.0,0.8,0.0
2.8999999999999977,1.7899440166745741,0.0,0.0,1.16018784833144,0.0,0.0,0.8,0.0
2.9499999999999975,1.8488401907064798,0.0,0.0,1.1779234806381123,0.0,0.0,0.8,0.0
2.9999999999999973,1.908619402560407,0.0,0.0,1.1955842370785486,0.0,0.0,0.8,0.0
3.049999999999997,1.9692778902701504,0.0,0.0,1.2131697541948672,0.0,0.0,0.8,0.0
3.099999999999997,2.030811874206332,0.0,0.0,1.2306796787236296,0.0,0.0,0.8,0.0
3.149999999999997,2.093217557584843,0.0,0.0,1.2481136675702176,0.0,0.0,0.8,0.0
3.1999999999999966,2.1564911269738825,0.0,0.0,1.2654713877807926,0.0,0.0,0.8,0.0
3.2499999999999964,2.2206287527994766,0.0,0.0,1.282752516511881,0.0,0.0,0.8,0.0
3.2999999999999963,2.2856265898493575,0.0,0.0,1.2999567409976207,0.0,0.0,0.8,0.0
3.349999999999996,2.3514807777750932,0.0,0.0,1.3170837585147124,0.0,0.0,0.8,0.0
3.399999999999996,2.418187441592349,0.0,0.0,1.3341332763451141,0.0,0.0,0.8,0.0
3.4499999999999957,2.485742692179175,0.0,0.0,1.3511050117365218,0.0,0.0,0.8,0.0
3.4999999999999956,2.554142626772209,0.0,0.0,1.3679986918606772,0.0,0.0,0.8,0.0
3.5499999999999954,2.6233833294606863,0.0,0.0,1.3848140537695457,0.0,0.0,0.8,0.0
3.599999999999995,2.6934608716781567,0.0,0.0,1.4015508443494058,0.0,0.0,0.8,0.0
3.649999999999995,2.7643713126918015,0.0,0.0,1.4182088202728949,0.0,0.0,0.8,0.0
3.699999999999995,2.8361107000892543,0.0,0.0,1.4347877479490543,0.0,0.0,0.8,0.0
3.7499999999999947,2.908675070262825,0.0,0.0,1.4512874034714165,0.0,0.0,0.8,0.0
3.7999999999999945,2.982060448891034,0.0,0.0,1.4677075725641797,0.0,0.0,0.8,0.0
3.8499999999999943,3.0562628514173595,0.0,0.0,1.484048050526514,0.0,0.0,0.8,0.0
3.899999999999994,3.131278283526112,0.0,0.0,1.5003086421750433,0.0,0.0,0.8,0.0
3.949999999999994,3.2071027416153393,0.0,0.0,1.516489161784549,0.0,0.0,0.8,0.0
3.999999999999994,3.283732213266686,0.0,0.0,1.532589433026938,0.0,0.0,0.8,0.0
4.049999999999994,3.3611626777121124,0.0,0.0,1.548609288908524,0.0,0.0,0.8,0.0
4.099999999999993,3.4393901062973957,0.0,0.0,1.564548571705662,0.0,0.0,0.8,0.0
4.149999999999993,3.518410462942335,0.0,0.0,1.5804071328987885,0.0,0.0,0.8,0.0
4.199999999999993,3.59821970459758,0.0,0.0,1.5961848331049056,0.0,0.0,0.8,0.0
4.249999999999993,3.678813781698008,0.0,0.0,1.611881542008558,0.0,0.0,0.8,0.0
4.299999999999993,3.7601886386125756,0.0,0.0,1.62749713829135,0.0,0.0,0.8,0.0
4.3499999999999925,3.842340214090578,0.0,0.0,1.643031509560043,0.0,0.0,0.8,0.0
4.399999999999992,3.925264441704242,0.0,0.0,1.6584845522732843,0.0,0.0,0.8,0.0
4.449999999999992,4.008957250287592,0.0,0.0,1.6738561716670075,0.0,0.0,0.8,0.0
4.499999999999992,4.093414564371519,0.0,0.0,1.6891462816785534,0.0,0.0,0.8,0.0
4.549999999999992,4.178632304614997,0.0,0.0,1.7043548048695543,0.0,0.0,0.8,0.0
4.599999999999992,4.264606388232378,0.0,0.0,1.7194816723476272,0.0,0.0,0.8,0.0
4.6499999999999915,4.3513327294167246,0.0,0.0,1.7345268236869211,0.0,0.0,0.8,0.0
4.699999999999991,4.438807239759103,0.0,0.0,1.749490206847561,0.0,0.0,0.8,0.0
4.749999999999991,4.527025828663804,0.0,0.0,1.7643717780940358,0.0,0.0,0.8,0.0
4.799999999999991,4.615984403759433,0.0,0.0,1.7791715019125702,0.0,0.0,0.8,0.0
4.849999999999991,4.7056788713058095,0.0,0.0,1.7938893509275289,0.0,0.0,0.8,0.0
4.899999999999991,4.796105136596654,0.0,0.0,1.8085253058168917,0.0,0.0,0.8,0.0
4.94999999999999,4.887259104357996,0.0,0.0,1.823079355226847,0.0,0.0,0.8,0.0
4.99999999999999,4.9791366791422735,0.0,0.0,1.837551495685542,0.0,0.0,0.8,0.0
5.04999999999999,5.071733765718076,0.0,0.0,1.8519417315160376,0.0,0.0,0.8,0.0
5.09999999999999,5.165046269455501,0.0,0.0,1.8662500747485034,0.0,0.0,0.8,0.0
5.14999999999999,5.259070096707086,0.0,0.0,1.8804765450316998,0.0,0.0,0.8,0.0
5.1999999999999895,5.353801155184276,0.0,0.0,1.8946211695437867,0.0,0.0,0.8,0.0
5.249999999999989,5.449235354329401,0.0,0.0,1.908683982902498,0.0,0.0,0.8,0.0
5.299999999999989,5.545368605683137,0.0,0.0,1.922665027074725,0.0,0.0,0.8,0.0
5.349999999999989,5.6421968232474145,0.0,0.0,1.9365643512855464,0.0,0.0,0.8,0.0
5.399999999999989,5.739715923843752,0.0,0.0,1.9503820119267459,0.0,0.0,0.8,0.0
5.449999999999989,5.837921827466995,0.0,0.0,1.9641180724648555,0.0,0.0,0.8,0.0
5.4999999999999885,5.936810457634433,0.0,0.0,1.9777726033487633,0.0,0.0,0.8,0.0
5.549999999999988,6.036377741730279,0.0,0.0,1.9913456819169235,0.0,0.0,0.8,0.0
5.599999999999988,6.136619611345489,0.0,0.0,2.004837392304207,0.0,0.0,0.8,0.0
5.649999999999988,6.237532002612911,0.0,0.0,2.018247825348428,0.0,0.0,0.8,0.0
5.699999999999988,6.33911085653774,0.0,0.0,2.0315770784965843,0.0,0.0,0.8,0.0
5.749999999999988,6.441352119323282,0.0,0.0,2.044825255710847,0.0,0.0,0.8,0.0
5.799999999999987,6.544251742691999,0.0,0.0,2.057992467374335,0.0,0.0,0.8,0.0
5.849999999999987,6.647805684201834,0.0,0.0,2.071078830196707,0.0,0.0,0.8,0.0
5.899999999999987,6.752009907557814,0.0,0.0,2.0840844671196095,0.0,0.0,0.8,0.0
5.949999999999987,6.8568603829189145,0.0,0.0,2.0970095072220087,0.0,0.0,0.8,0.0
5.999999999999987,6.962353087200187,0.0,0.0,2.109854085625446,0.0,0.0,0.8,0.0
6.0499999999999865,7.068484004370149,0.0,0.0,2.1226183433992434,0.0,0.0,0.8,0.0
6.099999999999986,7.175249125743434,0.0,0.0,2.135302427465693,0.0,0.0,0.8,0.0
6.149999999999986,7.282644450268697,0.0,0.0,2.147906490505263,0.0,0.0,0.8,0.0
6.199999999999986,7.39066598481179,0.0,0.0,2.1604306908618516,0.0,0.0,0.8,0.0
6.249999999999986,7.499309744434195,0.0,0.0,2.172875192448113,0.0,0.0,0.8,0.0
6.299999999999986,7.60857175266674,0.0,0.0,2.1852401646508914,0.0,0.0,0.8,0.0
6.349999999999985,7.718448041778579,0.0,0.0,2.19752578223679,0.0,0.0,0.8,0.0
6.399999999999985,7.8289346530414745,0.0,0.0,2.2097322252579006,0.0,0.0,0.8,0.0
6.449999999999985,7.9400276369893605,0.0,0.0,2.221859678957723,0.0,0.0,0.8,0.0
6.499999999999985,8.051723053673225,0.0,0.0,2.2339083336773045,0.0,0.0,0.8,0.0
6.549999999999985,8.164016972911305,0.0,0.0,2.2458783847616184,0.0,0.0,0.8,0.0
6.5999999999999845,8.276905474534615,0.0,0.0,2.257770032466214,0.0,0.0,0.8,0.0
6.649999999999984,8.390384648627823,0.0,0.0,2.2695834818641605,0.0,0.0,0.8,0.0
6.699999999999984,8.504450595765489,0.0,0.0,2.281318942753308,0.0,0.0,0.8,0.0
6.749999999999984,8.619099427243682,0.0,0.0,2.2929766295638907,0.0,0.0,0.8,0.0
6.799999999999984,8.734327265307007,0.0,0.0,2.3045567612664963,0.0,0.0,0.8,0.0
6.849999999999984,8.850130243371028,0.0,0.0,2.316059561280423,0.0,0.0,0.8,0.0
6.8999999999999835,8.96650450624015,0.0,0.0,2.3274852573824467,0.0,0.0,0.8,0.0
6.949999999999983,9.083446210320952,0.0,0.0,2.3388340816160165,0.0,0.0,0.8,0.0
6.999999999999983,9.200951523830998,0.0,0.0,2.350106270200907,0.0,0.0,0.8,0.0
7.049999999999983,9.319016627003165,0.0,0.0,2.3613020634433375,0.0,0.0,0.8,0.0
7.099999999999983,9.437637712285495,0.0,0.0,2.3724217056465857,0.0,0.0,0.8,0.0
7.149999999999983,9.5568109845366,0.0,0.0,2.3834654450221104,0.0,0.0,0.8,0.0
7.199999999999982,9.67653266121666,0.0,0.0,2.3944335336012035,0.0,0.0,0.8,0.0
7.249999999999982,9.796798972574019,0.0,0.0,2.405326227147187,0.0,0.0,0.8,0.0
7.299999999999982,9.917606161827427,0.0,0.0,2.416143785068174,0.0,0.0,0.8,0.0
7.349999999999982,10.038950485343948,0.0,0.0,2.4268864703304107,0.0,0.0,0.8,0.0
7.399999999999982,10.160828212812559,0.0,0.0,2.4375545493722117,0.0,0.0,0.8,0.0
7.4499999999999815,10.283235627413484,0.0,0.0,2.4481482920185083,0.0,0.0,0.8,0.0
7.499999999999981,10.406169025983285,0.0,0.0,2.458667971396022,0.0,0.0,0.8,0.0
7.549999999999981,10.52962471917574,0.0,0.0,2.4691138638490777,0.0,0.0,0.8,0.0
7.599999999999981,10.653599031618542,0.0,0.0,2.4794862488560723,0.0,0.0,0.8,0.0
7.649999999999981,10.778088302065873,0.0,0.0,2.4897854089466067,0.0,0.0,0.8,0.0
7.699999999999981,10.903088883546838,0.0,0.0,2.5000116296193022,0.0,0.0,0.8,0.0
7.7499999999999805,11.028597143509852,0.0,0.0,2.510165199260303,0.0,0.0,0.8,0.0
7.79999999999998,11.154609463962977,0.0,0.0,2.520246409062486,0.0,0.0,0.8,0.0
7.84999999999998,11.281122241610246,0.0,0.0,2.53025555294538,0.0,0.0,0.8,0.0
7.89999999999998,11.408131887984037,0.0,0.0,2.5401929274758155,0.0,0.0,0.8,0.0
7.94999999999998,11.535634829573503,0.0,0.0,2.5500588317893014,0.0,0.0,0.8,0.0
7.99999999999998,11.66362750794911,0.0,0.0,2.559853567512151,0.0,0.0,0.8,0.0
8.04999999999998,11.792106379883329,0.0,0.0,2.5695774386843575,0.0,0.0,0.8,0.0
8.09999999999998,11.921067917467491,0.0,0.0,2.5792307516832316,0.0,0.0,0.8,0.0
8.14999999999998,12.050508608224881,0.0,0.0,2.588813815147808,0.0,0.0,0.8,0.0
8.199999999999982,12.180424955220083,0.0,0.0,2.5983269399040285,0.0,0.0,0.8,0.0
8.249999999999982,12.310813477164618,0.0,0.0,2.6077704388907077,0.0,0.0,0.8,0.0
8.299999999999983,12.441670708518933,0.0,0.0,2.6171446270862897,0.0,0.0,0.8,0.0
8.349999999999984,12.572993199590753,0.0,0.0,2.6264498214363994,0.0,0.0,0.8,0.0
8.399999999999984,12.704777516629862,0.0,0.0,2.6356863407821978,0.0,0.0,0.8,0.0
8.449999999999985,12.83702024191934,0.0,0.0,2.6448545057895427,0.0,0.0,0.8,0.0
8.499999999999986,12.969717973863288,0.0,0.0,2.653954638878961,0.0,0.0,0.8,0.0
8.549999999999986,13.10286732707111,0.0,0.0,2.6629870641564386,0.0,0.0,0.8,0.0
8.599999999999987,13.236464932438361,0.0,0.0,2.671952107345029,0.0,0.0,0.8,0.0
8.649999999999988,13.370507437224225,0.0,0.0,2.6808500957172856,0.0,0.0,0.8,0.0
8.699999999999989,13.50499150512565,0.0,0.0,2.6896813580285226,0.0,0.0,0.8,0.0
8.74999999999999,13.639913816348196,0.0,0.0,2.698446224450904,0.0,0.0,0.8,0.0
8.79999999999999,13.775271067673614,0.0,0.0,2.707145026508365,0.0,0.0,0.8,0.0
8.84999999999999,13.911059972524233,0.0,0.0,2.7157780970123677,0.0,0.0,0.8,0.0
8.899999999999991,14.047277261024158,0.0,0.0,2.7243457699984925,0.0,0.0,0.8,0.0
8.949999999999992,14.183919680057352,0.0,0.0,2.7328483806638673,0.0,0.0,0.8,0.0
8.999999999999993,14.320983993322624,0.0,0.0,2.7412862653054337,0.0,0.0,0.8,0.0
9.049999999999994,14.458466981385577,0.0,0.0,2.7496597612590543,0.0,0.0,0.8,0.0
9.099999999999994,14.59636544172755,0.0,0.0,2.7579692068394555,0.0,0.0,0.8,0.0
9.149999999999995,14.7346761887916,0.0,0.0,2.7662149412810124,0.0,0.0,0.8,0.0
9.199999999999996,14.873396054025568,0.0,0.0,2.774397304679373,0.0,0.0,0.8,0.0
9.249999999999996,15.012521885922263,0.0,0.0,2.7825166379339175,0.0,0.0,0.8,0.0
9.299999999999997,15.152050550056815,0.0,0.0,2.7905732826910583,0.0,0.0,0.8,0.0
9.349999999999998,15.291978929121234,0.0,0.0,2.798567581288375,0.0,0.0,0.8,0.0
9.399999999999999,15.432303922956212,0.0,0.0,2.806499876699583,0.0,0.0,0.8,0.0
9.45,15.573022448580229,0.0,0.0,2.8143705124803358,0.0,0.0,0.8,0.0
9.5,15.714131440215972,0.0,0.0,2.822179832714861,0.0,0.0,0.8,0.0
9.55,15.855627849314143,0.0,0.0,2.82992818196342,0.0,0.0,0.8,0.0
9.600000000000001,15.997508644574673,0.0,0.0,2.8376159052106,0.0,0.0,0.8,0.0
9.650000000000002,16.139770811965395,0.0,0.0,2.8452433478144212,0.0,0.0,0.8,0.0
9.700000000000003,16.28241135473821,0.0,0.0,2.852810855456275,0.0,0.0,0.8,0.0
9.750000000000004,16.42542729344279,0.0,0.0,2.860318774091671,0.0,0.0,0.8,0.0
9.800000000000004,16.56881566593788,0.0,0.0,2.8677674499018027,0.0,0.0,0.8,0.0
9.850000000000005,16.712573527400174,0.0,0.0,2.8751572292459198,0.0,0.0,0.8,0.0
9.900000000000006,16.8566979503309,0.0,0.0,2.882488458614512,0.0,0.0,0.8,0.0
9.950000000000006,17.001186024560067,0.0,0.0,2.889761484583291,0.0,0.0,0.8,0.0
10.000000000000007,17.14594993932446,0.0002345656846276907,1.7881566507832802e-05,2.8952783787130496,0.004639541580410673,0.00035763133015665605,0.8,35.0
10.050000000000008,17.290987180168155,0.0007021405775986507,5.330887087764445e-05,2.900745311269991,0.009196862415313003,0.000708546087396233,0.8,35.0
10.100000000000009,17.436295252479358,0.0014011989489256093,0.00010595239071927785,2.9061629112500014,0.013673252595595983,0.0010528703968326679,0.8,35.0
10.15000000000001,17.58187168127308,0.0023302452666457453,0.0001754887961260274,2.911531791786579,0.01806998542624646,0.001390728108134991,0.8,35.0
10.20000000000001,17.727714010978488,0.0034878136567824108,0.0002616008377982459,2.9168525507181613,0.022388317506506956,0.0017222408334443698,0.8,35.0
10.25000000000001,17.87381980523082,0.004872467371429073,0.00036397723703617116,2.9221257711349935,0.02662948881589696,0.002047527984758505,0.8,35.0
10.300000000000011,18.020186646667643,0.006482798264846902,0.00048231257757556185,2.927352021906225,0.030794722805758165,0.0023667068107878137,0.8,35.0
10.350000000000012,18.16681213672937,0.008317426277470761,0.0006163071992399562,2.932531858187894,0.03488522649599771,0.0026798924332878875,0.8,35.0
10.400000000000013,18.313693895463903,0.010374998927721422,0.0007656670933835951,2.9376658219124505,0.0389021905767167,0.0029871978828727762,0.8,35.0
10.450000000000014,18.460829561335217,0.012654190811524626,0.0009301038000992798,2.942754442260435,0.042846789514424076,0.003288734134313695,0.8,35.0
10.500000000000014,18.608216791035808,0.015153703109440189,0.0011093343071656699,2.947798236114922,0.0467201816625479,0.0035846101413278004,0.8,35.0
10.550000000000015,18.755853259302857,0.01787226310130673,0.0013030809507087566,2.952797708499319,0.05052350937596817,0.0038749328708617328,0.8,35.0
10.600000000000016,18.90373665873799,0.02080862368830974,0.0015110713175524894,2.957753352999082,0.05425789912930641,0.004159807336874656,0.8,35.0
10.650000000000016,19.051864699630542,0.023961562922382704,0.0017330381492337678,2.9626656521679027,0.05792446163871832,0.00443933663362557,0.8,35.0
10.700000000000017,19.200235109784174,0.027329883542852797,0.0019687192476572526,2.967535077918904,0.06152429198694613,0.004713621968469696,0.8,35.0
10.750000000000018,19.34884563434678,0.030912412520244383,0.0022178573823656922,2.9723620919013545,0.06505846975139769,0.0049827626941687944,0.8,35.0
10.800000000000018,19.497694035643548,0.034708000607154975,0.002480200199401705,2.9771471458634085,0.06852805913502874,0.0052468563407202535,0.8,35.0
10.85000000000002,19.64677809301309,0.03871552189611981,0.002755500131737199,2.9818906820013544,0.07193410909981451,0.005505998646709878,0.8,35.0
10.90000000000002,19.79609560264655,0.04293387338438245,0.0030435143112468623,2.986593133295842,0.07527765350260567,0.005760283590193266,0.8,35.0
10.95000000000002,19.94564437742958,0.04736197454548985,0.003344004482202399,2.991254923835542,0.07855971123317222,0.006009803419110732,0.8,35.0
11.000000000000021,20.095422246787113,0.05199876690763176,0.0036567369162644353,2.9958764691286808,0.08178128635424782,0.006254648681240723,0.8,35.0
11.050000000000022,20.24542705653083,0.05684321363864487,0.00398148232894927,3.0004581764028733,0.08494336824339435,0.006494908253696695,0.8,35.0
11.100000000000023,20.395656668709258,0.061894299137603304,0.004318015797547893,3.0050004448936694,0.08804693173651507,0.006730669371972444,0.8,35.0
11.150000000000023,20.54610896146039,0.06715102863291797,0.0046661166804749365,3.009503666122212,0.0910929372728516,0.006962017658540868,0.8,35.0
11.200000000000024,20.696781828866797,0.07261242778686772,0.005025568538025495,3.013968224162392,0.09408233104130767,0.00718903715101117,0.8,35.0
11.250000000000025,20.84767318081308,0.07827754230648633,0.00539615905451797,3.0183944958978746,0.09701604512794894,0.007411810329849505,0.8,35.0
11.300000000000026,20.99878094284568,0.08414543756072981,0.005777679961801374,3.0227828512693584,0.09989499766453556,0.007630418145668063,0.8,35.0
11.350000000000026,21.150103056034922,0.0902151982038492,0.0061699269641057545,3.0271336535124176,0.10272009297795011,0.007844940046087613,0.8,35.0
11.400000000000027,21.30163747683921,0.09648592780489451,0.006572699664214679,3.0314472593862622,0.10549222174038975,0.0080554540021785,0.8,35.0
11.450000000000028,21.453382176971374,0.10295674848327625,0.006985801490938934,3.035724019393749,0.10821226112019776,0.008262036534485092,0.8,35.0
11.500000000000028,21.60533514326704,0.10962680055031127,0.007409039627870868,3.0399642779929508,0.11088107493321497,0.008464762738638677,0.8,35.0
11.55000000000003,21.757494377555002,0.11649524215668007,0.007842224943399059,3.044168373800599,0.11349951379453738,0.00866370631056379,0.8,35.0
11.60000000000003,21.909857896529513,0.12356124894572368,0.008285171921963206,3.0483366397876877,0.11606841527057145,0.008858939571282943,0.8,35.0
11.65000000000003,22.062423731624467,0.13082401371250782,0.008737698596529443,3.052469403467527,0.11858860403128384,0.009050533491324722,0.8,35.0
11.700000000000031,22.215189928889394,0.13828274606858346,0.009199626482266453,3.056566987076523,0.12106089200254695,0.009238557714740197,0.8,35.0
11.750000000000032,22.368154548867214,0.14593667211237243,0.009670780511403082,3.060629707747949,0.12348607851848696,0.009423080582732576,0.8,35.0
11.800000000000033,22.521315666473722,0.15378503410510785,0.010150988969248332,3.064657877678966,0.1258649504737449,0.00960416915690502,0.8,35.0
11.850000000000033,22.67467137087873,0.16182709015225888,0.010640083431354908,3.068651804291139,0.12819828247556636,0.009781889242131506,0.8,35.0
11.900000000000034,22.828219765388845,0.17006211389037035,0.01113789870180769,3.0726117903846983,0.13048683699563918,0.009956305409055632,0.8,35.0
11.950000000000035,22.98195896733179,0.17848939417924767,0.0116442727526188,3.076538134286763,0.13273136452160283,0.01012748101622219,0.8,35.0
12.000000000000036,23.1358871079423,0.1871082347994181,0.012159046664211116,3.080431129993765,0.13493260370815688,0.01029547823184635,0.8,35.0
12.050000000000036,23.290002332249475,0.1959179541547998,0.01268206456697238,3.0842910673082837,0.13709128152770003,0.010460358055225275,0.8,35.0
12.100000000000037,23.444302798965584,0.20491788498051022,0.013213173583862226,3.0881182319704976,0.13920811342043435,0.010622180337796907,0.8,35.0
12.150000000000038,23.59878668037629,0.21410737405574634,0.013752223774054762,3.091912905784461,0.14128380344387334,0.010781003803850709,0.8,35.0
12.200000000000038,23.75345216223222,0.22348578192166882,0.014299068077599515,3.0956753667393966,0.14331904442169532,0.01093688607089507,0.8,35.0
12.250000000000039,23.908297443641914,0.2330524826042234,0.014853562261083818,3.0994058891261917,0.1453145180918873,0.011089883669686067,0.8,35.0
12.30000000000004,24.063320736966,0.24280686334183268,0.01541556486427993,3.1031047436492836,0.14727089525412715,0.011240052063922246,0.8,35.0
12.35000000000004,24.21852026771269,0.2527483243178919,0.015984937147760434,3.1067721975341023,0.14918883591635518,0.011387445669610054,0.8,35.0
12.400000000000041,24.373894274434498,0.2628762783980029,0.01656154304146566,3.1104085146302474,0.15106898944048905,0.011532117874104509,0.8,35.0
12.450000000000042,24.52944100862611,0.27319015087188103,0.017145249094207143,3.114013955510555,0.15291199468723848,0.011674121054829689,0.8,35.0
12.500000000000043,24.685158734623478,0.28368937919986936,0.01773592442409132,3.1175887775662177,0.15471848015997897,0.011813506597683553,0.8,35.0
12.550000000000043,24.841045729504,0.2943734127639963,0.018333440669847902,3.121133235098105,0.15648906414764638,0.0119503249151316,0.8,35.0
12.600000000000044,24.99710028298784,0.3052417126235118,0.01893767194304759,3.1246475794044337,0.15822435486661665,0.012084625463993803,0.8,35.0
12.650000000000045,25.153320697340313,0.3162937512748385,0.019548494781194053,3.1281320588649275,0.15992495060153686,0.012216456762929262,0.8,35.0
12.700000000000045,25.309705287275314,0.327529012415875,0.0201657881016752,3.1315869190216015,0.16159143984507662,0.012345866409622944,0.8,35.0
12.750000000000046,25.466252379859792,0.33894699071458756,0.020789433156559144,3.135012402656305,0.16322440143657072,0.012472901097678861,0.8,35.0
12.800000000000047,25.622960314419203,0.3505471915818285,0.02141931348822034,3.1384087498651456,0.1648244046995258,0.01259760663322399,0.8,35.0
12.850000000000048,25.77982744244395,0.36232913094831914,0.0220553148857817,3.141776198129922,0.16639200957796624,0.012720027951227193,0.8,35.0
12.900000000000048,25.936852127496774,0.3742923350457354,0.02269732534235857,3.1451149823866755,0.16792776677159565,0.012840209131537383,0.8,35.0
12.950000000000049,26.094032745121076,0.3864363401918361,0.023345235013090826,3.148425335091482,0.16943221786975327,0.012958193414645103,0.8,35.0
13.00000000000005,26.25136768275014,0.39876069257957225,0.02399893617394941,3.151707486283585,0.17090589548414495,0.013074023217171668,0.8,35.0
13.05000000000005,26.408855339617244,0.4112649480701184,0.02465832318130391,3.1549616636459814,0.1723493233803313,0.013187740147089995,0.8,35.0
13.100000000000051,26.566494126666647,0.4239486719897657,0.025323292432237965,3.1581880925635595,0.1737630166079563,0.013299385018681142,0.8,35.0
13.150000000000052,26.724282466465414,0.4368114389306185,0.025993742325599496,3.1613869961788845,0.17514748162970167,0.013408997867230626,0.8,35.0
13.200000000000053,26.882218793116056,0.4498528325550354,0.02666957322377292,3.1645585954457287,0.17650321644895378,0.013516617963468461,0.8,35.0
13.250000000000053,27.04030155217001,0.4630724454037569,0.027350687415160762,3.1677031091804357,0.17783071073617085,0.013622283827756867,0.8,35.0
13.300000000000054,27.19852920054188,0.4764698787076632,0.02803698907736224,3.170820754111204,0.17913044595393993,0.013726033244029559,0.8,35.0
13.350000000000055,27.35690020642447,0.49004474220310357,0.02872838424103656,3.1739117449253795,0.18040289548071445,0.013827903273486434,0.8,35.0
13.400000000000055,27.51541304920456,0.5037966539507425,0.029424780754438936,3.1769762943148296,0.18164852473322396,0.013927930268047499,0.8,35.0
13.450000000000056,27.674066219379444,0.5177252401578664,0.030126088248617424,3.1800146130194844,0.1828677912875493,0.01402614988356979,0.8,35.0
13.500000000000057,27.832858218474172,0.531830135004095,0.030832218103258972,3.1830269098691155,0.18406114499885726,0.014122597092830995,0.8,35.0
13.550000000000058,27.99178755895952,0.5461109804704444,0.03154308341317315,3.1860133918234252,0.18522902811979006,0.014217306198283484,0.8,35.0
13.600000000000058,28.150852764170644,0.5605674261716851,0.032258598955402264,3.1889742640105183,0.18637187541750566,0.014310310844582366,0.8,35.0
13.650000000000059,28.310052368226433,0.5751991291919445,0.03297868115694682,3.1919097297638177,0.18749011428936646,0.014401644030891166,0.8,35.0
13.70000000000006,28.46938491594951,0.5900057539234987,0.033703248063095256,3.1948199906574946,0.1885841648772741,0.014491338122968683,0.8,35.0
13.75000000000006,28.628848962786915,0.6049869719087023,0.03443221930634728,3.1977052465404703,0.18965444018064995,0.014579424865040526,0.8,35.0
13.800000000000061,28.788443074731404,0.6201424616850034,0.03516551607592022,3.200565695569052,0.1907013461680604,0.01466593539145879,0.8,35.0
13.850000000000062,28.948165828243408,0.6354719086329942,0.03590306108782789,3.2034015342382562,0.19172528188748833,0.014750900238153305,0.8,35.0
13.900000000000063,29.10801581017359,0.6509750048274449,0.036644778555521784,3.206212957411881,0.19272663957525174,0.01483434935387782,0.8,35.0
13.950000000000063,29.267991617686036,0.666651448891272,0.037390594161084506,3.209000158351372,0.19370580476357177,0.014916312111254465,0.8,35.0
14.000000000000064,29.428091858182015,0.6825009458523907,0.03814043502696549,3.2117633287435408,0.19466315638679302,0.014996817317619792,0.8,35.0
14.050000000000065,29.588315149224346,0.698523207003403,0.03889422968824927,3.214502658727178,0.1955990668862595,0.015075893225675617,0.8,35.0
14.100000000000065,29.748660118462347,0.714717949764073,0.03965190806544667,3.2172183369186147,0.19651390231385044,0.015153567543947892,0.8,35.0
14.150000000000066,29.909125403557336,0.731084897546542,0.04041340143779951,3.219910550436269,0.1974080224341806,0.015229867447056775,0.8,35.0
14.200000000000067,30.069709652108706,0.747623779623236,0.04117864241708956,3.222579484924232,0.19828178082547016,0.015304819585801,0.8,35.0
14.250000000000068,30.230411521580535,0.7643343309974185,0.04194756492194254,3.2252253245749225,0.19913552497909023,0.01537845009705964,0.8,35.0
14.300000000000068,30.391229679228758,0.7812162922763441,0.04272010415261826,3.227848252150862,0.19996959639778994,0.0154507846135143,0.8,35.0
14.350000000000069,30.552162802028853,0.7982694095469662,0.043496196566278,3.2304484490055994,0.20078433069261198,0.01552184827319474,0.8,35.0
14.40000000000007,30.713209576604054,0.8154934342541543,0.04427577985272054,3.2330260951038303,0.20158005767850382,0.015591665728850877,0.8,35.0
14.45000000000007,30.874368699154097,0.8328881230813774,0.045058792910578245,3.23558136904074,0.20235710146863195,0.01566026115715408,0.8,35.0
14.500000000000071,31.035638875384453,0.8504532378338089,0.04584517582396478,3.238114448060606,0.20311578056740734,0.015727658267730652,0.8,35.0
14.550000000000072,31.197018820436075,0.8681885453238108,0.046634869839566294,3.240625508074696,0.20385640796223037,0.0157938803120303,0.8,35.0
14.600000000000072,31.35850725881564,0.8860938172587547,0.047427817344167914,3.2431147236784903,0.20457929121396373,0.015858950092032417,0.8,35.0
14.650000000000073,31.520102924326274,0.9041688301311364,0.048223961842607556,3.2455822681682553,0.20528473254614277,0.015922889968792896,0.8,35.0
14.700000000000074,31.681804559998767,0.9224133651109448,0.04902324793614927,3.2480283135570054,0.20597302893293198,0.01598572187083425,0.8,35.0
14.750000000000075,31.843610918023252,0.9408272079402438,0.04982562130126835,3.2504530305898736,0.20664447218583767,0.016047467302381633,0.8,35.0
14.800000000000075,32.00552075968135,0.959410148829925,0.05063102866884073,3.25285658875892,0.20729934903918656,0.016108147351447465,0.8,35.0
14.850000000000076,32.167532855278814,0.9781619823585955,0.05143941780372909,3.2552391563174057,0.20793794123438022,0.016167782697767228,0.8,35.0
14.900000000000077,32.32964598407855,0.9970825073735582,0.052250737484758544,3.257600900293553,0.20856052560293595,0.01622639362058899,0.8,35.0
14.950000000000077,32.49185893423421,1.016171526893848,0.0530649374850745,3.259941986503819,0.20916737414832434,0.016284000006319185,0.8,35.0
15.000000000000078,32.654170502724085,1.035428848015286,0.05388196855287586,3.2622625795657023,0.20975875412661463,0.01634062135602716,0.8,35.0
15.050000000000079,32.81657949528559,1.0548542818175133,0.0547017823925164,3.2645628429101046,0.21033492812593818,0.016396276792810867,0.8,35.0
15.10000000000008,32.97908472635006,1.0744476432729688,0.055524331645967706,3.2668429387932725,0.2108961541447818,0.016450985069026196,0.8,35.0
15.15000000000008,33.14168501897805,1.094208751157775,0.056349569874636816,3.269103028308331,0.2114426856691217,0.016504764573382236,0.8,35.0
15.200000000000081,33.30437920479505,1.1141374279644933,0.05717745154153206,3.2713432713964363,0.2119747717484094,0.016557633337904887,0.8,35.0
15.250000000000082,33.46716612392757,1.1342334998167187,0.05800793199377061,3.2735638268575604,0.21249265707042142,0.016609609044771042,0.8,35.0
15.300000000000082,33.630044624939735,1.1544967963854742,0.058840967445421395,3.2757648523609264,0.21299658203498398,0.016660709033015683,0.8,35.0
15.350000000000083,33.79301356477023,1.1749271508073738,0.0596765149606771,3.2779465044551137,0.2134867828265846,0.016710950305114047,0.8,35.0
15.400000000000084,33.95607180866963,1.1955243996045202,0.06051453243734916,3.2801089385778437,0.21396349148588215,0.01676034953344113,0.8,35.0
15.450000000000085,34.11921823013822,1.216288382606103,0.06135497859067969,3.282252309065469,0.2144269359801275,0.016808923066610616,0.8,35.0
15.500000000000085,34.282451710864166,1.2372189428716671,0.062197812937464465,3.2843767691621717,0.21487734027250632,0.01685668693569546,0.8,35.0
15.550000000000086,34.445771140662046,1.258315926616016,0.06304299578048107,3.2864824710288927,0.21531492439041633,0.016903656860332093,0.8,35.0
15.600000000000087,34.60917541741186,1.279579183135722,0.06389048819321659,3.288569565752002,0.2157399044926906,0.01694984825471042,0.8,35.0
15.650000000000087,34.772663446998365,1.3010085647372107,0.06474025200488917,3.2906382033517207,0.21615249293577937,0.01699527623345159,0.8,35.0
15.700000000000088,34.936234143250836,1.3226039266663892,0.06559224978575795,3.292688532790312,0.21655289833890215,0.017039955617375552,0.8,35.0
15.750000000000089,35.09988642788317,1.3443651270397872,0.06644644483271596,3.294720701980048,0.2169413256481822,0.017083900939160315,0.8,35.0
15.80000000000009,35.26361923043443,1.3662920267771854,0.0673028011551607,3.2967348577909688,0.2173179761997757,0.01712712644889493,0.8,35.0
15.85000000000009,35.427431488209706,1.3883844895356965,0.0681612834611371,3.298731146058436,0.21768304778200734,0.01716964611952803,0.8,35.0
15.900000000000091,35.59132214622139,1.410642381645275,0.0690218571437478,3.3007097115905037,0.21803673469652482,0.017211473652213805,0.8,35.0
15.950000000000092,35.755290157130794,1.4330655720456251,0.06988448826782566,3.3026706981751026,0.21837922781848398,0.017252622481557286,0.8,35.0
16.000000000000092,35.91933448119019,1.4556539322244815,0.0707491435568637,3.3046142485870575,0.21871071465577685,0.017293105780760726,0.8,35.0
16.050000000000093,36.08345408618516,1.4784073361572319,0.07161579038019733,3.3065405045949414,0.21903137940731446,0.017332936466672853,0.8,35.0
16.100000000000094,36.24764794737731,1.5013256602478602,0.07248439674043447,3.3084496069677765,0.21934140302037672,0.017372127204742772,0.8,35.0
16.150000000000095,36.41191504744741,1.5244087832711788,0.07335493126112848,3.3103416954815894,0.2196409632470409,0.017410690413880204,0.8,35.0
16.200000000000095,36.57625437643882,1.5476565863163283,0.07422736317468967,3.31221690892583,0.21993023469970105,0.0174486382712238,0.8,35.0
16.250000000000096,36.74066493170131,1.5710689527315163,0.07510166231053063,3.3140753851096583,0.22020938890568983,0.01748598271681915,0.8,35.0
16.300000000000097,36.90514571783523,1.594645768069973,0.07597779908344103,3.3159172608681104,0.2204785943610151,0.017522735458208174,0.8,35.0
16.350000000000097,37.06969574663602,1.6183869200370973,0.0768557444821876,3.317742672068145,0.22073801658322248,0.017558907974931457,0.8,35.0
16.400000000000098,37.23431403703909,1.64229229843877,0.07773547005833485,3.3195517536145833,0.2209878181633959,0.01759451152294516,0.8,35.0
16.4500000000001,37.398999615065016,1.666361795130811,0.07861694791528255,3.321344639455941,0.22122815881730792,0.01762955713895402,0.8,35.0
16.5000000000001,37.56375151376512,1.690595303969556,0.07950015069751565,3.3231214625901644,0.22145919543573092,0.017664055644662013,0.8,35.0
16.5500000000001,37.72856877316736,1.7149927207635327,0.08038505158006276,3.3248823550702746,0.2216810821339212,0.017698017650942154,0.8,35.0
16.6000000000001,37.89345044022259,1.7395539432262097,0.0812716242581591,3.3266274480099214,0.22189397030028712,0.01773145356192693,0.8,35.0
16.6500000000001,38.058395568751116,1.764278870929801,0.08215984293711015,3.3283568715888547,0.2220980086442526,0.017764373579020817,0.8,35.0
16.700000000000102,38.22340321938966,1.789167405260101,0.08304968232235196,3.3300707550583213,0.2222933432433276,0.01779678770483632,0.8,35.0
16.750000000000103,38.388472459538576,1.8142194493723303,0.08394111760970471,3.3317692267463848,0.22248011758939626,0.017828705747054904,0.8,35.0
16.800000000000104,38.553602363309466,1.8394349081479713,0.08483412447581543,3.3334524140631765,0.22265847263423427,0.017860137322214278,0.8,35.0
16.850000000000104,38.718792011473084,1.8648136881525739,0.08572867906878659,3.3351204435060837,0.2228285468342663,0.01789109185942329,0.8,35.0
16.900000000000105,38.8840404914076,1.890355697594509,0.08662475799898688,3.3367734406648744,0.22299047619457438,0.017921578604005856,0.8,35.0
16.950000000000106,39.04934689704719,1.9160608462846533,0.08752233833004064,3.3384115302267636,0.22314439431216798,0.017951606621075162,0.8,35.0
17.000000000000107,39.2147103288309,1.9419290455969829,0.08842139756999261,3.3400348359814287,0.22329043241852703,0.0179811847990395,0.8,35.0
17.050000000000107,39.38012989365193,1.9679602084300591,0.08932191366264465,3.3416434808259696,0.2234287194214278,0.018010321853040932,0.8,35.0
17.100000000000108,39.545604704807175,1.9941542491693875,0.09022386497906106,3.3432375867698236,0.22355938194606273,0.018039026328328094,0.8,35.0
17.15000000000011,39.71113388194707,2.02051108365063,0.09112723030923928,3.344817274939635,0.22368254437546445,0.0180673066035643,0.8,35.0
17.20000000000011,39.87671655102582,2.047030629123655,0.09203198885394288,3.346382665584081,0.2237983288902444,0.018095170894072216,0.8,35.0
17.25000000000011,40.04235184425191,2.073712804217405,0.09293812021669369,3.347933878078659,0.22390685550765632,0.01812262725501621,0.8,35.0
17.30000000000011,40.208038900038915,2.1005575289055685,0.09384560439591987,3.349471030930436,0.22400824211999457,0.018149683584523596,0.8,35.0
17.35000000000011,40.373776862956674,2.127564724473032,0.09475442177725717,3.350994241782763,0.2241026045323376,0.0181763476267459,0.8,35.0
17.400000000000112,40.53956488368274,2.1547343134831047,0.09566455312600022,3.3525036274199587,0.22419005649964635,0.01820262697486124,0.8,35.0
17.450000000000113,40.705402118954154,2.182066219745494,0.09657597957970117,3.3539993037719578,0.2242707097632274,0.01822852907401894,0.8,35.0
17.500000000000114,40.871287731519516,2.209560368285015,0.09748868264091254,3.355481385918936,0.22434467408657074,0.018254061224227482,0.8,35.0
17.550000000000114,41.037220890091405,2.2372166853110222,0.09840264417007188,3.3569499880959035,0.22441205729057148,0.0182792305831868,0.8,35.0
17.600000000000115,41.20320076929906,2.2650350981875436,0.09931784637852518,3.3584052236972752,0.22447296528814542,0.01830404416906602,0.8,35.0
17.650000000000116,41.3692265496414,2.293015535404108,0.10023427182168657,3.359847205281418,0.2245275021182476,0.018328508863227608,0.8,35.0
17.700000000000117,41.535297417440326,2.3211579265472446,0.10115190339233152,3.3612760445751735,0.22457576997930315,0.018352631412899004,0.8,35.0
17.750000000000117,41.70141256479435,2.3494622022726417,0.10207072431402114,3.362691852478362,0.22461786926205982,0.01837641843379266,0.8,35.0
17.800000000000118,41.867571189532526,2.3779282942779565,0.10299071813465492,3.3640947390682654,0.22465389858187096,0.018399876412675497,0.8,35.0
17.85000000000012,42.03377249516864,2.4065561352762517,0.10391186872014936,3.365484813604094,0.2246839548104183,0.018423011709888717,0.8,35.0
17.90000000000012,42.20001569085576,2.435345658970053,0.1048341602482403,3.366862184531432,0.22470813310688306,0.018445830561818893,0.8,35.0
17.95000000000012,42.36629999134103,2.464296800026013,0.10575757720240636,3.368226959486673,0.22472652694857434,0.018468339083321305,0.8,35.0
18.00000000000012,42.53262461692082,2.4934094940501637,0.10668210436591118,3.369579245301434,0.22473922816102335,0.01849054327009635,0.8,35.0
18.05000000000012,42.69898879339612,2.522683677563751,0.10760772681596217,3.3709191480069594,0.22474632694755217,0.018512449001019976,0.8,35.0
18.100000000000122,42.86539175202824,2.5521192879796337,0.10853442991798362,3.3722467728385097,0.22474791191832524,0.018534062040428987,0.8,35.0
18.150000000000123,43.03183272949483,2.5817162635792377,0.10946219932000173,3.373562224239739,0.22474407011889203,0.01855538804036205,0.8,35.0
18.200000000000124,43.19831096784616,2.611474543490051,0.1103910209471396,3.374865605867058,0.22473488705822922,0.018576432542757294,0.8,35.0
18.250000000000124,43.36482571446172,2.6413940676636494,0.11132088099621996,3.37615702059399,0.2247204467362903,0.018597200981607276,0.8,35.0
18.300000000000125,43.531376222007076,2.6714747768542395,0.11225176593047358,3.3774365705155116,0.22470083167107072,0.018617698685072143,0.8,35.0
18.350000000000126,43.69796174839103,2.701716612597711,0.11318366247435116,3.3787043569523862,0.2246761229251964,0.01863793087755179,0.8,35.0
18.400000000000126,43.864581556723095,2.7321195171911805,0.11411655760843704,3.3799604804554875,0.2246464001320436,0.01865790268171778,0.8,35.0
18.450000000000127,44.0312349152712,2.7626834336730237,0.11505043856446233,3.381205040810112,0.22461174152139746,0.018677619120505806,0.8,35.0
18.500000000000128,44.19792109741973,2.793408305803379,0.1159852928204158,3.3824381370402867,0.22457222394465726,0.018697085119069427,0.8,35.0
18.55000000000013,44.364639381627825,2.8242940780451167,0.11692110809575058,3.3836598674130633,0.2245279228995955,0.018716305506695827,0.8,35.0
18.60000000000013,44.53138905138795,2.8553406955452583,0.1178578723466848,3.384870329442808,0.22447891255467842,0.01873528501868433,0.8,35.0
18.65000000000013,44.69816939518477,2.8865481041168417,0.1187955737615942,3.386069619895483,0.22442526577295502,0.01875402829818836,0.8,35.0
18.70000000000013,44.86497970645432,2.9179162502212166,0.11973420075649528,3.3872578347929188,0.22436705413552202,0.01877253989802156,0.8,35.0
18.75000000000013,45.03181928354338,2.9494450809507655,0.12067374197061673,3.388435069417081,0.2243043479645716,0.01879082428242876,0.8,35.0
18.800000000000132,45.19868742966921,2.9811345440120367,0.12161418626205785,3.389601418314328,0.22423721634602906,0.018808885828822425,0.8,35.0
18.850000000000133,45.36558345287951,3.0129845877092825,0.12255552270353211,3.3907569752996647,0.22416572715178706,0.018826728829485308,0.8,35.0
18.900000000000134,45.53250666601271,3.044995160928393,0.1234977405781941,3.3919018334609863,0.2240899470615436,0.018844357493239906,0.8,35.0
18.950000000000134,45.69945638665841,3.0771662131212154,0.12444082937554837,3.393036085163316,0.2240099415842498,0.018861775947085366,0.8,35.0
19.000000000000135,45.86643193711828,3.1094976942902517,0.1253847787874385,3.3941598220530373,0.2239257750791749,0.01887898823780247,0.8,35.0
19.050000000000136,46.033432644367046,3.1419895549737236,0.12632957870411488,3.3952731350621193,0.2238375107765941,0.01889599833352733,0.8,35.0
19.100000000000136,46.200457840013875,3.174641746231001,0.1272752192103796,3.3963761144123326,0.2237452107981062,0.018912810125294333,0.8,35.0
19.150000000000137,46.367506860263966,3.20745421962838,0.12822169058180705,3.3974688496194636,0.22364893617658707,0.018929427428549,0.8,35.0
19.200000000000138,46.53457904588041,3.240426927225209,0.12916898328103862,3.398551429497517,0.2235487468757855,0.0189458539846313,0.8,35.0
19.25000000000014,46.70167374214637,3.273559821560344,0.1301170879541501,3.3996239421629157,0.22344470180956688,0.018962093462229965,0.8,35.0
19.30000000000014,46.86879029882743,3.306852855638942,0.13106599542709052,3.4006864750386905,0.22333685886081145,0.01897814945880843,0.8,35.0
19.35000000000014,47.035928070134304,3.3403059829195687,0.13201569670219065,3.4017391148586658,0.22322527489997254,0.01899402550200286,0.8,35.0
19.40000000000014,47.203086414685764,3.3739191573016223,0.1329661829547403,3.4027819476716368,0.22311000580330093,0.019009725050992896,0.8,35.0
19.45000000000014,47.37026469547182,3.407692333113064,0.13391744552963258,3.4038150588455403,0.22299110647074083,0.01902525149784553,0.8,35.0
19.500000000000142,47.53746227981717,3.4416254650984484,0.13486947593807422,3.404838533071618,0.22286863084350347,0.01904060816883275,0.8,35.0
19.550000000000143,47.704678539344926,3.4757185084072435,0.13582226585436039,3.4058524543685738,0.22274263192132346,0.019055798325723388,0.8,35.0
19.600000000000144,47.87191284994057,3.5099714185824404,0.13677580711271287,3.4068569060867206,0.22261316177940374,0.01907082516704966,0.8,35.0
19.650000000000144,48.03916459171619,3.5443841515494396,0.13773009170418032,3.407851970912124,0.2224802715850544,0.019085691829348928,0.8,35.0
19.700000000000145,48.20643314897494,3.57895666360521,0.13868511177359938,3.408837730870735,0.22234401161403064,0.019100401388381164,0.8,35.0
19.750000000000146,48.373717910175806,3.6136889114077153,0.13964085961661551,3.4098142673325165,0.22220443126657521,0.019114956860322527,0.8,35.0
19.800000000000146,48.54101826789858,3.648580851965598,0.1405973276767623,3.41078166101556,0.22206157908317034,0.01912936120293559,0.8,35.0
19.850000000000147,48.70833361880908,3.6836324426281206,0.14155450854259813,3.4117399919901983,0.22191550276000435,0.01914361731671661,0.8,35.0
19.900000000000148,48.87566336362466,3.7188436410753516,0.14251239494489915,3.412689339683104,0.22176624916415794,0.019157728046020336,0.8,35.0
19.95000000000015,49.04300690707995,3.754214405308595,0.14347097975390727,3.4136297828813857,0.22161386434851493,0.01917169618016273,0.8,35.0
20.00000000000015,49.21036365789283,3.7897446936410546,0.14443025597663237,3.414561399736669,0.22145839356640246,0.019185524454502095,0.8,35.0
20.05000000000015,49.37773302873067,3.8254344646887324,0.14539021675420732,3.4154842677691746,0.2212998812859652,0.019199215551498974,0.8,35.0
20.10000000000015,49.5451144361768,3.8612836773615484,0.1463508553592951,3.416398463871784,0.2211383712042785,0.019212772101755263,0.8,35.0
20.15000000000015,49.71250730069727,3.8972922908546823,0.14731216519354673,3.4173040643140977,0.22097390626120486,0.019226196685032938,0.8,35.0
20.200000000000152,49.879911046607745,3.9334602646401295,0.14827413978510937,3.41820114474648,0.22080652865299832,0.01923949183125277,0.8,35.0
20.250000000000153,50.04732510204079,3.9697875584584663,0.14923677278618303,3.4190897802041005,0.22063627984566136,0.019252660021473446,0.8,35.0
20.300000000000153,50.21474889891325,4.00627413231082,0.1502000579706256,3.41997004511096,0.22046320058805835,0.01926570368885147,0.8,35.0
20.350000000000154,50.382181872893995,4.042919946451039,0.1511639892316047,3.42084201328391,0.22028733092479036,0.01927862521958219,0.8,35.0
20.400000000000155,50.5496234633718,4.079724961378055,0.15212856057929583,3.421705757936659,0.22010871020883507,0.019291426953822362,0.8,35.0
20.450000000000156,50.71707311342355,4.116689137828441,0.15309376613862555,3.422561351683772,0.21992737711395624,0.01930411118659457,0.8,35.0
20.500000000000156,50.8845302697826,4.153812436769149,0.15405960014705924,3.4234088665446536,0.21974336964688682,0.01931668016867388,0.8,35.0
20.550000000000157,51.05199438280743,4.191094819390431,0.1550260569524321,3.424248373947528,0.21955672515928962,0.01932913610745708,0.8,35.0
20.600000000000158,51.2194649064505,4.228536247098936,0.15599313101082285,3.4250799447333997,0.2193674803594996,0.019341481167814815,0.8,35.0
20.65000000000016,51.386941298227356,4.266136681510983,0.1569608168844692,3.425903649160009,0.21917567132405172,0.019353717472926957,0.8,35.0
20.70000000000016,51.55442301918596,4.303896084445996,0.15792910923972428,3.4267195569057716,0.21898133350899798,0.01936584710510159,0.8,35.0
20.75000000000016,51.72190953387624,4.341814417920109,0.15889800284505318,3.427527737073711,0.21878450176101766,0.019377872106577834,0.8,35.0
20.80000000000016,51.88940031031988,4.379891644139924,0.15986749256906882,3.4283282581953745,0.21858521032832434,0.019389794480312923,0.8,35.0
20.85000000000016,52.056894819980336,4.418127725496436,0.16083757337860652,3.4291211882347397,0.2183834928713734,0.019401616190753763,0.8,35.0
20.900000000000162,52.224392537733074,4.456522624559097,0.1618082403368362,3.429906594592108,0.21817938247337354,0.019413339164593334,0.8,35.0
20.950000000000163,52.39189294183603,4.495076304070041,0.1627794886014118,3.4306845441079843,0.21797291165060587,0.019424965291512178,0.8,35.0
21.000000000000163,52.55939551390032,4.533788726938443,0.16375131342265709,3.4314551030669467,0.21776411236255397,0.019436496424905327,0.8,35.0
21.050000000000164,52.72689973886111,4.5726598562350285,0.16472371014178683,3.4322183372015007,0.21755301602184857,0.019447934382594886,0.8,35.0
21.100000000000165,52.894405104948774,4.611689655186715,0.16569667418916326,3.4329743116959217,0.21733965350402973,0.019459280947528607,0.8,35.0
21.150000000000166,53.06191110366026,4.650878087171389,0.16667020108258648,3.4337230911900827,0.21712405515713037,0.0194705378684647,0.8,35.0
21.200000000000166,53.229417229730615,4.690225115712815,0.16764428642561865,3.4344647397832704,0.21690625081108394,0.019481706860643166,0.8,35.0
21.250000000000167,53.396922981104815,4.729730704475675,0.16861892590594085,3.435199321037987,0.21668626978695957,0.019492789606443895,0.8,35.0
21.300000000000168,53.56442785890973,4.769394817260723,0.16959411529374244,3.435926897983737,0.21646414090602795,0.019503787756031805,0.8,35.0
21.35000000000017,53.73193136742638,4.809217418000073,0.1705698504401419,3.4366475331208006,0.21623989249866082,0.019514702927989278,0.8,35.0
21.40000000000017,53.899433014062325,4.849198470752597,0.1715461272756387,3.4373612884239937,0.21601355241306713,0.019525536709936123,0.8,35.0
21.45000000000017,54.06693230932435,4.889337939699443,0.17252294180859556,3.4380682253464125,0.21578514802386894,0.019536290659137333,0.8,35.0
21.50000000000017,54.23442876679129,4.92963578913966,0.1735002901237505,3.4387684048231644,0.2155547062405198,0.01954696630309886,0.8,35.0
21.55000000000017,54.40192190308711,4.97009198348594,0.17447816838075808,3.439461887275083,0.21532225351556872,0.019557565140151653,0.8,35.0
21.600000000000172,54.569411237854155,5.010706487260461,0.17545657281275928,3.440148732612429,0.21508781585277217,0.019568088640024173,0.8,35.0
21.650000000000173,54.736896293726666,5.051479265090837,0.17643549972497946,3.440829000238577,0.21485141881505745,0.01957853824440363,0.8,35.0
21.700000000000173,54.90437659630445,5.092410281706168,0.17741494549335377,3.4415027490536843,0.2146130875323394,0.019588915367486148,0.8,35.0
21.750000000000174,55.07185167412677,5.133499501933189,0.17839490656317958,3.4421700374583475,0.21437284670919385,0.019599221396516108,0.8,35.0
21.800000000000175,55.23932105864643,5.174746890692518,0.17937537944779533,3.442830923357242,0.21413072063238986,0.01960945769231482,0.8,35.0
21.850000000000176,55.406784284204114,5.216152412994993,0.18035636072728528,3.4434854641627464,0.21388673317828374,0.019619625589798788,0.8,35.0
21.900000000000176,55.57424088800284,5.257716033938104,0.18133784704720968,3.4441337167985506,0.2136409078200772,0.01962972639848776,0.8,35.0
21.950000000000177,55.7416904100827,5.299437718702515,0.1823198351173598,3.444775737703248,0.2133932676349419,0.019639761403002744,0.8,35.0
22.000000000000178,55.909132393295714,5.341317432548665,0.1833023217105375,3.4454115828339136,0.21314383531101347,0.019649731863554214,0.8,35.0
22.05000000000018,56.076566383280976,5.38335514081347,0.18428530366135853,3.4460413076696623,0.2128926331542566,0.019659639016420677,0.8,35.0
22.10000000000018,56.243991928439925,5.425550808907085,0.18526877786507942,3.4466649672151948,0.21263968309520426,0.0196694840744178,0.8,35.0
22.15000000000018,56.411408579911836,5.467904402309764,0.18625274127644734,3.4472826160043244,0.21238500669557284,0.01967926822735829,0.8,35.0
22.20000000000018,56.5788158915495,5.5104158865687936,0.18723719090857247,3.447894308103489,0.2121286251547559,0.019688992642502706,0.8,35.0
22.25000000000018,56.74621341989512,5.553085227295496,0.18822212383182252,3.448500097115246,0.21187055931619841,0.019698658465001344,0.8,35.0
22.300000000000182,56.913600724156346,5.595912390162313,0.1892075371727389,3.449100036181749,0.21161082967365405,0.019708266818327446,0.8,35.0
22.350000000000183,57.080977366182566,5.6388973408999625,0.190193428112974,3.4496941779882113,0.21134945637732722,0.019717818804701838,0.8,35.0
22.400000000000183,57.24834291044135,5.682040045294658,0.19117979388824946,3.4502825747663475,0.2110864592399024,0.01972731550550919,0.8,35.0
22.450000000000184,57.41569692399508,5.7253404691854035,0.19216663178733476,3.4508652782978038,0.21082185774246273,0.019736757981706064,0.8,35.0
22.500000000000185,57.58303897647776,5.768798578461353,0.1931539391510458,3.451442339917566,0.21055567104029962,0.019746147274220926,0.8,35.0
22.550000000000185,57.75036864007207,5.812414339059231,0.19414171337126312,3.4520138105173546,0.21028791796861585,0.019755484404346227,0.8,35.0
22.600000000000186,57.91768548948651,5.8561877169608225,0.19512995188996926,3.452579740548999,0.21001861704812366,0.01976477037412279,0.8,35.0
22.650000000000187,58.08498910193282,5.900118678190518,0.1961186521983051,3.4531401800277974,0.20974778649054032,0.019774006166716575,0.8,35.0
22.700000000000188,58.252279057103515,5.944207188812922,0.1971078118356445,3.453695178535857,0.20947544420398234,0.019783192746788036,0.8,35.0
22.75000000000019,58.41955493714964,5.9884532149305185,0.1980974283886872,3.454244785225419,0.20920160779826089,0.019792331060854172,0.8,35.0
22.80000000000019,58.5868163266587,6.032856722681391,0.1990874994905694,3.454789048822164,0.20892629459007994,0.01980142203764344,0.8,35.0
22.85000000000019,58.754062812632725,6.0774176782369995,0.20007802281999157,3.4553280176285006,0.20864952160813888,0.01981046658844365,0.8,35.0
22.90000000000019,58.9212939844666,6.122136047800013,0.20106899610036372,3.455861739526837,0.20837130559814138,0.019819465607443028,0.8,35.0
22.95000000000019,59.08850943392648,6.167011797602188,0.20206041709896694,3.4563902619828344,0.20809166302771254,0.0198284199720645,0.8,35.0
23.000000000000192,59.25570875512845,6.212044893902303,0.20305228362613162,3.456913632048641,0.20781061009122556,0.019837330543293428,0.8,35.0
23.050000000000193,59.42289154451731,6.257235302984137,0.20404459353443155,3.457431896366112,0.20752816271453997,0.01984619816599883,0.8,35.0
23.100000000000193,59.590057400845566,6.3025829911545035,0.20503734471789398,3.457945101170008,0.20724433655965288,0.01985502366924831,0.8,35.0
23.150000000000194,59.75720592515256,6.348087924741321,0.20603053511122482,3.4584532922911766,0.20695914702926488,0.019863807866616724,0.8,35.0
23.200000000000195,59.92433672074383,6.393750070091738,0.20702416268904927,3.4589565151597186,0.20667260927126224,0.019872551556488795,0.8,35.0
23.250000000000195,60.09144939317056,6.439569393570293,0.20801822546516707,3.459454814808132,0.206384738183117,0.01988125552235573,0.8,35.0
23.300000000000196,60.25854355020926,6.485545861557127,0.20901272149182237,3.4599482358744416,0.2060955484162062,0.019889920533106,0.8,35.0
23.350000000000197,60.4256188018416,6.531679440446228,0.2100076488589879,3.4604368226053075,0.20580505438005214,0.01989854734331037,0.8,35.0
23.400000000000198,60.592674760234395,6.577970096643723,0.21100300569366295,3.460920618859118,0.2055132702464849,0.019907136693501314,0.8,35.0
23.4500000000002,60.75971103971975,6.624417796566202,0.2119987901591853,3.4613996681090637,0.20522020995372858,0.01991568931044691,0.8,35.0
23.5000000000002,60.92672725677539,6.671022506639088,0.21299500045455627,3.4618740134461934,0.2049258872104126,0.019924205907419338,0.8,35.0
23.5500000000002,61.09372303000519,6.7177841932950395,0.21399163481377917,3.4623436975824506,0.20463031549950986,0.01993268718445806,0.8,35.0
23.6000000000002,61.26069798011973,6.764702822972388,0.21498869150521055,3.4628087628536948,0.2043335080822025,0.019941133828627847,0.8,35.0
23.6500000000002,61.42765172991719,6.811778362113612,0.21598616883092414,3.4632692512227012,0.20403547800167718,0.019949546514271672,0.8,35.0
23.700000000000202,61.59458390426427,6.859010777163847,0.21698406512608706,3.463725204282146,0.20373623808685076,0.01995792590325865,0.8,35.0
23.750000000000203,61.76149413007734,6.906400034569421,0.21798237875834842,3.4641766632575695,0.20343580095602798,0.019966272645227056,0.8,35.0
23.800000000000203,61.9283820363037,6.953946100776433,0.21898110812723953,3.464623669010324,0.2031341790204922,0.01997458737782258,0.8,35.0
23.850000000000204,62.095247253903054,7.001648942229352,0.21998025166358612,3.4650662620405033,0.20283138448803048,0.01998287072693186,0.8,35.0
23.900000000000205,62.26208941582906,7.049508525369653,0.2209798078289317,3.465504482489851,0.2025274293663945,0.01999112330691142,0.8,35.0
23.950000000000205,62.42890815701112,7.097524816634477,0.2219797751149723,3.4659383701446558,0.20222232546669802,0.019999345720812075,0.8,35.0
24.000000000000206,62.59570311433626,7.1456977824553265,0.22298015204300226,3.466367964438624,0.2019160844067524,0.02000753856059895,0.8,35.0
24.050000000000207,62.76247392663119,7.194027389256779,0.2239809371633706,3.466793304455736,0.20160871761434143,0.020015702407367122,0.8,35.0
24.100000000000207,62.929220234644504,7.242513603455237,0.22498212905494827,3.4672144289330853,0.20130023633043617,0.020023837831553024,0.8,35.0
24.150000000000208,63.09594168102906,7.291156391457693,0.22598372632460537,3.467631376263697,0.20099065161235136,0.02003194539314169,0.8,35.0
24.20000000000021,63.26263791032445,7.339955719660534,0.22698572760669886,3.4680441844993304,0.2006799743368442,0.020040025641869904,0.8,35.0
24.25000000000021,63.42930856893966,7.388911554448355,0.2279881315625701,3.468452891353263,0.20036821520315679,0.02004807911742534,0.8,35.0
24.30000000000021,63.59595330513589,7.438023862192807,0.2289909368800522,3.4688575342030554,0.20005538473600304,0.020056106349641792,0.8,35.0
24.35000000000021,63.76257176900948,7.487292609251463,0.22999414227298673,3.4692581500933004,0.19974149328850138,0.020064107858690554,0.8,35.0
24.40000000000021,63.929163612475,7.536717761966706,0.23099774648075014,3.469654775738351,0.19942655104505394,0.020072084155268007,0.8,35.0
24.450000000000212,64.09572848924847,7.586299286664644,0.2320017482677891,3.470047447525034,0.19911056802417348,0.02008003574077955,0.8,35.0
24.500000000000213,64.26226605483077,7.6360371496540385,0.23300614642316508,3.470436201515341,0.19879355408125898,0.020087963107519858,0.8,35.0
24.550000000000214,64.42877596649113,7.685931317225255,0.23401093976010756,3.470821073449107,0.19847551891132065,0.02009586673884964,0.8,35.0
24.600000000000215,64.59525788325078,7.735981755649239,0.235016127115576,3.471202098746667,0.1981564720516556,0.02010374710936888,0.8,35.0
24.650000000000215,64.76171146586675,7.786188431176504,0.23602170734983036,3.471579312511497,0.19783642288447495,0.020111604685086666,0.8,35.0
24.700000000000216,64.92813637681584,7.836551310036142,0.23702767934600974,3.471952749532834,0.19751538063948315,0.02011943992358771,0.8,35.0
24.750000000000217,65.09453228027866,7.887070358434846,0.2380340420097195,3.4723224442882836,0.1971933543964107,0.020127253274195546,0.8,35.0
24.800000000000217,65.26089884212381,7.937745542555961,0.23904079426862612,3.472688430946405,0.19687035308750084,0.020135045178132548,0.8,35.0
24.850000000000218,65.42723572989229,7.988576828558538,0.24004793507205996,3.4730507433692805,0.19654638549995138,0.02014281606867677,0.8,35.0
24.90000000000022,65.59354261278192,8.039564182576418,0.24105546339062575,3.4734094151150665,0.19622146027831205,0.02015056637131573,0.8,35.0
24.95000000000022,65.759819161632,8.090707570717317,0.2420633782158206,3.4737644794405282,0.19589558592683884,0.02015829650389714,0.8,35.0
25.00000000000022,65.926065048908,8.14200695906194,0.24307167855965944,3.474115969303556,0.19556877081180538,0.020166006876776683,0.8,35.0
25.05000000000022,66.0922799486865,8.193462313663101,0.2440803634543076,3.4744639173656626,0.19524102316377293,0.0201736978929629,0.8,35.0
25.10000000000022,66.25846353664012,8.245073600544858,0.24508943195172053,3.474808355994467,0.19491235107981905,0.02018136994825918,0.8,35.0
25.150000000000222,66.42461549002275,8.296840785701667,0.24609888312329067,3.475149317266156,0.19458276252572634,0.020189023431403014,0.8,35.0
25.200000000000223,66.5907354876547,8.348763835097543,0.2471087160595008,3.4754868329679325,0.19425226533813145,0.020196658724202468,0.8,35.0
25.250000000000224,66.75682320990819,8.400842714665238,0.2481189298695843,3.475820934600444,0.19392086722663543,0.020204276201669993,0.8,35.0
25.300000000000225,66.92287833869284,8.45307739030543,0.24912952368119198,3.476151653380195,0.19358857577587618,0.020211876232153606,0.8,35.0
25.350000000000225,67.08890055744128,8.50546782788592,0.25014049664006527,3.476479020241942,0.1932553984475634,0.020219459177465475,0.8,35.0
25.400000000000226,67.25488955109495,8.55801399324085,0.2511518479097157,3.4768030658410716,0.19292134258247706,0.02022702539300801,0.8,35.0
25.450000000000227,67.42084500608998,8.610715852169927,0.25216357667111056,3.47712382055596,0.1925864154024299,0.02023457522789744,0.8,35.0
25.500000000000227,67.58676661034322,8.66357337043765,0.2531756821223648,3.4774413144903176,0.19225062401219464,0.02024210902508499,0.8,35.0
25.550000000000228,67.75265405323837,8.716586513772565,0.2541881634784386,3.4777555774755164,0.19191397540139654,0.020249627121475655,0.8,35.0
25.60000000000023,67.91850702561224,8.769755247866511,0.2552010199708408,3.4780666390728996,0.19157647644637213,0.02025712984804467,0.8,35.0
25.65000000000023,68.0843252197411,8.823079538373893,0.2562142508473384,3.478374528576074,0.1912381339119945,0.02026461752995168,0.8,35.0
25.70000000000023,68.25010832932723,8.876559350910949,0.25722785537167103,3.478679275013188,0.19089895445346594,0.02027209048665264,0.8,35.0
25.75000000000023,68.41585604948548,8.930194651055038,0.2582418328232715,3.478980907149188,0.19055894461807835,0.020279549032009594,0.8,35.0
25.80000000000023,68.58156807673006,8.983985404343931,0.2592561824969914,3.4792794534880667,0.19021811084694237,0.02028699347439821,0.8,35.0
25.850000000000232,68.74724410896135,9.037931576275113,0.26027090370283207,3.4795749422750846,0.1898764594766854,0.020294424116813276,0.8,35.0
25.900000000000233,68.91288384545285,9.092033132305088,0.2612859957656807,3.4798674014989834,0.18953399674111937,0.02030184125697209,0.8,35.0
25.950000000000234,69.07848698683833,9.1462900378487,0.26230145802505145,3.480156858894179,0.1891907287728786,0.020309245187415836,0.8,35.0
26.000000000000234,69.24405323509893,9.200702258278453,0.2633172898348319,3.4804433419429377,0.1888466616050287,0.02031663619560897,0.8,35.0
26.050000000000235,69.40958229355054,9.255269758923845,0.26433349056303374,3.4807268778775384,0.18850180117264648,0.02032401456403666,0.8,35.0
26.100000000000236,69.57507386683119,9.309992505070706,0.2653500595915487,3.481007493682418,0.18815615331437194,0.02033138057030032,0.8,35.0
26.150000000000237,69.74052766088857,9.364870461960546,0.26636699631590927,3.4812852160962993,0.1878097237739325,0.02033873448721126,0.8,35.0
26.200000000000237,69.9059433829677,9.4199035947899,0.2673843001450534,3.481560071614304,0.18746251820164025,0.020346076582882528,0.8,35.0
26.250000000000238,70.07132074159865,9.475091868709693,0.2684019705010943,3.4818320864900496,0.1871145421558623,0.020353407120818914,0.8,35.0
26.30000000000024,70.2366594465844,9.530435248824602,0.26942000681909456,3.482101286737731,0.18676580110446542,0.020360726360005233,0.8,35.0
26.35000000000024,70.40195920898881,9.585933700192424,0.2704384085468442,3.4823676981341847,0.18641630042623475,0.020368034554992857,0.8,35.0
26.40000000000024,70.56721974112472,9.641587187823454,0.2714571751446434,3.482631346220939,0.18606604541226746,0.020375331955984562,0.8,35.0
26.45000000000024,70.73244075654208,9.697395676679864,0.27247630608508927,3.4828922563062474,0.18571504126734167,0.02038261880891772,0.8,35.0
26.50000000000024,70.89762197001625,9.753359131675094,0.27349580085286657,3.4831504534671067,0.18536329311126123,0.020389895355545844,0.8,35.0
26.550000000000242,71.06276309753642,9.809477517673233,0.2745156589445425,3.48340596255126,0.18501080598017663,0.020397161833518567,0.8,35.0
26.600000000000243,71.22786385629405,9.865750799488428,0.2755358798683655,3.4836588081791833,0.18465758482788258,0.020404418476460046,0.8,35.0
26.650000000000244,71.3929239646715,9.922178941884274,0.2765564631440678,3.4839090147460587,0.1843036345270927,0.020411665514045822,0.8,35.0
26.700000000000244,71.55794314223071,9.978761909573224,0.2775774083026717,3.4841566064237304,0.18394895987069168,0.0204189031720782,0.8,35.0
26.750000000000245,71.72292110970201,10.035499667215998,0.2785987148862997,3.484401607162645,0.1835935655729655,0.02042613167256015,0.8,35.0
26.800000000000246,71.887857588973,10.092392179420994,0.2796203824479881,3.48464404069378,0.18323745627080973,0.020433351233767754,0.8,35.0
26.850000000000247,72.05275230307757,10.149439410743705,0.28064241055150413,3.4848839305305543,0.1828806365249169,0.020440562070321255,0.8,35.0
26.900000000000247,72.21760497618496,10.206641325686144,0.28166479877116685,3.4851212999707237,0.18252311082094272,0.02044776439325472,0.8,35.0
26.950000000000248,72.38241533358898,10.263997888696265,0.28268754669167107,3.485356172098264,0.1821648835706519,0.02045495841008433,0.8,35.0
27.00000000000025,72.5471831016973,10.32150906416739,0.28371065390791483,3.4855885697852362,0.1818059591130439,0.02046214432487535,0.8,35.0
27.05000000000025,72.71190800802081,10.379174816437645,0.28473412002483023,3.4858185156936408,0.181446341715459,0.020469322338307797,0.8,35.0
27.10000000000025,72.87658978116316,10.436995109789388,0.28575794465721727,3.4860460322772524,0.18108603557466485,0.020476492647740818,0.8,35.0
27.15000000000025,73.04122815081027,10.494969908448647,0.28678212742958104,3.4862711417834458,0.18072504481792406,0.020483655447275827,0.8,35.0
27.20000000000025,73.20582284772004,10.553099176584569,0.28780666797597193,3.486493866255002,0.1803633735040432,0.020490810927818397,0.8,35.0
27.250000000000252,73.37037360371211,10.611382878308852,0.2888315659398289,3.486714227531903,0.18000102562440337,0.02049795927713896,0.8,35.0
27.300000000000253,73.5348801516577,10.669820977675197,0.28985682097382554,3.4869322472531135,0.17963800510397288,0.020505100679932334,0.8,35.0
27.350000000000254,73.6993422254696,10.728413438678754,0.29088243273971937,3.4871479468583435,0.17927431580230221,0.020512235317876066,0.8,35.0
27.400000000000254,73.86375956009213,10.78716022525557,0.29190840090820375,3.4873613475898018,0.17890996151450167,0.020519363369687665,0.8,35.0
27.450000000000255,74.02813189149137,10.84606130128205,0.2929347251587628,3.487572470493934,0.17854494597220205,0.02052648501118071,0.8,35.0
27.500000000000256,74.1924589566453,10.905116630574403,0.2939614051795288,3.4877813364231445,0.17817927284449853,0.020533600415319875,0.8,35.0
27.550000000000257,74.35674049353415,10.9643261768881,0.2949884406671425,3.4879879660375073,0.17781294573887824,0.02054070975227489,0.8,35.0
27.600000000000257,74.52097624113078,11.023689903917342,0.2960158313266162,3.4881923798064616,0.17744596820213182,0.020547813189473428,0.8,35.0
27.650000000000258,74.68516593939118,11.08320777529451,0.2970435768711988,3.4883945980104945,0.17707834372124892,0.02055491089165301,0.8,35.0
27.70000000000026,74.84930932924502,11.142879754589634,0.2980716770222444,3.488594640742809,0.1767100757242985,0.020562003020911865,0.8,35.0
27.75000000000026,75.0134061525863,11.202705805309858,0.2991001315090823,3.4887925279109795,0.1763411675812937,0.020569089736758812,0.8,35.0
27.80000000000026,75.17745615226413,11.2626858908989,0.30012894006889046,3.4889882792385936,0.17597162260504184,0.020576171196162202,0.8,35.0
27.85000000000026,75.34145907207353,11.322819974736529,0.3011581024465704,3.48918191426688,0.17560144405197972,0.02058324755359787,0.8,35.0
27.90000000000026,75.50541465674635,11.383108020138025,0.3021876183946252,3.4893734523563245,0.1752306351229946,0.020590318961096202,0.8,35.0
27.950000000000262,75.66932265194224,11.443549990353654,0.30321748767303963,3.489562912688271,0.1748591989642309,0.020597385568288242,0.8,35.0
28.000000000000263,75.83318280423974,11.504145848568141,0.3042477100491622,3.4897503142665105,0.17448713866788312,0.02060444752245096,0.8,35.0
28.050000000000264,75.99699486112746,11.564895557900142,0.30527828529758977,3.489935675918857,0.17411445727297514,0.020611504968551603,0.8,35.0
28.100000000000264,76.16075857099528,11.625799081401716,0.30630921320005433,3.49011901629871,0.17374115776612606,0.020618558049291212,0.8,35.0
28.150000000000265,76.32447368312572,11.686856382057806,0.3073404935453117,3.4903003538866058,0.17336724308230295,0.020625606905147288,0.8,35.0
28.200000000000266,76.48813994768526,11.74806742278571,0.3083721261290325,3.4904797069917524,0.17299271610556072,0.020632651674415636,0.8,35.0
28.250000000000266,76.6517571157159,11.80943216643456,0.30940411075369506,3.4906570937535566,0.17261757966976932,0.020639692493251406,0.8,35.0
28.300000000000267,76.81532493912668,11.870950575784804,0.3104364472284805,3.4908325321431337,0.1722418365593284,0.020646729495709337,0.8,35.0
28.350000000000268,76.97884317068531,11.93262261354768,0.3114691353691697,3.491006039964809,0.17186548950987,0.020653762813783227,0.8,35.0
28.40000000000027,77.14231156400989,11.994448242364705,0.31250217499804195,3.4911776348576025,0.17148854120894894,0.02066079257744464,0.8,35.0
28.45000000000027,77.3057298735607,12.056427424807142,0.313535565943776,3.4913473342967056,0.17111099429672177,0.020667818914680874,0.8,35.0
28.50000000000027,77.46909785463204,12.118560123375497,0.31456930804135264,3.4915151555949424,0.17073285136661387,0.020674841951532182,0.8,35.0
28.55000000000027,77.63241526334421,12.180846300498994,0.31560340113195906,3.4916811159042203,0.17035411496597538,0.020681861812128305,0.8,35.0
28.60000000000027,77.79568185663551,12.243285918535056,0.3166378450628953,3.491845232216968,0.16997478759672602,0.020688878618724267,0.8,35.0
28.650000000000272,77.95889739225431,12.305878939768798,0.31767263968748205,3.4920075213675617,0.16959487171598875,0.020695892491735517,0.8,35.0
28.700000000000273,78.12206162875123,12.3686253264125,0.31870778486497064,3.492168000033739,0.16921436973671294,0.020702903549772368,0.8,35.0
28.750000000000274,78.28517432547135,12.431525040605102,0.31974328046045436,3.4923266847380017,0.16883328402828685,0.020709911909673785,0.8,35.0
28.800000000000274,78.44823524254656,12.494578044411684,0.3207791263447814,3.4924835918490054,0.16845161691713975,0.02071691768654053,0.8,35.0
28.850000000000275,78.61124414088789,12.557784299822954,0.3218153223944698,3.4926387375829395,0.16806937068733396,0.020723920993767665,0.8,35.0
28.900000000000276,78.774200782178,12.621143768754736,0.3228518684916236,3.492792138004894,0.1676865475811468,0.02073092194307643,0.8,35.0
28.950000000000276,78.93710492886366,12.684656413047456,0.3238887645238509,3.4929438090302147,0.16730314979964273,0.02073792064454551,0.8,35.0
29.000000000000277,79.09995634414838,12.748322194465628,0.324926010384183,3.493093766425848,0.16691917950323604,0.02074491720664172,0.8,35.0
29.050000000000278,79.26275479198503,12.812141074697342,0.3259636059709955,3.493242025811675,0.16653463881224378,0.02075191173625007,0.8,35.0
29.10000000000028,79.4255000370686,12.876113015353758,0.3270015511879307,3.49338860266183,0.16614952980742964,0.020758904338703286,0.8,35.0
29.15000000000028,79.58819184482896,12.940237977968584,0.3280398459438212,3.4935335123060143,0.16576385453053857,0.020765895117810754,0.8,35.0
29.20000000000028,79.75082998142375,13.004515923997575,0.32907849015261553,3.4936767699307936,0.16537761498482256,0.020772884175886908,0.8,35.0
29.25000000000028,79.9134142137313,13.068946814818016,0.33011748373330446,3.493818390580887,0.16499081313555747,0.02077987161377907,0.8,35.0
29.30000000000028,80.07594430934363,13.133530611728217,0.3311568266098492,3.4939583891604435,0.16460345091055134,0.020786857530894792,0.8,35.0
29.350000000000282,80.2384200365595,13.198267275946996,0.3321965187111106,3.4940967804343104,0.16421553020064417,0.020793842025228628,0.8,35.0
29.400000000000283,80.40084116437755,13.263156768613177,0.33323655997078006,3.4942335790292867,0.1638270528601993,0.020800825193388432,0.8,35.0
29.450000000000284,80.56320746248949,13.328199050785072,0.33427695032731114,3.494368799435369,0.16343802070758673,0.02080780713062114,0.8,35.0
29.500000000000284,80.72551870127332,13.393394083439976,0.33531768972385306,3.4945024560069866,0.16304843552565826,0.020814787930838068,0.8,35.0
29.550000000000285,80.8877746517867,13.458741827473657,0.33635877810818504,3.4946345629642233,0.1626582990622148,0.02082176768663972,0.8,35.0
29.600000000000286,81.04997508576032,13.52424224369985,0.33740021543265203,3.494765134394032,0.1622676130304659,0.020828746489340137,0.8,35.0
29.650000000000286,81.21211977559132,13.589895292849745,0.33844200165410154,3.494894184251438,0.16187637910948177,0.020835724428990766,0.8,35.0
29.700000000000287,81.37420849433681,13.655700935571474,0.3394841367338217,3.4950217263607297,0.16148459894463751,0.0208427015944039,0.8,35.0
29.750000000000288,81.53624101570745,13.721659132429611,0.3405266206374805,3.4951477744166426,0.1610922741480503,0.02084967807317564,0.8,35.0
29.80000000000029,81.69821711406102,13.787769843904659,0.34156945333506594,3.49527234198553,0.16069940629900925,0.02085665395170846,0.8,35.0
29.85000000000029,81.86013656439621,13.854033030392543,0.3426126348008276,3.4953954425065263,0.16030599694439812,0.02086362931523332,0.8,35.0
29.90000000000029,82.02199914234629,13.920448652204099,0.34365616501321916,3.4955170892926977,0.15991204759911104,0.020870604247831357,0.8,35.0
29.95000000000029,82.18380462417294,13.987016669564573,0.34470004395484194,3.495637295532185,0.15951755974646148,0.020877578832455182,0.8,35.0
30.00000000000029,82.34555278676011,14.053737042613106,0.3457442716123894,3.4957560742893348,0.15912253483858443,0.02088455315094977,0.8,35.0
30.050000000000292,82.50724340760796,14.120609731402228,0.34678884797659304,3.4958734385058228,0.158726974296832,0.02089152728407295,0.8,35.0
30.100000000000293,82.66887626482684,14.187634695897353,0.34783377304216884,3.495989401001766,0.1583308795121624,0.020898501311515508,0.8,35.0
30.150000000000293,82.83045113713129,14.254811895976273,0.3488790468077649,3.4961039744768243,0.1579342518455228,0.020905475311920912,0.8,35.0
30.200000000000294,82.99196780383423,14.322141291428647,0.3499246692759101,3.4962171715112973,0.15753709262822554,0.020912449362904675,0.8,35.0
30.250000000000295,83.15342604484101,14.389622841955493,0.3509706404529638,3.496329004567204,0.15713940316231864,0.020919423541073342,0.8,35.0
30.300000000000296,83.31482564064368,14.457256507168687,0.35201696034906593,3.4964394859893604,0.1567411847209498,0.020926397922043115,0.8,35.0
30.350000000000296,83.47616637231522,14.525042246590449,0.35306362897808885,3.4965486280064417,0.1563424385487248,0.02093337258045815,0.8,35.0
30.400000000000297,83.6374480215039,14.592980019652844,0.35411064635758926,3.496656442732041,0.1559431658620598,0.020940347590008485,0.8,35.0
30.450000000000298,83.79867037042762,14.66106978569727,0.35515801250876167,3.496762942165714,0.15554336784952819,0.02094732302344765,0.8,35.0
30.5000000000003,83.95983320186834,14.729311503973953,0.3562057274563922,3.496868138194016,0.1551430456722014,0.02095429895260993,0.8,35.0
30.5500000000003,84.12093629916657,14.797705133641443,0.35725379122881357,3.496972042591532,0.1547422004639846,0.02096127544842733,0.8,35.0
30.6000000000003,84.28197944621593,14.866250633766104,0.3583022038578609,3.497074667021895,0.1543408333319466,0.020968252580946194,0.8,35.0
30.6500000000003,84.44296242745767,14.93494796332161,0.35935096537882805,3.497176023038796,0.15393894535664457,0.02097523041934352,0.8,35.0
30.7000000000003,84.60388502787538,15.003797081188445,0.3604000758304252,3.4972761220869852,0.15353653759244348,0.02098220903194299,0.8,35.0
30.750000000000302,84.76474703298963,15.072797946153386,0.3614495352547368,3.497374975503267,0.15313361106783038,0.020989188486230687,0.8,35.0
30.800000000000303,84.92554822885275,15.141950516909008,0.3624993436971803,3.4974725945174807,0.15273016678572351,0.0209961688488705,0.8,35.0
30.850000000000303,85.08628840204356,15.211254752053174,0.36354950120646623,3.4975689902534794,0.15232620572377648,0.021003150185719282,0.8,35.0
30.900000000000304,85.24696733966232,15.28071061008853,0.3646000078345583,3.4976641737300938,0.15192172883467756,0.02101013256184169,0.8,35.0
30.950000000000305,85.40758482932549,15.350318049422004,0.36565086363663457,3.4977581558620914,0.15151673704644414,0.02101711604152476,0.8,35.0
31.000000000000306,85.56814065916078,15.420077028364295,0.3667020686710492,3.4978509474611275,0.15111123126271236,0.021024100688292236,0.8,35.0
31.050000000000306,85.72863461780209,15.489987505129376,0.36775362299929515,3.497942559236685,0.1507052123630222,0.021031086564918578,0.8,35.0
31.100000000000307,85.88906649438456,15.560049437833985,0.3688055266859673,3.4980330017970083,0.15029868120309792,0.02103807373344277,0.8,35.0
31.150000000000308,86.04943607853967,15.630262784497122,0.36985777979872636,3.4981222856500276,0.149891638615124,0.021045062255181834,0.8,35.0
31.20000000000031,86.20974316039033,15.700627503039547,0.3709103824082636,3.498210421204276,0.14948408540801672,0.021052052190744106,0.8,35.0
31.25000000000031,86.36998753054613,15.771143551283275,0.3719633345882657,3.498297418769799,0.14907602236769127,0.02105904360004227,0.8,35.0
31.30000000000031,86.53016898009851,15.841810886951075,0.373016636415381,3.4983832885590522,0.14866745025732467,0.02106603654230613,0.8,35.0
31.35000000000031,86.69028730061608,15.912629467665962,0.3740702879691858,3.4984680406877975,0.14825836981761445,0.02107303107609519,0.8,35.0
31.40000000000031,86.8503422841399,15.983599250950702,0.37512428933215136,3.4985516851759844,0.14784878176703323,0.02108002725931096,0.8,35.0
31.450000000000312,87.01033372317889,16.054720194227304,0.3761786405896118,3.4986342319486283,0.1474386868020792,0.021087025149209036,0.8,35.0
31.500000000000313,87.17026141070522,16.12599225481652,0.37723334182973234,3.49871569083668,0.14702808559752262,0.021094024802411005,0.8,35.0
31.550000000000313,87.33012514014978,16.197415389937348,0.3782883931434781,3.498796071577886,0.14661697880664837,0.02110102627491607,0.8,35.0
31.600000000000314,87.48992470539764,16.268989556706515,0.37934379462458373,3.4988753838176407,0.14620536706149473,0.021108029622112508,0.8,35.0
31.650000000000315,87.64965990078367,16.340714712138,0.38039954636952317,3.498953637109836,0.14579325097308818,0.02111503489878889,0.8,35.0
31.700000000000315,87.80933052108809,16.412590813142508,0.3814556484774804,3.4990308409176967,0.14538063113167468,0.021122042159145104,0.8,35.0
31.750000000000316,87.96893636153206,16.48461781652699,0.3825121010503206,3.4991070046146118,0.14496750810694709,0.02112905145680319,0.8,35.0
31.800000000000317,88.12847721777345,16.55679567899413,0.38356890419256146,3.4991821374849588,0.14455388244826914,0.021136062844817952,0.8,35.0
31.850000000000318,88.2879528859025,16.62912435714186,0.3846260580113458,3.4992562487249192,0.1441397546848957,0.0211430763756874,0.8,35.0
31.90000000000032,88.44736316243757,16.70160380746283,0.38568356261641396,3.4993293474432883,0.14372512532618972,0.021150092101362986,0.8,35.0
31.95000000000032,88.606707844321,16.77423398634396,0.38674141812007695,3.499401442662275,0.14330999486183557,0.02115711007325965,0.8,35.0
32.00000000000032,88.76598672891488,16.847014850065882,0.38779962463719025,3.4994725433182983,0.14289436376204914,0.02116413034226571,0.8,35.0
32.05000000000032,88.92519961399702,16.919946354802494,0.38885818228512786,3.499542658262773,0.14247823247778454,0.021171152958752534,0.8,35.0
32.100000000000314,89.08434629775681,16.993028456620433,0.38991709118375706,3.499611796262891,0.1420616014409376,0.02117817797258408,0.8,35.0
32.15000000000031,89.2434265787912,17.06626111147858,0.3909763514554134,3.4996799660023936,0.14164447106454603,0.021185205433126218,0.8,35.0
32.20000000000031,89.40244025610073,17.13964427522757,0.39203596322487616,3.499747176082338,0.1412268417429866,0.021192235389255923,0.8,35.0
32.250000000000306,89.56138712908557,17.213177903609306,0.39309592661934467,3.499813435021858,0.14080871385216912,0.021199267889370273,0.8,35.0
32.3000000000003,89.72026699754159,17.286861952256437,0.39415624176841446,3.499878751258915,0.14039008774972728,0.021206302981395298,0.8,35.0
32.3500000000003,89.87907966165646,17.360696376691884,0.3952169088040542,3.499943133151043,0.1399709637752067,0.02121334071279467,0.8,35.0
32.4000000000003,90.03782492200591,17.434681132328336,0.3962779278605831,3.5000065889760914,0.13955134225024982,0.02122038113057824,0.8,35.0
32.450000000000294,90.19650257954983,17.50881617446776,0.3973392990746486,3.5000691269329534,0.1391312234787779,0.0212274242813104,0.8,35.0
32.50000000000029,90.35511243562856,17.583101458300906,0.3984010225852045,3.500130755142294,0.13871060774717037,0.021234470211118326,0.8,35.0
32.55000000000029,90.51365429195914,17.657536938906812,0.3994630985334895,3.5001914816472683,0.1382894953244411,0.021241518965700052,0.8,35.0
32.600000000000286,90.67212795063169,17.732122571252315,0.4005255270630061,3.5002513144142355,0.13786788646241202,0.021248570590332402,0.8,35.0
32.65000000000028,90.83053321410566,17.806858310191558,0.40158830831950004,3.500310261333464,0.13744578139588406,0.021255625129878795,0.8,35.0
32.70000000000028,90.98886988520627,17.88174411046549,0.40265144245093987,3.5003683302198314,0.13702318034280533,0.02126268262879689,0.8,35.0
32.75000000000028,91.14713776712098,17.956779926701387,0.40371492960749716,3.5004255288135195,0.13660008350443667,0.02126974313114611,0.8,35.0
32.800000000000274,91.30533666339588,18.031965713412358,0.4047787699415269,3.5004818647807,0.13617649106551466,0.02127680668059501,0.8,35.0
32.85000000000027,91.4634663779322,18.107301424996855,0.40584296360754835,3.500537345714217,0.13575240319441204,0.021283873320428564,0.8,35.0
32.90000000000027,91.62152671498289,18.18278701573818,0.4069075107622261,3.50059197913426,0.13532782004329558,0.021290943093555264,0.8,35.0
32.950000000000266,91.7795174791491,18.258422439804004,0.40797241156435177,3.500645772489036,0.13490274174828157,0.02129801604251412,0.8,35.0
33.00000000000026,91.93743847537688,18.33420765124587,0.40903766617482584,3.5006987331554287,0.13447716842958882,0.021305092209481548,0.8,35.0
33.05000000000026,92.09528950895374,18.41014260399871,0.41010327475663977,3.500750868439658,0.13405110019168923,0.021312171636278115,0.8,35.0
33.10000000000026,92.25307038550535,18.48622725188037,0.4111692374748585,3.5008021855779288,0.13362453712345612,0.02131925436437517,0.8,35.0
33.150000000000254,92.41078091099226,18.5624615485911,0.4122355544966036,3.5008526917370775,0.13319747929831008,0.021326340434901378,0.8,35.0
33.20000000000025,92.5684208917066,18.638845447713088,0.41330222599103605,3.5009023940152098,0.13276992677436264,0.021333429888649103,0.8,35.0
33.25000000000025,92.72599013426886,18.715378902709972,0.4143692521293401,3.500951299442335,0.13234187959455776,0.021340522766080717,0.8,35.0
33.300000000000246,92.88348844562472,18.79206186692635,0.41543663308470685,3.500999414980993,0.13191333778681097,0.02134761910733477,0.8,35.0
33.35000000000024,93.04091563304186,18.868894293587307,0.41650436903231847,3.5010467475268747,0.13148430136414632,0.021354718952232076,0.8,35.0
33.40000000000024,93.19827150410686,18.94587613579792,0.4175724601493325,3.5010933039094403,0.1310547703248314,0.02136182234028166,0.8,35.0
33.45000000000024,93.35555586672203,19.023007346542787,0.41864090661486686,3.501139090892529,0.13062474465251,0.02136892931068664,0.8,35.0
33.500000000000234,93.51276852910242,19.100287878685542,0.41970970860998436,3.5011841151749628,0.13019422431633287,0.021376039902349986,0.8,35.0
33.55000000000023,93.66990929977274,19.177717684968375,0.42077886631767836,3.5012283833911475,0.1297632092710863,0.021383154153880174,0.8,35.0
33.60000000000023,93.82697798756438,19.255296718011557,0.4218483799228582,3.5012719021116654,0.12933169945731882,0.021390272103596755,0.8,35.0
33.650000000000226,93.98397440161241,19.333024930312952,0.422918249612335,3.5013146778438644,0.1288996948014658,0.021397393789535823,0.8,35.0
33.70000000000022,94.14089835135266,19.410902274247547,0.42398847557480773,3.501356717032441,0.1284671952159722,0.021404519249455387,0.8,35.0
33.75000000000022,94.29774964651878,19.48892870206698,0.42505905800084975,3.5013980260600177,0.12803420059941334,0.021411648520840657,0.8,35.0
33.80000000000022,94.45452809713939,19.567104165899046,0.42612999708289523,3.501438611247716,0.1276007108366138,0.021418781640909223,0.8,35.0
33.850000000000215,94.61123351353518,19.645428617747243,0.427201293015226,3.5014784788557227,0.12716672579876445,0.02142591864661617,0.8,35.0
33.90000000000021,94.76786570631616,19.72390200949028,0.428272945993959,3.501517635083854,0.12673224534353758,0.021433059574659078,0.8,35.0
33.95000000000021,94.92442448637877,19.80252429288162,0.4293449562170331,3.50155608607211,0.1262972693152004,0.021440204461482964,0.8,35.0
34.000000000000206,95.0809096649032,19.88129541954899,0.43041732388419734,3.501593837901228,0.1258617975447266,0.021447353343285118,0.8,35.0
34.0500000000002,95.23732105335063,19.960215340993926,0.43149004919699835,3.501630896593229,0.12542582984990616,0.02145450625601987,0.8,35.0
34.1000000000002,95.39365846346045,20.039284008591288,0.43256313235876853,3.5016672681119583,0.12498936603545362,0.021461663235403265,0.8,35.0
34.1500000000002,95.54992170724772,20.1185013735888,0.43363657357461444,3.501702958363624,0.12455240589311435,0.02146882431691767,0.8,35.0
34.200000000000195,95.70611059700038,20.197867387106573,0.43471037305140525,3.5017379731973275,0.12411494920176944,0.0214759895358163,0.8,35.0
34.25000000000019,95.86222494527668,20.277382000136647,0.43578453099776165,3.5017723184055916,0.12367699572753872,0.021483158927127658,0.8,35.0
34.30000000000019,96.01826456490264,20.357045163542512,0.43685904762404465,3.501805999724881,0.12323854522388235,0.021490332525659923,0.8,35.0
34.350000000000186,96.1742292689694,20.436856828058648,0.4379339231423449,3.501839022836122,0.1227995974317006,0.02149751036600523,0.8,35.0
34.40000000000018,96.3301188708307,20.516816944290063,0.4390091577664721,3.501871393365211,0.12236015207943227,0.02150469248254392,0.8,35.0
34.45000000000018,96.48593318410039,20.59692546271182,0.4400847517119445,3.5019031168835277,0.12192020888315133,0.021511878909448678,0.8,35.0
34.50000000000018,96.6416720226499,20.67718233366858,0.44116070519597894,3.5019341989084336,0.12147976754666226,0.021519069680688632,0.8,35.0
34.550000000000175,96.79733520060581,20.757587507374136,0.4422370184374806,3.5019646449037727,0.12103882776159372,0.02152626483003337,0.8,35.0
34.60000000000017,96.95292253234742,20.838140933910957,0.44331369165703344,3.5019944602803648,0.12059738920749077,0.021533464391056904,0.8,35.0
34.65000000000017,97.10843383250429,20.918842563229717,0.44439072507689054,3.502023650396495,0.12015545155190571,0.021540668397141534,0.8,35.0
34.700000000000166,97.26386891595394,20.999692345148844,0.4454681189209646,3.5020522205584,0.11971301445048732,0.021547876881481694,0.8,35.0
34.75000000000016,97.41922759781937,21.08069022935406,0.446545873414819,3.502080176020745,0.11927007754706882,0.021555089877087708,0.8,35.0
34.80000000000016,97.57450969346687,21.16183616539793,0.44762398878565846,3.502107521987103,0.11882664047375441,0.021562307416789488,0.8,35.0
34.85000000000016,97.72971501850357,21.243130102699382,0.44870246526232044,3.5021342636104245,0.11838270285100432,0.021569529533240164,0.8,35.0
34.900000000000155,97.88484338877527,21.324571990543276,0.4497813030752664,3.5021604059935054,0.11793826428771863,0.021576756258919683,0.8,35.0
34.95000000000015,98.0398946203641,21.406161778079944,0.45086050245657333,3.5021859541894496,0.1174933243813197,0.021583987626138317,0.8,35.0
35.00000000000015,98.19486852958632,21.487899414324733,0.45194006363992534,3.5022109132021275,0.11704788271783323,0.021591223667040124,0.8,35.0
35.050000000000146,98.34976493299011,21.569784848157546,0.4530199868606057,3.5022352879866308,0.1166019388719681,0.021598464413606362,0.8,35.0
35.10000000000014,98.50458364735339,21.651818028322403,0.4541002723554886,3.502259083449722,0.11615549240719486,0.021605709897658847,0.8,35.0
35.15000000000014,98.6593244896816,21.733998903426983,0.45518092036303176,3.50228230445028,0.11570854287582301,0.021612960150863246,0.8,35.0
35.20000000000014,98.81398727720564,21.81632742194218,0.45626193112326835,3.5023049557997448,0.11526108981907697,0.02162021520473232,0.8,35.0
35.250000000000135,98.9685718273797,21.898803532201654,0.4573433048777998,3.5023270422625505,0.11481313276717085,0.021627475090629122,0.8,35.0
35.30000000000013,99.12307795787918,21.981427182401376,0.4584250418697883,3.502348568556563,0.11436467123938202,0.021634739839770142,0.8,35.0
35.35000000000013,99.27750548659859,22.06419832059919,0.4595071423439497,3.5023695393535084,0.11391570474412346,0.021642009483228395,0.8,35.0
35.40000000000013,99.43185423164957,22.147116894714365,0.4605896065465465,3.502389959279397,0.11346623277901496,0.02164928405193647,0.8,35.0
35.450000000000124,99.58612401135879,22.230182852527154,0.461672434725381,3.502409832914947,0.1130162548309531,0.02165656357668953,0.8,35.0
35.50000000000012,99.740314644266,22.31339614167835,0.4627556271297884,3.5024291647960024,0.11256577037618011,0.02166384808814824,0.8,35.0
35.55000000000012,99.894425949122,22.396756709668846,0.4638391840106305,3.5024479594139457,0.11211477888035166,0.021671137616841703,0.8,35.0
35.600000000000115,100.0484577448867,22.480264503859186,0.46492310562028905,3.502466221216109,0.11166327979860342,0.021678432193170283,0.8,35.0
35.65000000000011,100.20240985072722,22.563919471469138,0.46600739221265947,3.5024839546061792,0.11121127257561661,0.02168573184740844,0.8,35.0
35.70000000000011,100.35628208601591,22.64772155957725,0.46709204404314486,3.5025011639446015,0.11075875664568241,0.021693036609707485,0.8,35.0
35.75000000000011,100.51007427032847,22.73167071512041,0.4681770613686498,3.502517853548978,0.11030573143276534,0.02170034651009832,0.8,35.0
35.800000000000104,100.66378622344212,22.81576688489341,0.4692624444475745,3.5025340276944616,0.10985219635056553,0.021707661578494106,0.8,35.0
35.8500000000001,100.81741776533367,22.900010015548524,0.4703481935398091,3.502549690614149,0.10939815080258002,0.021714981844692918,0.8,35.0
35.9000000000001,100.97096871617775,22.98440005359506,0.4714343089067281,3.502564846499467,0.10894359418216294,0.021722307338380337,0.8,35.0
35.950000000000095,101.12443889634497,23.068936945398928,0.4725207908111847,3.5025794995005572,0.10848852587258478,0.02172963808913202,0.8,35.0
36.00000000000009,101.27782812640012,23.15362063718222,0.4736076395175055,3.5025936537266573,0.10803294524709056,0.021736974126416213,0.8,35.0
36.05000000000009,101.43113622710044,23.238451075022773,0.4746948552914853,3.5026073132464766,0.10757685166895706,0.02174431547959625,0.8,35.0
36.10000000000009,101.58436301939378,23.323428204853734,0.475782438400382,3.50262048208857,0.1071202444915491,0.02175166217793298,0.8,35.0
36.150000000000084,101.73750832441696,23.408551972463144,0.47687038911291135,3.502633164241708,0.10666312305837478,0.021759014250587197,0.8,35.0
36.20000000000008,101.89057196349403,23.493822323493507,0.4779587076992425,3.5026453636552444,0.10620548670313987,0.021766371726622002,0.8,35.0
36.25000000000008,102.04355375813451,23.57923920344136,0.47904739443099276,3.5026570842394764,0.10574733474980115,0.021773734635005145,0.8,35.0
36.300000000000075,102.19645353003182,23.664802557656856,0.4801364495812233,3.5026683298660073,0.10528866651261895,0.021781103004611328,0.8,35.0
36.35000000000007,102.34927110106155,23.75051233134333,0.4812258734244345,3.502679104368102,0.10482948129620864,0.021788476864224474,0.8,35.0
36.40000000000007,102.50200629327985,23.8363684695569,0.4823156662365615,3.502689411541038,0.10436977839559135,0.021795856242539966,0.8,35.0
36.45000000000007,102.65465892892182,23.922370917206013,0.48340582829496986,3.5026992551424585,0.10390955709624368,0.021803241168166846,0.8,35.0
36.500000000000064,102.80722883039988,24.00851961905106,0.48449635987845135,3.502708638892716,0.10344881667414667,0.021810631669629984,0.8,35.0
36.55000000000006,102.95971582030222,24.094814519703938,0.48558726126721996,3.5027175664752175,0.10298755639583372,0.02181802777537222,0.8,35.0
36.60000000000006,103.11211972139122,24.18125556362763,0.4866785327429078,3.502726041536762,0.10252577551843785,0.021825429513756482,0.8,35.0
36.650000000000055,103.26444035660191,24.26784269513581,0.4877701745885612,3.5027340676878795,0.10206347328973796,0.021832836913067838,0.8,35.0
36.70000000000005,103.41667754904044,24.354575858392398,0.488862187088637,3.5027416485031644,0.10160064894820432,0.021840250001515567,0.8,35.0
36.75000000000005,103.5688311219826,24.44145499741118,0.48995457052899877,3.502748787521605,0.10113730172304328,0.021847668807235168,0.8,35.0
36.80000000000005,103.72090089887226,24.52848005605538,0.4910473251969133,3.502755488246911,0.10067343083424102,0.02185509335829035,0.8,35.0
36.850000000000044,103.87288670331998,24.61565097803724,0.49214045138104706,3.502761754147839,0.10020903549260668,0.021862523682674995,0.8,35.0
36.90000000000004,104.02478835910148,24.70296770691763,0.4932339493714628,3.502767588658512,0.09974411489981456,0.021869959808315083,0.8,35.0
36.95000000000004,104.17660569015626,24.79043018610562,0.49432781945961635,3.50277299517874,0.0992786682484456,0.02187740176307061,0.8,35.0
37.000000000000036,104.32833852058614,24.878038358858095,0.4954220619383532,3.5027779770743326,0.09881269472202803,0.02188484957473746,0.8,35.0
37.05000000000003,104.47998667465386,24.965792168279332,0.49651667710190567,3.5027825376774127,0.09834619349507731,0.021892303271049258,0.8,35.0
37.10000000000003,104.63154997678168,25.0536915573206,0.4976116652458896,3.5027866802867265,0.09787916373313532,0.0218997628796792,0.8,35.0
37.15000000000003,104.78302825155006,25.141736468779765,0.4987070266673017,3.502790408167949,0.0974116045928087,0.02190722842824186,0.8,35.0
37.200000000000024,104.93442132369626,25.229926845300874,0.4998027616645165,3.502793724553987,0.09694351522180661,0.02191469994429495,0.8,35.0
37.25000000000002,105.08572901811297,25.31826262937377,0.5008988705372835,3.502796632645282,0.09647489475897761,0.021922177455341092,0.8,35.0
37.30000000000002,105.23695115984708,25.406743763333676,0.501995353586725,3.5027991356101054,0.0960057423343459,0.021929660988829543,0.8,35.0
37.350000000000016,105.38808757409828,25.495370189360816,0.5030922111153329,3.502801236584856,0.09553605706914685,0.02193715057215789,0.8,35.0
37.40000000000001,105.5391380862178,25.58414184948,0.5041894434269666,3.5028029386743507,0.09506583807586176,0.021944646232673743,0.8,35.0
37.45000000000001,105.69010252170717,25.673058685560243,0.5052870508268504,3.5028042449521144,0.09459508445825202,0.021952147997676398,0.8,35.0
37.50000000000001,105.84098070621691,25.762120639314357,0.5063850336215714,3.5028051584606676,0.09412379531139248,0.021959655894418464,0.8,35.0
37.550000000000004,105.99177246554531,25.851327652298576,0.5074833921190768,3.5028056822118097,0.09365196972170423,0.021967169950107494,0.8,35.0
37.6,106.14247762563718,25.940679665912146,0.5085821266286722,3.5028058191869,0.09317960676698663,0.02197469019190756,0.8,35.0
37.65,106.29309601258268,26.030176621396944,0.5096812374610192,3.502805572337138,0.09270670551644873,0.021982216646940854,0.8,35.0
37.699999999999996,106.44362745261604,26.11981845983709,0.5107807249281336,3.502804944583838,0.09223326503074003,0.021989749342289214,0.8,35.0
37.74999999999999,106.59407177211448,26.209605122158564,0.5118805893433834,3.502803938818704,0.09175928436198053,0.02199728830499568,0.8,35.0
37.79999999999999,106.74442879759694,26.2995365491288,0.5129808310214867,3.5028025579041002,0.09128476255379017,0.022004833562065992,0.8,35.0
37.84999999999999,106.894698355723,26.38961268135632,0.5140814502785103,3.502800804673318,0.09080969864131772,0.022012385140470107,0.8,35.0
37.899999999999984,107.04488027329168,26.479833459290344,0.5151824474318675,3.502798681930843,0.09033409165126888,0.022019943067143645,0.8,35.0
37.94999999999998,107.19497437724037,26.570198823220405,0.5162838228003169,3.5027961924526205,0.08985794060193388,0.022027507368989365,0.8,35.0
37.99999999999998,107.34498049464369,26.660708713275977,0.5173855767039609,3.502793338986312,0.0893812445032144,0.022035078072878606,0.8,35.0
38.049999999999976,107.49489845271238,26.75136306942608,0.5184877094642435,3.5027901242515567,0.08890400235664997,0.022042655205652694,0.8,35.0
38.09999999999997,107.64472807879221,26.84216183147892,0.5195902214039497,3.5027865509402263,0.0884262131554436,0.022050238794124356,0.8,35.0
38.14999999999997,107.79446920036297,26.93310493908149,0.5206931128472037,3.502782621716679,0.08794787588448702,0.022057828865079107,0.8,35.0
38.19999999999997,107.94412164503734,27.02419233171921,0.5217963841194675,3.50277833921801,0.08746898952038516,0.022065425445276614,0.8,35.0
38.249999999999964,108.0936852405599,27.115423948715556,0.52290003554754,3.5027737060543007,0.08698955303148016,0.022073028561452046,0.8,35.0
38.29999999999996,108.24315981480608,27.206799729231665,0.524004067459556,3.502768724808865,0.08650956537787471,0.02208063824031742,0.8,35.0
38.34999999999996,108.39254519578111,27.29831961226599,0.5251084801849841,3.5027633980384936,0.08602902551145493,0.022088254508562905,0.8,35.0
38.399999999999956,108.54184121161909,27.3899835366539,0.526213274054627,3.5027577282736946,0.08554793237591254,0.022095877392858152,0.8,35.0
38.44999999999995,108.69104769058194,27.481791441067344,0.5273184494006197,3.502751718018934,0.08506628490676664,0.022103506919853556,0.8,35.0
38.49999999999995,108.84016446105846,27.573743264014453,0.5284240065564287,3.502745369752873,0.08458408203138476,0.022111143116181547,0.8,35.0
38.54999999999995,108.98919135156336,27.665838943839194,0.5295299458568516,3.5027386859286023,0.08410132266900354,0.022118786008457843,0.8,35.0
38.599999999999945,109.13812819073628,27.758078418720988,0.5306362676380157,3.502731668973874,0.0836180057307487,0.022126435623282696,0.8,35.0
38.64999999999994,109.28697480734088,27.85046162667436,0.5317429722373779,3.5027243212913333,0.0831341301196546,0.022134091987242123,0.8,35.0
38.69999999999994,109.43573103026391,27.942988505548566,0.5328500599937234,3.502716645258747,0.08264969473068319,0.02214175512690912,0.8,35.0
38.749999999999936,109.5843966885143,28.035658993027244,0.5339575312471656,3.5027086432292283,0.08216469845074245,0.022149425068844868,0.8,35.0
38.79999999999993,109.73297161122228,28.128473026628036,0.5350653863391456,3.5027003175314615,0.08167914015870435,0.02215710183959992,0.8,35.0
38.84999999999993,109.88145562763843,28.221430543702244,0.5361736256124313,3.5026916704699236,0.08119301872542226,0.022164785465715375,0.8,35.0
38.89999999999993,110.02984856713286,28.314531481434464,0.5372822494111175,3.502682704325104,0.08070633301374779,0.022172475973724046,0.8,35.0
38.949999999999925,110.17815025919433,28.40777577684224,0.538391258080625,3.502673421353722,0.08021908187854726,0.02218017339015161,0.8,35.0
38.99999999999992,110.3263605334294,28.501163366775693,0.5395006519677009,3.5026638237889425,0.07973126416671758,0.02218787774151774,0.8,35.0
39.04999999999992,110.47447921956157,28.59469418791718,0.5406104314204178,3.5026539138405894,0.07924287871720159,0.022195589054337238,0.8,35.0
39.099999999999916,110.62250614743051,28.68836817678094,0.5417205967881739,3.5026436936953567,0.078753924361003,0.02220330735512114,0.8,35.0
39.14999999999991,110.77044114699117,28.782185269712745,0.5428311484216928,3.502633165517018,0.0782643999212008,0.022211032670377825,0.8,35.0
39.19999999999991,110.91828404831301,28.876145402889538,0.5439420866730235,3.5026223314466347,0.07777430421296316,0.022218765026614105,0.8,35.0
39.24999999999991,111.06603468157923,28.9702485123191,0.5450534118955402,3.50261119360276,0.07728363604356095,0.022226504450336304,0.8,35.0
39.299999999999905,111.21369287708592,29.064494533839692,0.5461651244439428,3.5025997540816434,0.07679239421238063,0.02223425096805132,0.8,35.0
39.3499999999999,111.36125846524138,29.15888340311972,0.5472772246742562,3.5025880149574316,0.07630057751093677,0.02224200460626769,0.8,35.0
39.3999999999999,111.50873127656529,29.25341505565738,0.5483897129438311,3.5025759782823687,0.07580818472288416,0.022249765391496635,0.8,35.0
39.449999999999896,111.65611114168799,29.348089426780323,0.5495025896113438,3.502563646086993,0.07531521462402925,0.022257533350253086,0.8,35.0
39.49999999999989,111.80339789134973,29.442906451645307,0.5506158550367967,3.502551020380334,0.07482166598234141,0.022265308509056725,0.8,35.0
39.54999999999989,111.95059135639998,29.53786606523786,0.5517295095815183,3.502538103150104,0.07432753755796348,0.022273090894432992,0.8,35.0
39.59999999999989,112.09769136779664,29.632968202371945,0.5528435536081641,3.502524896362893,0.073832828103222,0.022280880532914094,0.8,35.0
39.649999999999885,112.24469775660542,29.72821279768961,0.553957987480716,3.502511401964357,0.07333753636263704,0.022288677451039997,0.8,35.0
39.69999999999988,112.3916103539991,29.82359978566067,0.555072811564484,3.5024976218794075,0.07284166107293143,0.022296481675359414,0.8,35.0
39.74999999999988,112.53842899125684,29.91912910058235,0.5561880262261055,3.502483558012396,0.07234520096303966,0.022304293232430786,0.8,35.0
39.799999999999876,112.68515349976352,30.01480067657897,0.5573036318335467,3.502469212247302,0.07184815475411638,0.022312112148823247,0.8,35.0
39.84999999999987,112.83178371100908,30.110614447601613,0.5584196287561026,3.5024545864479126,0.07135052115954431,0.02231993845111759,0.8,35.0
39.89999999999987,112.9783194565879,30.206570347427768,0.559536017364398,3.5024396824580055,0.0708522988849419,0.0223277721659072,0.8,35.0
39.94999999999987,113.12476056819806,30.30266830966103,0.5606527980303879,3.5024245021015292,0.07035348662817048,0.02233561331979902,0.8,35.0
39.999999999999865,113.2711068776408,30.398908267730757,0.5617699711273586,3.5024090471827787,0.06985408307934092,0.02234346193941447,0.8,35.0
40.04999999999986,113.41735821681989,30.49529015489175,0.5628875370299281,3.502393319486573,0.06935408692082003,0.022351318051390366,0.8,35.0
40.09999999999986,113.56351441774096,30.591813904223923,0.5640054961140472,3.502377320778429,0.06885349682723638,0.022359181682379863,0.8,35.0
40.14999999999986,113.70957531251095,30.68847944863197,0.5651238487569998,3.5023610528047344,0.06835231146548584,0.022367052859053334,0.8,35.0
40.199999999999854,113.8555407333375,30.78528672084506,0.5662425953374048,3.5023445172929186,0.06785052949473665,0.022374931608099294,0.8,35.0
40.24999999999985,114.00141051252837,30.882235653416505,0.5673617362352161,3.5023277159516213,0.06734814956643403,0.022382817956225282,0.8,35.0
40.29999999999985,114.14718448249083,30.979326178723433,0.568481271831724,3.502310650470861,0.06684517032430452,0.022390711930158756,0.8,35.0
40.349999999999845,114.29286247573118,31.07655822896648,0.5696012025095565,3.5022933225222017,0.06634159040435979,0.022398613556647965,0.8,35.0
40.39999999999984,114.43844432485412,31.17393173616947,0.5707215286526797,3.502275733758916,0.0658374084349001,0.022406522862462825,0.8,35.0
40.44999999999984,114.58392986256223,31.271446632179096,0.5718422506463995,3.5022578858161477,0.06533262303651742,0.022414439874395783,0.8,35.0
40.49999999999984,114.72931892165543,31.3691028486646,0.5729633688773627,3.502239780311076,0.06482723282209807,0.02242236461926268,0.8,35.0
40.549999999999834,114.8746113350305,31.466900317117467,0.5740848837335578,3.5022214188430714,0.064321236396825,0.022430297123903594,0.8,35.0
40.59999999999983,115.01980693568044,31.56483896885111,0.575206795604317,3.502202802993857,0.06381463235817969,0.022438237415183693,0.8,35.0
40.64999999999983,115.16490555669411,31.662918735000556,0.5763291048803166,3.5021839343276624,0.06330741929594373,0.022446185519994073,0.8,35.0
40.699999999999825,115.30990703125566,31.76113954652214,0.5774518119535793,3.5021648143913824,0.06279959579219986,0.022454141465252587,0.8,35.0
40.74999999999982,115.45481119264402,31.859501334193197,0.5785749172174746,3.502145444714727,0.062291160421332786,0.022462105277904675,0.8,35.0
40.79999999999982,115.59961787423244,31.958004028611743,0.5796984210667208,3.5021258268103757,0.06178211175002953,0.02247007698492418,0.8,35.0
40.84999999999982,115.74432690948802,32.05664756019618,0.5808223238973864,3.5021059621741273,0.06127244833727946,0.022478056613314163,0.8,35.0
40.899999999999814,115.88893813197127,32.155431859185,0.5819466261068919,3.50208585228505,0.06076216873437389,0.02248604419010772,0.8,35.0
40.94999999999981,116.0334513753356,32.25435685563645,0.5830713280940103,3.5020654986056283,0.060251271484905375,0.022494039742368778,0.8,35.0
40.99999999999981,116.17786647332693,32.35342247942827,0.5841964302588699,3.5020449025819094,0.05973975512476657,0.022502043297192884,0.8,35.0
41.049999999999805,116.3221832597832,32.45262866025735,0.5853219330029553,3.5020240656436483,0.059227618182148785,0.022510054881708014,0.8,35.0
41.0999999999998,116.46640156863398,32.55197532763948,0.586447836729109,3.5020029892044513,0.058714859177540143,0.022518074523075353,0.8,35.0
41.1499999999998,116.61052123390003,32.651462410909,0.5875741418415336,3.5019816746619186,0.058201476623723394,0.02252610224849007,0.8,35.0
41.1999999999998,116.75454208969289,32.75108983921853,0.5887008487457926,3.5019601233977835,0.05768746902577334,0.02253413808518211,0.8,35.0
41.249999999999794,116.89846397021446,32.85085754153869,0.5898279578488135,3.501938336778053,0.05717283488105394,0.022542182060416947,0.8,35.0
41.29999999999979,117.04228670975667,32.950765446657755,0.5909554695588883,3.5019163161531455,0.056657572679215035,0.02255023420149636,0.8,35.0
41.34999999999979,117.18601014270097,33.05081348318143,0.5920833842856763,3.5018940628580273,0.056141680902188754,0.0225582945357592,0.8,35.0
41.399999999999785,117.32963410351806,33.15100157953249,0.5932117024402054,3.501871578212348,0.055625158024185516,0.022566363090582145,0.8,35.0
41.44999999999978,117.4731584267675,33.25132966395054,0.5943404244348744,3.501848863520574,0.05510800251168971,0.022574439893380444,0.8,35.0
41.49999999999978,117.61658294709727,33.351797664491706,0.5954695506834549,3.501825920072122,0.05459021282345506,0.022582524971608675,0.8,35.0
41.54999999999978,117.7599074992435,33.45240550902833,0.596599081601093,3.5018027491414885,0.05407178741049959,0.022590618352761486,0.8,35.0
41.599999999999774,117.90313191803007,33.55315312524872,0.5977290176043117,3.5017793519883824,0.05355272471610026,0.02259872006437434,0.8,35.0
41.64999999999977,118.0462560383683,33.654040440656836,0.598859359111013,3.5017557298578526,0.0530330231757873,0.02260683013402424,0.8,35.0
41.69999999999977,118.18927969525659,33.75506738257202,0.5999901065404795,3.501731883980414,0.05251268121733815,0.022614948589330476,0.8,35.0
41.749999999999766,118.33220272378011,33.85623387812871,0.6011212603133772,3.501707815572177,0.051991697260771096,0.02262307545795534,0.8,35.0
41.79999999999976,118.4750249591105,33.957539854276156,0.6022528208517575,3.5016835258349692,0.05147006971833854,0.022631210767604854,0.8,35.0
41.84999999999976,118.61774623650548,34.05898523777813,0.603384788579059,3.501659015956461,0.05094779699451997,0.022639354546029496,0.8,35.0
41.89999999999976,118.76036639130866,34.16056995521267,0.6045171639201102,3.5016342871102886,0.05042487748601457,0.022647506821024913,0.8,35.0
41.949999999999754,118.90288525894917,34.26229393297179,0.6056499473011319,3.501609340456173,0.04990130958173349,0.02265566762043263,0.8,35.0
41.99999999999975,119.04530267494137,34.36415709726119,0.6067831391497389,3.5015841771400424,0.04937709166279185,0.02266383697214077,0.8,35.0
42.04999999999975,119.18761847488462,34.466159374100016,0.6079167398949431,3.501558798294151,0.04885222210250029,0.022672014904084756,0.8,35.0
42.099999999999746,119.32983249446292,34.568300689320544,0.6090507499671555,3.5015332050371955,0.04832669926635632,0.02268020144424801,0.8,35.0
42.14999999999974,119.47194456944476,34.67058096856795,0.6101851697981886,3.5015073984744323,0.04780052151203528,0.02268839662066266,0.8,35.0
42.19999999999974,119.61395453568275,34.77300013729999,0.6113199998212591,3.5014813796977937,0.04727368718938098,0.022696600461410234,0.8,35.0
42.24999999999974,119.75586222911343,34.87555812078677,0.6124552404709902,3.5014551497860014,0.046746194640396,0.02270481299462235,0.8,35.0
42.299999999999734,119.897667485757,34.978254844110474,0.6135908921834142,3.5014287098046797,0.046218042199231715,0.022713034248481423,0.8,35.0
42.34999999999973,120.03937014171709,35.08109023216507,0.6147269553959753,3.5014020608064675,0.04568922819217795,0.02272126425122133,0.8,35.0
42.39999999999973,120.18097003318051,35.18406420965606,0.6158634305475318,3.50137520383113,0.04515975093765234,0.022729503031128112,0.8,35.0
42.449999999999726,120.32246699641709,35.28717670110022,0.6170003180783589,3.501348139905668,0.04462960874618937,0.022737750616540656,0.8,35.0
42.49999999999972,120.46386086777935,35.39042763082534,0.6181376184301515,3.5013208700444265,0.04409879992042906,0.022746007035851373,0.8,35.0
42.54999999999972,120.60515148370237,35.49381692296995,0.6192753320460268,3.5012933952492022,0.04356732275510542,0.02275427231750687,0.8,35.0
42.59999999999972,120.74633868070359,35.597344501483036,0.6204134593705273,3.501265716509351,0.043035175537034474,0.022762546490008632,0.8,35.0
42.649999999999714,120.88742229538255,35.70101029012384,0.6215520008496229,3.501237834801892,0.04250235654510205,0.022770829581913697,0.8,35.0
42.69999999999971,121.02840216442075,35.804814212461544,0.6226909569307146,3.501209751091615,0.041968864050251235,0.02277912162183532,0.8,35.0
42.74999999999971,121.16927812458147,35.90875619187505,0.6238303280626368,3.5011814663311793,0.041434696315469505,0.02278742263844364,0.8,35.0
42.799999999999706,121.31005001270952,36.0128361515527,0.6249701146956601,3.5011529814612206,0.04089985159577556,0.02279573266046636,0.8,35.0
42.8499999999997,121.45071766573118,36.11705401449203,0.6261103172814946,3.501124297410449,0.040364328138205834,0.0228040517166894,0.8,35.0
42.8999999999997,121.5912809206539,36.22140970349952,0.6272509362732924,3.501095415095752,0.039828124181800685,0.022812379835957557,0.8,35.0
42.9499999999997,121.73173961456628,36.325903141190345,0.6283919721256512,3.5010663354222915,0.03929123795759031,0.022820717047175174,0.8,35.0
42.999999999999694,121.87209358463782,36.430534249988106,0.6295334252946165,3.501037059283604,0.038753667688580316,0.022829063379306788,0.8,35.0
43.04999999999969,122.0123426681188,36.535302952124596,0.6306752962376854,3.5010075875616966,0.03821541158973699,0.022837418861377797,0.8,35.0
43.09999999999969,122.15248670234014,36.64020916963955,0.6318175854138092,3.5009779211271446,0.0376764678679723,0.022845783522475113,0.8,35.0
43.149999999999686,122.29252552471327,36.74525282438039,0.6329602932833965,3.5009480608391854,0.03713683472212851,0.022854157391747804,0.8,35.0
43.19999999999968,122.43245897273,36.85043383800198,0.6341034203083169,3.5009180075458146,0.03659651034296257,0.02286254049840776,0.8,35.0
43.24999999999968,122.57228688396242,36.9557521319664,0.6352469669519034,3.5008877620838783,0.03605549291313014,0.022870932871730334,0.8,35.0
43.29999999999968,122.71200909606272,37.061207627542665,0.6363909336789562,3.500857325279166,0.03551378060716937,0.022879334541054994,0.8,35.0
43.349999999999675,122.85162544676312,37.16680024580652,0.6375353209557455,3.5008266979465024,0.0349713715914843,0.02288774553578597,0.8,35.0
43.39999999999967,122.9911357738758,37.272529907640184,0.6386801292500152,3.500795880889837,0.034428264024328026,0.02289616588539289,0.8,35.0
43.44999999999967,123.13053991529274,37.378396533732094,0.6398253590309857,3.5007648749023357,0.03388445605578552,0.02290459561941145,0.8,35.0
43.499999999999666,123.26983770898568,37.484400044576695,0.6409710107693579,3.5007336807664684,0.03333994582775617,0.02291303476744402,0.8,35.0
43.54999999999966,123.40902899300598,37.59054036047419,0.6421170849373159,3.5007022992540966,0.03279473147393599,0.02292148335916032,0.8,35.0
43.59999999999966,123.54811360548457,37.6968174015303,0.6432635820085308,3.5006707311265615,0.03224881111979956,0.022929941424298037,0.8,35.0
43.64999999999966,123.6870913846319,37.80323108765603,0.644410502458164,3.5006389771347695,0.03170218288258167,0.022938408992663483,0.8,35.0
43.699999999999655,123.8259621687378,37.90978133856744,0.6455578467628706,3.500607038019278,0.031154844871258608,0.02294688609413222,0.8,35.0
43.74999999999965,123.9647257961715,38.01646807378541,0.6467056154008032,3.5005749145103784,0.03060679518652921,0.022955372758649697,0.8,35.0
43.79999999999965,124.10338210538151,38.12329121263541,0.6478538088516148,3.5005426073281813,0.030058031920795578,0.0229638690162319,0.8,35.0
43.849999999999646,124.24193093489559,38.230250674247266,0.6490024275964631,3.5005101171826984,0.0295085531581435,0.022972374896965977,0.8,35.0
43.89999999999964,124.38037212332071,38.337346377554944,0.6501514721180136,3.5004774447739244,0.028958356974322592,0.022980890431010877,0.8,35.0
43.94999999999964,124.518705509343,38.4445782412963,0.6513009429004435,3.500444590791918,0.028407441436726095,0.02298941564859798,0.8,35.0
43.99999999999964,124.65693093172769,38.55194618401287,0.6524508404294451,3.5004115559168816,0.027855804604370423,0.022997950580031734,0.8,35.0
44.049999999999635,124.79504822931915,38.65945012404965,0.6536011651922297,3.5003783408192413,0.027303444527874393,0.023006495255690294,0.8,35.0
44.09999999999963,124.93305724104079,38.767089979554854,0.6547519176775309,3.5003449461597254,0.026750359249438145,0.02301504970602614,0.8,35.0
44.14999999999963,125.07095780589506,38.874865668479714,0.6559030983756092,3.5003113725894415,0.026196546802821786,0.023023613961566724,0.8,35.0
44.199999999999626,125.20874976296349,38.98277710857823,0.657054707778255,3.5002776207499533,0.025642005213323705,0.02303218805291509,0.8,35.0
44.24999999999962,125.34643295140661,39.09082421740698,0.6582067463787925,3.500243691273358,0.025086732497758626,0.023040772010750516,0.8,35.0
44.29999999999962,125.48400721046399,39.199006912324876,0.6593592146720839,3.5002095847823593,0.024530726664435346,0.023049365865829133,0.8,35.0
44.34999999999962,125.62147237945419,39.30732511049297,0.6605121131545332,3.5001753018903448,0.023973985713134166,0.023057969648984558,0.8,35.0
44.399999999999615,125.75882829777484,39.41577872887421,0.6616654423240896,3.500140843201457,0.02341650763508404,0.023066583391128534,0.8,35.0
44.44999999999961,125.8960748049026,39.524367684233255,0.6628192026802522,3.500106209310668,0.022858290412939415,0.023075207123251548,0.8,35.0
44.49999999999961,126.0332117403932,39.63309189313624,0.6639733947240734,3.500071400803851,0.022299332020756787,0.023083840876423466,0.8,35.0
44.549999999999606,126.17023894388147,39.74195127195056,0.6651280189581631,3.500036418257852,0.02173963042397095,0.023092484681794163,0.8,35.0
44.5999999999996,126.30715625508132,39.85094573684469,0.6662830758866928,3.50000126224056,0.021179183579370944,0.023101138570594145,0.8,35.0
44.6499999999996,126.44396351378585,39.96007520378794,0.6674385660153995,3.4999659333109774,0.020617989435075708,0.02310980257413519,0.8,35.0
44.6999999999996,126.58066055986731,40.06933958855025,0.6685944898515901,3.499930432019289,0.020056045930509445,0.02311847672381097,0.8,35.0
44.749999999999595,126.71724723327719,40.17873880670201,0.669750847904145,3.499894758906932,0.019493350996376686,0.02312716105109768,0.8,35.0
44.79999999999959,126.85372337404627,40.28827277361381,0.6709076406835227,3.4998589145066594,0.018929902554637036,0.02313585558755467,0.8,35.0
44.84999999999959,126.99008882228462,40.39794140445629,0.672064868701764,3.499822899342613,0.018365698518479648,0.023144560364825078,0.8,35.0
44.89999999999959,127.12634341818175,40.507744614199886,0.6732225324724957,3.4997867139303844,0.017800736792297392,0.02315327541463645,0.8,35.0
44.949999999999584,127.26248700200657,40.61768231761465,0.6743806325109358,3.4997503587770846,0.017235015271660714,0.023162000768801382,0.8,35.0
44.99999999999958,127.39851941410754,40.72775442927004,0.6755391693338967,3.499713834381406,0.016668531843291215,0.023170736459218137,0.8,35.0
45.04999999999958,127.5344404949127,40.83796086353474,0.6766981434597903,3.499677141233689,0.01610128438503491,0.023179482517871285,0.8,35.0
45.099999999999575,127.67025008492975,40.94830153457642,0.6778575554086319,3.499640279815983,0.015533270765835204,0.023188238976832337,0.8,35.0
45.14999999999957,127.80594802474614,41.05877635636159,0.6790174057020449,3.499603250602112,0.014964488845705568,0.023197005868260363,0.8,35.0
45.19999999999957,127.94153415502917,41.16938524265536,0.6801776948632651,3.499566054057735,0.014394936475701907,0.02320578322440264,0.8,35.0
45.24999999999957,128.07700831652605,41.28012810702126,0.6813384234171448,3.4995286906404073,0.013824611497894632,0.02321457107759527,0.8,35.0
45.299999999999564,128.21237035006402,41.391004862821056,0.682499591890158,3.499491160799643,0.01325351174534044,0.023223369460263824,0.8,35.0
45.34999999999956,128.34762009655043,41.502015423214544,0.6836612008104042,3.4994534649769733,0.012681635042053769,0.02323217840492397,0.8,35.0
45.39999999999956,128.4827573969729,41.61315970115936,0.6848232507076133,3.499415603606008,0.012108979202977986,0.023240997944182103,0.8,35.0
45.449999999999555,128.61778209239932,41.72443760941079,0.6859857421131501,3.499377577112492,0.011535542033956254,0.02324982811073599,0.8,35.0
45.49999999999955,128.75269402397814,41.83584906052159,0.6871486755600189,3.499339385914366,0.010961321331702089,0.0232586689373754,0.8,35.0
45.54999999999955,128.8874930329383,41.94739396684177,0.688312051582868,3.4993010304218233,0.010386314883769636,0.023267520456982736,0.8,35.0
45.59999999999955,129.02217896058946,42.059072240518454,0.6894758707179947,3.4992625110373647,0.00981052046852363,0.023276382702533682,0.8,35.0
45.649999999999544,129.1567516483221,42.17088379349565,0.6906401335033495,3.4992238281558588,0.009233935855109053,0.023285255707097833,0.8,35.0
45.69999999999954,129.2912109376077,42.28282853751408,0.6918048404785415,3.499184982164594,0.008656558803420492,0.023294139503839333,0.8,35.0
45.74999999999954,129.4255566699988,42.39490638411101,0.6929699921848423,3.4991459734433366,0.008078387064071189,0.023303034126017523,0.8,35.0
45.799999999999535,129.55978868712918,42.507117244620055,0.6941355891651917,3.4991068023643828,0.007499418378361797,0.023311939606987568,0.8,35.0
45.84999999999953,129.69390683071404,42.619461030170996,0.6953016319642017,3.4990674692926143,0.0069196504782488115,0.023320855980201113,0.8,35.0
45.89999999999953,129.82791094255006,42.73193765168961,0.696468121128162,3.4990279745855513,0.006339081086312715,0.023329783279206918,0.8,35.0
45.94999999999953,129.96180086451568,42.84454701989748,0.6976350572050446,3.4989883185934048,0.005757707915725797,0.0233387215376515,0.8,35.0
45.999999999999524,130.09557643857113,42.95728904531184,0.6988024407445086,3.498948501659129,0.0051755286702196935,0.023347670789279778,0.8,35.0
46.04999999999952,130.22923750675872,43.070163638245354,0.6999702722979054,3.4989085241184728,0.0045925410440525805,0.02335663106793573,0.8,35.0
46.09999999999952,130.3627839112029,43.183170708806,0.7011385524182836,3.4988683863000314,0.004008742721976104,0.02336560240756302,0.8,35.0
46.149999999999515,130.49621549411052,43.29631016689686,0.7023072816603939,3.4988280885252956,0.0034241313792019606,0.023374584842205667,0.8,35.0
46.19999999999951,130.6295320977709,43.40958192221595,0.7034764605806944,3.4987876311087027,0.00283870468136819,0.023383578406008677,0.8,35.0
46.24999999999951,130.76273356455613,43.52298588425605,0.7046460897373553,3.4987470143576846,0.0022524602845051603,0.023392583133218705,0.8,35.0
46.29999999999951,130.89581973692123,43.636521962304556,0.7058161696902645,3.4987062385727175,0.0016653958350012223,0.023401599058184706,0.8,35.0
46.349999999999504,131.02879045740423,43.750190065443284,0.7069867010010324,3.4986653040473694,0.0010775089695680687,0.023410626215358582,0.8,35.0
46.3999999999995,131.1616455686265,43.863990102548314,0.7081576842329972,3.498624211068349,0.0004887973152057785,0.02341966463929584,0.8,35.0
46.4499999999995,131.29438491329293,43.977921982289814,0.70932911995123,3.498582959915551,-0.00010074151083245858,0.023428714364656256,0.8,35.0
46.499999999999496,131.4270083341904,44.09198561313378,0.7105010087225403,3.4985415508621034,-0.0006911098516610588,0.023437775426204517,0.8,35.0
46.54999999999949,131.55951567411702,44.206180903424254,0.7116733511154801,3.4984999841744564,-0.0012823078829688483,0.02344684785879729,0.8,35.0
46.59999999999949,131.69190677584362,44.32050776142729,0.7128461477003194,3.4984582601142864,-0.0018743346176526986,0.023455931696784723,0.8,35.0
46.64999999999949,131.82418148211326,44.43496609533056,0.7140193990490044,3.498416378939532,-0.0024671890716190703,0.023465026973698393,0.8,35.0
46.699999999999484,131.95633963564075,44.54955581324306,0.7151931057351176,3.498374340904425,-0.0030608702635798422,0.02347413372226536,0.8,35.0
46.74999999999948,132.0883810791121,44.66427682319475,0.7163672683338387,3.498332146259522,-0.003655377214852001,0.02348325197442193,0.8,35.0
46.79999999999948,132.22030565518415,44.779129033136215,0.7175418874219051,3.498289795251738,-0.004250708949161083,0.02349238176132714,0.8,35.0
46.849999999999476,132.35211320648386,44.89411235093835,0.7187169635775739,3.498247288124377,-0.004846864492448329,0.023501523113375982,0.8,35.0
46.89999999999947,132.48380357560802,45.00922668439201,0.7198924973805845,3.498204625117163,-0.005443842872681466,0.023510676060212333,0.8,35.0
46.94999999999947,132.6153766051227,45.12447194120767,0.7210684894121215,3.498161806466272,-0.006041643119669031,0.023519840630741654,0.8,35.0
46.99999999999947,132.74683213756268,45.23984802901511,0.7222449402547787,3.4981188324043644,-0.006640264264878212,0.023529016853143406,0.8,35.0
47.049999999999464,132.87817001543104,45.35535485536305,0.7234218504925228,3.4980757031606147,-0.007239705341256086,0.02353820475488323,0.8,35.0
47.09999999999946,133.00939008119863,45.470992327718875,0.7245992207106591,3.4980324189607437,-0.007839965383054232,0.02354740436272486,0.8,35.0
47.14999999999946,133.14049217730357,45.586760353468236,0.7257770514957962,3.497988980027049,-0.00844104342565664,0.023556615702741836,0.8,35.0
47.199999999999456,133.27147614615075,45.702658839914754,0.7269553434358126,3.4979453865784365,-0.009042938505410833,0.023565838800328923,0.8,35.0
47.24999999999945,133.40234183011137,45.818687694279696,0.7281340971198232,3.4979016388304505,-0.009645649659462182,0.023575073680213342,0.8,35.0
47.29999999999945,133.53308907152243,45.934846823701626,0.7293133131381465,3.4978577369953046,-0.010249175925591316,0.02358432036646576,0.8,35.0
47.34999999999945,133.6637177126862,46.05113613523607,0.730492992082272,3.497813681281913,-0.010853516342054604,0.02359357888251104,0.8,35.0
47.399999999999444,133.79422759586978,46.1675555358552,0.731673134544829,3.4977694718959205,-0.011458669947427598,0.023602849251138803,0.8,35.0
47.44999999999944,133.92461856330456,46.284104932447505,0.7328537411195547,3.4977251090397323,-0.012064635780451435,0.023612131494513747,0.8,35.0
47.49999999999944,134.05489045718576,46.40078423181744,0.734034812401264,3.497680592912545,-0.012671412879882134,0.02362142563418578,0.8,35.0
47.549999999999436,134.18504311967192,46.51759334068511,0.735216348985819,3.497635923710377,-0.013279000284342686,0.023630731691099933,0.8,35.0
47.59999999999943,134.31507639288438,46.63453216568595,0.7363983514700994,3.4975911016260968,-0.013887397032177938,0.02364004968560606,0.8,35.0
47.64999999999943,134.44499011890687,46.75160061337036,0.7375808204519728,3.4975461268494543,-0.0144966021613122,0.02364937963746838,0.8,35.0
47.69999999999943,134.57478413978492,46.868798590203404,0.7387637565302666,3.497500999567111,-0.015106614709109524,0.02365872156587477,0.8,35.0
47.749999999999424,134.70445829752543,46.986126002564475,0.739947160304739,3.4974557199626672,-0.01571743371223658,0.02366807548944594,0.8,35.0
47.79999999999942,134.83401243409614,47.10358275674695,0.7411310323760512,3.4974102882166944,-0.01632905820652815,0.023677441426244325,0.8,35.0
47.84999999999942,134.96344639142515,47.22116875895787,0.7423153733457403,3.497364704506763,-0.016941487226855085,0.023686819393782907,0.8,35.0
47.899999999999416,135.0927600114005,47.338883915317595,0.743500183816192,3.49731896900747,-0.0175547198069948,0.02369620940903376,0.8,35.0
47.94999999999941,135.22195313586948,47.45672813185948,0.7446854643906138,3.4972730818904725,-0.01816875497950415,0.023705611488436487,0.8,35.0
47.99999999999941,135.35102560663842,47.57470131452954,0.7458712156730091,3.4972270433245116,-0.018783591775594716,0.023715025647906444,0.8,35.0
48.04999999999941,135.47997726547194,47.69280336918613,0.7470574382681512,3.4971808534754447,-0.019399229225010424,0.023724451902842825,0.8,35.0
48.099999999999405,135.6088079540926,47.81103420159958,0.748244132781558,3.4971345125062725,-0.020015666355907458,0.02373389026813657,0.8,35.0
48.1499999999994,135.73751751418044,47.929393717451894,0.7494312998194669,3.497088020577168,-0.02063290219473644,0.023743340758178095,0.8,35.0
48.1999999999994,135.86610578737233,48.04788182233638,0.7506189399888101,3.497041377845505,-0.02125093576612681,0.02375280338686491,0.8,35.0
48.249999999999396,135.99457261526163,48.16649842175733,0.7518070538971906,3.496994584465885,-0.021869766092773368,0.02376227816760903,0.8,35.0
48.29999999999939,136.12291783939767,48.28524342112971,0.7529956421528579,3.496947640590168,-0.022489392195324975,0.02377176511334426,0.8,35.0
48.34999999999939,136.25114130128523,48.40411672577876,0.7541847053646845,3.496900546367498,-0.023109813092275326,0.02378126423653335,0.8,35.0
48.39999999999939,136.37924284238406,48.52311824093974,0.7553742441421433,3.496853301944332,-0.023731027799855777,0.023790775549174945,0.8,35.0
48.449999999999385,136.50722230410838,48.64224787175748,0.7565642590952838,3.496805907464467,-0.024353035331930194,0.023800299062810476,0.8,35.0
48.49999999999938,136.63507952782646,48.76150552328617,0.7577547508347103,3.4967583630690684,-0.02497583469989178,0.023809834788530833,0.8,35.0
48.54999999999938,136.76281435486007,48.880891100488896,0.7589457199715595,3.496710668896697,-0.025599424912561838,0.023819382736982947,0.8,35.0
48.599999999999376,136.890426626484,49.00040450823738,0.7601371671174783,3.4966628250833356,-0.026223804976090462,0.023828942918376225,0.8,35.0
48.64999999999937,137.01791618392554,49.1200456513116,0.7613290928846027,3.4966148317624173,-0.026848973893859058,0.023838515342488854,0.8,35.0
48.69999999999937,137.14528286836415,49.23981443439946,0.7625214978855364,3.496566689064852,-0.027474930666384758,0.02384810001867397,0.8,35.0
48.74999999999937,137.2725265209308,49.35971076209645,0.7637143827333297,3.4965183971190523,-0.028101674291226588,0.023857696955865707,0.8,35.0
48.799999999999365,137.39964698270757,49.47973453890527,0.764907748041459,3.4964699560509622,-0.02872920376289344,0.023867306162585138,0.8,35.0
48.84999999999936,137.52664409472712,49.59988566923551,0.7661015944238063,3.4964213659840815,-0.029357518072753778,0.023876927646946055,0.8,35.0
48.89999999999936,137.6535176979723,49.7201640574033,0.7672959224946394,3.496372627039494,-0.02998661620894704,0.023886561416660675,0.8,35.0
48.949999999999356,137.78026763337556,49.84056960763095,0.7684907328685917,3.496323739335893,-0.030616497156296742,0.02389620747904519,0.8,35.0
48.99999999999935,137.90689374181855,49.96110222404659,0.769686026160643,3.496274702989606,-0.03124715989622519,0.02390586584102524,0.8,35.0
49.04999999999935,138.0333958641316,50.08176181068386,0.7708818029861,3.4962255181146245,-0.031878603406669856,0.023915536509141244,0.8,35.0
49.09999999999935,138.1597738410932,50.20254827148149,0.7720780639605777,3.4961761848226254,-0.032510826662001314,0.02392521948955364,0.8,35.0
49.149999999999345,138.28602751342964,50.32346151028301,0.7732748096999801,3.496126703223,-0.03314382863294275,0.02393491478804801,0.8,35.0
49.19999999999934,138.41215672181445,50.444501430836354,0.774472040820482,3.496077073422878,-0.03377760828649098,0.0239446224100401,0.8,35.0
49.24999999999934,138.5381613068679,50.56566793679352,0.7756697579385111,3.4960272955271536,-0.034412164585839025,0.023954342360580746,0.8,35.0
49.299999999999336,138.66404110915656,50.68696093171018,0.7768679616707291,3.49597736963851,-0.03504749649030011,0.02396407464436068,0.8,35.0
49.34999999999933,138.78979596919285,50.808380319045376,0.7780666526340149,3.495927295857445,-0.03568360295523314,0.023973819265715266,0.8,35.0
49.39999999999933,138.91542572743452,50.9299260021611,0.7792658314454464,3.4958770742822973,-0.03632048293196961,0.02398357622862911,0.8,35.0
49.44999999999933,139.0409302242842,51.05159788432198,0.7804654987222834,3.4958267050092684,-0.0369581353677419,0.0239933455367406,0.8,35.0
49.499999999999325,139.16630930008893,51.17339586869486,0.7816656550819507,3.4957761881324503,-0.03759655920561299,0.02400312719334632,0.8,35.0
49.54999999999932,139.29156279513964,51.29531985834849,0.782866301142021,3.4957255237438485,-0.03823575338440742,0.02401292120140543,0.8,35.0
49.59999999999932,139.41669054967076,51.417369756253116,0.7840674375201983,3.4956747119334066,-0.03887571683864375,0.024022727563543886,0.8,35.0
49.64999999999932,139.54169240385966,51.53954546528012,0.7852690648343011,3.4956237527890313,-0.03951644849846816,0.02403254628205863,0.8,35.0
49.699999999999314,139.66656819782622,51.66184688820167,0.7864711837022472,3.4955726463966155,-0.040157947289589435,0.02404237735892166,0.8,35.0
49.74999999999931,139.7913177716324,51.78427392769032,0.7876737947420365,3.4955213928400632,-0.040800212133215184,0.02405222079578405,0.8,35.0
49.79999999999931,139.91594096528175,51.90682648631864,0.7888768985717355,3.495469992201314,-0.041443241945989286,0.024062076593979843,0.8,35.0
49.849999999999305,140.04043761871884,52.02950446655885,0.7900804958094619,3.4954184445603644,-0.042087035639930576,0.0240719447545299,0.8,35.0
49.8999999999993,140.16480757182896,52.15230777078243,0.7912845870733692,3.4953667499952945,-0.04273159212237271,0.02408182527814567,0.8,35.0
49.9499999999993,140.28905066443755,52.275236301259746,0.7924891729816309,3.495314908582289,-0.043376910295905215,0.024091718165232843,0.8,35.0
49.9999999999993,140.41316673630976,52.398289960159666,0.7936942541524257,3.495262920395662,-0.04402298905831572,0.024101623415894977,0.8,35.0
50.049999999999294,140.53715562714999,52.52146864954918,0.7948998312039225,3.4952107855078807,-0.04466982730253327,0.02411154102993703,0.8,35.0
50.09999999999929,140.66101717660138,52.644772271393,0.7961059047542659,3.495158503989586,-0.04531742391657283,0.02412147100686881,0.8,35.0
50.14999999999929,140.7847512242454,52.7682007275532,0.7973124754215614,3.495106075909618,-0.04596577778348078,0.024131413345908372,0.8,35.0
50.199999999999285,140.90835760960147,52.89175391978878,0.7985195438238606,3.4950535013350374,-0.04661488778128166,0.02414136804598533,0.8,35.0
50.24999999999928,141.03183617212628,53.01543174975533,0.7997271105791478,3.4950007803311496,-0.04726475278292578,0.024151335105744114,0.8,35.0
50.29999999999928,141.15518675121353,53.139234119004584,0.8009351763053252,3.494947912961525,-0.04791537165623804,0.024161314523547153,0.8,35.0
50.34999999999928,141.2784091861934,53.263160928984064,0.8021437416201991,3.4948948992880235,-0.04856674326386767,0.024171306297477994,0.8,35.0
50.399999999999274,141.401503316332,53.387212081036665,0.8033528071414663,3.494841739370816,-0.049218866463239065,0.024181310425344358,0.8,35.0
50.44999999999927,141.52446898083113,53.51138747640026,0.8045623734867003,3.4947884332684067,-0.04987174010650352,0.024191326904681128,0.8,35.0
50.49999999999927,141.64730601882766,53.635687016207285,0.805772441273338,3.494734981037654,-0.05052536304049202,0.024201355732753293,0.8,35.0
50.549999999999265,141.77001426939307,53.76011060148436,0.806983011118666,3.494681382733795,-0.051179734106668984,0.024211396906558803,0.8,35.0
50.59999999999926,141.8925935715331,53.884658133151845,0.8081940836398076,3.4946276384104635,-0.05183485214108689,0.024221450422831393,0.8,35.0
50.64999999999926,142.0150437641872,54.00932951202348,0.8094056594537098,3.494573748119716,-0.05249071597434193,0.02423151627804334,0.8,35.0
50.69999999999926,142.13736468622812,54.134124638805936,0.8106177391771302,3.4945197119120497,-0.05314732443153047,0.024241594468408147,0.8,35.0
50.749999999999254,142.2595561764615,54.25904341409842,0.8118303234266243,3.4944655298364253,-0.05380467633220651,0.024251684989883206,0.8,35.0
50.79999999999925,142.38161807362533,54.384085738392265,0.813043412818533,3.4944112019402884,-0.05446277049034,0.024261787838172368,0.8,35.0
50.84999999999925,142.50355021638958,54.50925151207049,0.8142570079689694,3.49435672826959,-0.05512160571427596,0.024271903008728498,0.8,35.0
50.899999999999245,142.62535244335572,54.63454063540741,0.8154711094938072,3.494302108868809,-0.055781180806694586,0.024282030496755945,0.8,35.0
50.94999999999924,142.74702459305627,54.759953008568196,0.8166857180086678,3.4942473437809696,-0.05644149456457207,0.024292170297212985,0.8,35.0
50.99999999999924,142.86856650395438,54.88548853160845,0.8179008341289086,3.494192433047666,-0.057102545779142345,0.0243023224048142,0.8,35.0
51.04999999999924,142.98997801444338,55.0111471044738,0.8191164584696102,3.4941373767090815,-0.05776433323585961,0.024312486814032815,0.8,35.0
51.099999999999234,143.1112589628463,55.13692862699944,0.8203325916455654,3.494082174804008,-0.05842685571436166,0.024322663519102984,0.8,35.0
51.14999999999923,143.2324091874155,55.26283299890973,0.8215492342712665,3.494026827369867,-0.059090111988434016,0.02433285251402204,0.8,35.0
51.19999999999923,143.35342852633212,55.38886011981774,0.8227663869608941,3.493971334442732,-0.05975410082597485,0.024343053792552673,0.8,35.0
51.249999999999226,143.4743168177058,55.51500988922484,0.8239840503283054,3.4939156960573445,-0.06041882098896064,0.0243532673482251,0.8,35.0
51.29999999999922,143.59507389957412,55.64128220652023,0.8252022249870223,3.493859912247138,-0.061084271233412625,0.024363493174339158,0.8,35.0
51.34999999999922,143.71569960990217,55.76767697098053,0.8264209115502207,3.4938039830442547,-0.06175045030936397,0.024373731263966376,0.8,35.0
51.39999999999922,143.8361937865822,55.89419408176933,0.8276401106307183,3.4937479084795675,-0.0624173569608277,0.02438398160995199,0.8,35.0
51.449999999999214,143.95655626743306,56.020833437936716,0.8288598228409642,3.4936916885826985,-0.06308498992576533,0.02439424420491693,0.8,35.0
51.49999999999921,144.07678689019988,56.14759493841888,0.8300800487930271,3.4936353233820396,-0.06375334793605622,0.02440451904125976,0.8,35.0
51.54999999999921,144.19688549255363,56.274478482037615,0.8313007890985851,3.49357881290477,-0.06442242971746762,0.024414806111158576,0.8,35.0
51.599999999999206,144.31685191209058,56.4014839674999,0.8325220443689137,3.4935221571768778,-0.06509223398962541,0.024425105406572875,0.8,35.0
51.6499999999992,144.43668598633204,56.52861129339742,0.8337438152148761,3.4934653562231777,-0.06576275946598555,0.024435416919245372,0.8,35.0
51.6999999999992,144.55638755272378,56.65586035820613,0.8349661022469113,3.49340841006733,-0.06643400485380616,0.024445740640703793,0.8,35.0
51.7499999999992,144.67595644863567,56.78323106028578,0.8361889060750244,3.4933513187318606,-0.06710596885412026,0.024456076562262622,0.8,35.0
51.799999999999194,144.7953925113613,56.910723297879464,0.8374122273087756,3.4932940822381786,-0.06777865016170925,0.024466424675024828,0.8,35.0
51.84999999999919,144.9146955781175,57.038336969113146,0.8386360665572699,3.4932367006065963,-0.06845204746507687,0.02447678496988354,0.8,35.0
51.89999999999919,145.03386548604388,57.166071971995194,0.839860424429146,3.493179173856347,-0.06912615944642392,0.02448715743752369,0.8,35.0
51.949999999999186,145.15290207220252,57.29392820441592,0.8410853015325672,3.4931215020056037,-0.06980098478162361,0.024497542068423642,0.8,35.0
51.99999999999918,145.27180517357746,57.4219055641471,0.84231069847521,3.4930636850714967,-0.07047652214019744,0.02450793885285676,0.8,35.0
52.04999999999918,145.39057462707436,57.5500039488415,0.8435366158642547,3.4930057230701332,-0.07115277018529174,0.024518347780892968,0.8,35.0
52.09999999999918,145.50921026952,57.67822325603239,0.8447630543063747,3.4929476160166155,-0.07182972757365481,0.024528768842400264,0.8,35.0
52.149999999999174,145.6277119376619,57.80656338313308,0.8459900144077269,3.492889363925057,-0.07250739295561465,0.024539202027046216,0.8,35.0
52.19999999999917,145.74607946816795,57.935024227436436,0.8472174967739419,3.492830966808603,-0.0731857649750572,0.024549647324299415,0.8,35.0
52.24999999999917,145.86431269762593,58.063605686114364,0.8484455020101134,3.4927724246794463,-0.0738648422694053,0.02456010472343091,0.8,35.0
52.299999999999166,145.98241146254318,58.19230765621737,0.8496740307207892,3.4927137375488457,-0.07454462346959809,0.02457057421351561,0.8,35.0
52.34999999999916,146.1003755993461,58.321130034674034,0.8509030835099609,3.492654905427144,-0.075225107200071,0.024581055783433645,0.8,35.0
52.39999999999916,146.21820494437986,58.45007271829052,0.8521326609810544,3.492595928323785,-0.07590629207873631,0.024591549421871736,0.8,35.0
52.44999999999916,146.33589933390783,58.5791356037501,0.8533627637369207,3.492536806247331,-0.07658817671696426,0.0246020551173245,0.8,35.0
52.499999999999154,146.45345860411132,58.70831858761264,0.8545933923798255,3.4924775392054803,-0.07727075971956467,0.02461257285809574,0.8,35.0
52.54999999999915,146.57088259108914,58.83762156631408,0.8558245475114404,3.4924181272050845,-0.07795403968476908,0.02462310263229973,0.8,35.0
52.59999999999915,146.6881711308572,58.96704443616597,0.8570562297328336,3.492358570252165,-0.07863801520421347,0.024633644427862447,0.8,35.0
52.649999999999146,146.80532405934807,59.096587093354934,0.8582884396444597,3.4922988683519303,-0.07932268486292142,0.02464419823252279,0.8,35.0
52.69999999999914,146.92234121241063,59.22624943394217,0.8595211778461513,3.4922390215087935,-0.08000804723928784,0.024654764033833775,0.8,35.0
52.74999999999914,147.03922242580967,59.35603135386293,0.8607544449371095,3.4921790297263886,-0.08069410090506315,0.024665341819163723,0.8,35.0
52.79999999999914,147.1559675352255,59.48593274892602,0.8619882415158944,3.492118893007586,-0.08138084442533806,0.02467593157569738,0.8,35.0
52.849999999999135,147.2725763762535,59.61595351481325,0.8632225681804162,3.4920586113545116,-0.08206827635852867,0.02468653329043707,0.8,35.0
52.89999999999913,147.38904878440385,59.74609354707895,0.8644574255279264,3.491998184768561,-0.0827563952563622,0.02469714695020379,0.8,35.0
52.94999999999913,147.505384595101,59.87635274114942,0.8656928141550083,3.491937613250417,-0.08344519966386316,0.024707772541638286,0.8,35.0
52.999999999999126,147.62158364368335,60.00673099232242,0.8669287346575685,3.4918768968000666,-0.0841346881193399,0.02471841005120213,0.8,35.0
53.04999999999912,147.73764576540296,60.13722819576662,0.8681651876308274,3.491816035416815,-0.08482485915437182,0.024729059465178754,0.8,35.0
53.09999999999912,147.85357079542496,60.267844246521086,0.8694021736693112,3.4917550290993034,-0.08551571129379686,0.024739720769674477,0.8,35.0
53.14999999999912,147.96935856882735,60.39857903949475,0.8706396933668421,3.491693877845525,-0.08620724305569946,0.024750393950619502,0.8,35.0
53.199999999999115,148.08500892060053,60.52943246946584,0.8718777473165306,3.4916325816528397,-0.08689945295139914,0.024761078993768903,0.8,35.0
53.24999999999911,148.20052168564695,60.66040443108136,0.8731163361107658,3.491571140517992,-0.08759233948543932,0.02477177588470359,0.8,35.0
53.29999999999911,148.31589669878073,60.791494818856556,0.8743554603412074,3.491509554437124,-0.08828590115557668,0.024782484608831267,0.8,35.0
53.349999999999106,148.4311337947273,60.92270352717435,0.8755951205987768,3.491447823405793,-0.08898013645277092,0.024793205151387335,0.8,35.0
53.3999999999991,148.54623280812297,61.05403045028479,0.8768353174736485,3.4913859474189866,-0.08967504386117503,0.024803937497435834,0.8,35.0
53.4499999999991,148.66119357351468,61.18547548230451,0.878076051555242,3.491323926471138,-0.09037062185812583,0.024814681631870318,0.8,35.0
53.4999999999991,148.7760159253595,61.31703851721617,0.8793173234322128,3.4912617605561413,-0.09106686891413511,0.02482543753941474,0.8,35.0
53.549999999999095,148.89069969802432,61.44871944886788,0.880559133692444,3.4911994496673664,-0.09176378349288102,0.024836205204624318,0.8,35.0
53.59999999999909,149.0052447257855,61.58051817097267,0.8818014829230383,3.491136993797675,-0.09246136405119998,0.024846984611886367,0.8,35.0
53.64999999999909,149.1196508428285,61.71243457710789,0.8830443717103094,3.491074392939435,-0.09315960903907897,0.024857775745421154,0.8,35.0
53.699999999999086,149.23391788324744,61.84446856071468,0.8842878006397735,3.491011647084536,-0.09385851689964816,0.02486857858928269,0.8,35.0
53.74999999999908,149.34804568104494,61.97662001509736,0.8855317702961415,3.4909487562244035,-0.09455808606917408,0.024879393127359546,0.8,35.0
53.79999999999908,149.46203407013155,62.10888883342288,0.8867762812633103,3.490885720350014,-0.09525831497705299,0.02489021934337563,0.8,35.0
53.84999999999908,149.5758828843255,62.24127490872025,0.8880213341243549,3.49082253945191,-0.09595920204580481,0.024901057220890976,0.8,35.0
53.899999999999075,149.68959195735232,62.37377813387993,0.8892669294615201,3.4907592135202146,-0.09666074569106732,0.02491190674330248,0.8,35.0
53.94999999999907,149.8031611228445,62.506398401653286,0.8905130678562123,3.490695742544646,-0.0973629443215908,0.02492276789384466,0.8,35.0
53.99999999999907,149.91659021434114,62.63913560465196,0.8917597498889919,3.490632126514531,-0.09806579633923304,0.024933640655590388,0.8,35.0
54.049999999999066,150.02987906528764,62.771989635347325,0.8930069761395645,3.490568365418821,-0.0987693001389547,0.024944525011451606,0.8,35.0
54.09999999999906,150.14302750903528,62.90496038606985,0.8942547471867734,3.4905044592461056,-0.09947345410881504,0.024955420944180032,0.8,35.0
54.14999999999906,150.2560353788409,63.03804774900856,0.8955030636085919,3.490440407984626,-0.10017825662996807,0.024966328436367865,0.8,35.0
54.19999999999906,150.3689025078666,63.17125161621038,0.8967519259821143,3.49037621162229,-0.10088370607665895,0.024977247470448452,0.8,35.0
54.249999999999055,150.48162872917942,63.30457187957956,0.8980013348835492,3.4903118701466855,-0.10158980081622088,0.024988178028696975,0.8,35.0
54.29999999999905,150.59421387575088,63.43800843087709,0.8992512908882108,3.4902473835450962,-0.10229653920907225,0.0249991200932311,0.8,35.0
54.34999999999905,150.70665778045677,63.571561161720055,0.9005017945705114,3.4901827518045123,-0.10300391960871416,0.025010073646011634,0.8,35.0
54.39999999999905,150.81896027607678,63.70522996358105,0.9017528465039535,3.490117974911647,-0.10371194036172834,0.02502103866884316,0.8,35.0
54.449999999999044,150.93112119529417,63.83901472778756,0.9030044472611222,3.490053052852949,-0.10442059980777532,0.02503201514337467,0.8,35.0
54.49999999999904,151.04314037069543,63.972915345521336,0.9042565974136771,3.4899879856146168,-0.10512989627959304,0.025043003051100174,0.8,35.0
54.54999999999904,151.15501763476996,64.1069317078178,0.9055092975323451,3.4899227731826112,-0.10583982810299573,0.025054002373359315,0.8,35.0
54.599999999999035,151.26675281990975,64.24106370556538,0.906762548186912,3.4898574155426694,-0.10655039359687314,0.025065013091337962,0.8,35.0
54.64999999999903,151.3783457584091,64.37531122950493,0.9080163499462155,3.4897919126803187,-0.10726159107319012,0.02507603518606881,0.8,35.0
54.69999999999903,151.48979628246423,64.50967417022908,0.9092707033781371,3.4897262645808893,-0.10797341883698655,0.025087068638431947,0.8,35.0
54.74999999999903,151.60110422417299,64.64415241818158,0.9105256090495949,3.489660471229528,-0.10868587518637748,0.025098113429155428,0.8,35.0
54.799999999999024,151.71226941553456,64.77874586365672,0.9117810675265356,3.4895945326112106,-0.10939895841255379,0.025109169538815847,0.8,35.0
54.84999999999902,151.8232916884492,64.91345439679866,0.9130370793739276,3.4895284487107556,-0.11011266679978293,0.02512023694783887,0.8,35.0
54.89999999999902,151.93417087471775,65.04827790760075,0.9142936451557526,3.4894622195128373,-0.11082699862541023,0.025131315636499806,0.8,35.0
54.949999999999015,152.04490680604155,65.18321628590496,0.9155507654349988,3.4893958450019986,-0.11154195215986032,0.02514240558492412,0.8,35.0
54.99999999999901,152.155499314022,65.3182694214012,0.9168084407736532,3.489329325162663,-0.11225752566663894,0.025153506773087978,0.8,35.0
55.04999999999901,152.2659482301603,65.45343720362665,0.9180666717326942,3.4892626599791488,-0.11297371740233511,0.025164619180818765,0.8,35.0
55.09999999999901,152.37625338585713,65.58871952196513,0.919325458872084,3.4891958494356805,-0.11369052561662354,0.025175742787795597,0.8,35.0
55.149999999999004,152.48641461241237,65.72411626564644,0.9205848027507615,3.4891288935164027,-0.11440794855226735,0.02518687757354983,0.8,35.0
55.199999999999,152.59643174102482,65.85962732374568,0.9218447039266348,3.4890617922053915,-0.1151259844451211,0.025198023517465556,0.8,35.0
55.249999999999,152.70630460279187,65.99525258518263,0.9231051629565737,3.4889945454866678,-0.11584463152413411,0.025209180598780103,0.8,35.0
55.299999999998995,152.81603302870926,66.13099193872101,0.924366180396403,3.488927153344209,-0.11656388801135419,0.025220348796584517,0.8,35.0
55.34999999999899,152.92561684967072,66.26684527296791,0.9256277568008942,3.4888596157619625,-0.11728375212193141,0.025231528089824044,0.8,35.0
55.39999999999899,153.03505589646778,66.40281247637304,0.9268898927237591,3.488791932723856,-0.11800422206412248,0.0252427184572986,0.8,35.0
55.44999999999899,153.14434999978943,66.53889343722807,0.9281525887176423,3.4887241042138113,-0.11872529603929512,0.025253919877663247,0.8,35.0
55.499999999998984,153.2534989902218,66.67508804366595,0.9294158453341137,3.4886561302157566,-0.11944697224193294,0.025265132329428647,0.8,35.0
55.54999999999898,153.362502698248,66.81139618366025,0.9306796631236618,3.4885880107136376,-0.12016924885964052,0.025276355790961522,0.8,35.0
55.59999999999898,153.47136095424773,66.94781774502447,0.9319440426356861,3.4885197456914296,-0.12089212407314871,0.025287590240485103,0.8,35.0
55.649999999998975,153.5800735884971,67.08435261541132,0.9332089844184901,3.48845133513315,-0.12161559605632039,0.025298835656079578,0.8,35.0
55.69999999999897,153.6886404311683,67.22100068231205,0.9344744890192742,3.48838277902287,-0.12233966297615627,0.025310092015682528,0.8,35.0
55.74999999999897,153.79706131232933,67.35776183305579,0.9357405569841287,3.488314077344725,-0.1230643229928012,0.025321359297089358,0.8,35.0
55.79999999999897,153.90533606194384,67.49463595480876,0.9370071888580264,3.4882452300829296,-0.12378957425955062,0.025332637477953744,0.8,35.0
55.849999999998964,154.0134645098707,67.63162293457366,0.9382743851848158,3.4881762372217855,-0.12451541492285727,0.02534392653578804,0.8,35.0
55.89999999999896,154.12144648586386,67.76872265918892,0.9395421465072139,3.488107098745695,-0.12524184312233827,0.025355226447963713,0.8,35.0
55.94999999999896,154.2292818195721,67.90593501532803,0.9408104733667995,3.4880378146391724,-0.12596885699078242,0.025366537191711738,0.8,35.0
55.999999999998956,154.33697034053873,68.04325988949874,0.9420793663040056,3.4879683848868552,-0.12669645465415771,0.025377858744123034,0.8,35.0
56.04999999999895,154.44451187820133,68.18069716804246,0.943348825858113,3.487898809473516,-0.12742463423161923,0.02538919108214886,0.8,35.0
56.09999999999895,154.55190626189156,68.31824673713346,0.944618852567243,3.4878290883840735,-0.12815339383551716,0.025400534182601218,0.8,35.0
56.14999999999895,154.65915332083486,68.4559084827782,0.9458894469683506,3.487759221603602,-0.12888273157140523,0.025411888022153255,0.8,35.0
56.199999999998944,154.76625288415028,68.59368229081456,0.9471606095972176,3.4876892091173466,-0.12961264553804927,0.02542325257733966,0.8,35.0
56.24999999999894,154.87320478085013,68.73156804691115,0.9484323409884454,3.48761905091073,-0.13034313382743612,0.02543462782455705,0.8,35.0
56.29999999999894,154.98000883983988,68.86956563656658,0.9497046416754487,3.4875487469693662,-0.13107419452478275,0.025446013740064367,0.8,35.0
56.349999999998936,155.0866648899178,69.00767494510869,0.9509775121904478,3.4874782972790714,-0.13180582570854568,0.025457410299983264,0.8,35.0
56.39999999999893,155.19317275977485,69.14589585769386,0.9522509530644627,3.487407701825873,-0.13253802545043056,0.025468817480298476,0.8,35.0
56.44999999999893,155.29953227799433,69.28422825930623,0.9535249648273056,3.487336960596023,-0.1332707918154021,0.025480235256858212,0.8,35.0
56.49999999999893,155.40574327305177,69.42267203475699,0.9547995480075744,3.4872660735760075,-0.1340041228616943,0.02549166360537452,0.8,35.0
56.549999999998924,155.5118055733146,69.56122706868358,0.9560747031326455,3.4871950407525563,-0.13473801664082066,0.025503102501423666,0.8,35.0
56.59999999999892,155.61771900704204,69.69989324554903,0.9573504307286679,3.487123862112656,-0.13547247119758504,0.025514551920446504,0.8,35.0
56.64999999999892,155.72348340238483,69.83867044964114,0.9586267313205553,3.4870525376435593,-0.13620748457009235,0.025526011837748847,0.8,35.0
56.699999999998916,155.82909858738503,69.97755856507172,0.9599036054319804,3.486981067332795,-0.13694305478975985,0.025537482228501822,0.8,35.0
56.74999999999891,155.93456438997578,70.11655747577586,0.9611810535853675,3.4869094511681804,-0.1376791798813284,0.025548963067742243,0.8,35.0
56.79999999999891,156.03988063798113,70.25566706551118,0.9624590763018862,3.4868376891378294,-0.13841585786287422,0.02556045433037297,0.8,35.0
56.84999999999891,156.14504715911582,70.394887217857,0.9637376741014444,3.4867657812301642,-0.13915308674582058,0.02557195599116325,0.8,35.0
56.899999999998904,156.25006378098513,70.53421781621368,0.9650168475026819,3.4866937274339262,-0.13989086453495003,0.0255834680247491,0.8,35.0
56.9499999999989,156.35493033108457,70.67365874380172,0.9662965970229636,3.4866215277381847,-0.14062918922841672,0.025594990405633646,0.8,35.0
56.9999999999989,156.45964663679985,70.81320988366109,0.967576923178373,3.486549182132348,-0.14136805881775888,0.025606523108187472,0.8,35.0
57.049999999998896,156.56421252540653,70.95287111865038,0.9688578264837054,3.4864766906061737,-0.14210747128791176,0.025618066106648973,0.8,35.0
57.09999999999889,156.66862782406994,71.09264233144607,0.9701393074524617,3.4864040531497786,-0.1428474246172206,0.025629619375124712,0.8,35.0
57.14999999999889,156.77289235984495,71.23252340454172,0.9714213665968412,3.486331269753648,-0.14358791677745392,0.02564118288758975,0.8,35.0
57.19999999999889,156.87700595967576,71.3725142202472,0.9727040044277356,3.486258340408648,-0.144328945733817,0.025652756617888003,0.8,35.0
57.249999999998884,156.98096845039584,71.51261466068785,0.9739872214547223,3.4861852651060308,-0.1450705094449656,0.025664340539732586,0.8,35.0
57.29999999999888,157.0847796587276,71.65282460780374,0.9752710181860575,3.4861120438374504,-0.14581260586302003,0.025675934626706146,0.8,35.0
57.34999999999888,157.18843941128236,71.79314394334887,0.9765553951286706,3.4860386765949682,-0.1465552329335792,0.02568753885226121,0.8,35.0
57.399999999998876,157.2919475345601,71.93357254889033,0.9778403527881566,3.485965163371064,-0.14729838859573513,0.02569915318972052,0.8,35.0
57.44999999999887,157.39530385494933,72.07411030580752,0.9791258916687705,3.4858915041586456,-0.1480420707820876,0.025710777612277372,0.8,35.0
57.49999999999887,157.49850819872688,72.21475709529139,0.9804120122734203,3.485817698951059,-0.14878627741875888,0.02572241209299596,0.8,35.0
57.54999999999887,157.6015603920578,72.35551279834353,0.9816987151036609,3.485743747742098,-0.14953100642540898,0.025734056604811706,0.8,35.0
57.599999999998865,157.70446026099518,72.49637729577543,0.9829860006596874,3.4856696505260114,-0.15027625571525086,0.02574571112053159,0.8,35.0
57.64999999999886,157.80720763148005,72.63735046820766,0.9842738694403291,3.485595407297516,-0.151022023195066,0.025757375612834494,0.8,35.0
57.69999999999886,157.90980232934115,72.778432196069,0.9855623219430427,3.485521018051804,-0.1517683067652201,0.02576905005427153,0.8,35.0
57.749999999998856,158.0122441802948,72.91962235959569,0.986851358663906,3.4854464827845524,-0.1525151043196791,0.025780734417266377,0.8,35.0
57.79999999999885,158.11453300994484,73.06092083883054,0.9881409800976119,3.4853718014919326,-0.15326241374602528,0.02579242867411561,0.8,35.0
57.84999999999885,158.2166686437824,73.20232751362215,0.9894311867374613,3.4852969741706192,-0.15401023292547378,0.025804132796989027,0.8,35.0
57.89999999999885,158.31865090718586,73.34384226362404,0.9907219790753579,3.4852220008178008,-0.15475855973288904,0.02581584675792999,0.8,35.0
57.949999999998845,158.4204796254206,73.48546496829384,0.9920133576018006,3.485146881431187,-0.15550739203680175,0.02582757052885575,0.8,35.0
57.99999999999884,158.52215462363895,73.62719550689245,0.9933053228058786,3.4850716160090185,-0.15625672769942586,0.025839304081557775,0.8,35.0
58.04999999999884,158.62367572688012,73.76903375848318,0.9945978751752637,3.484996204550076,-0.15700656457667578,0.025851047387702088,0.8,35.0
58.099999999998836,158.72504276006998,73.91097960193092,0.9958910151962052,3.4849206470536904,-0.15775690051818383,0.025862800418829587,0.8,35.0
58.14999999999883,158.82625554802098,74.0530329159013,0.997184743353523,3.484844943519749,-0.15850773336731802,0.025874563146356385,0.8,35.0
58.19999999999883,158.92731391543205,74.19519357885981,0.9984790601306017,3.4847690939487066,-0.15925906096119974,0.025886335541574122,0.8,35.0
58.24999999999883,159.0282176868885,74.337461469071,0.9997739660093843,3.484693098341594,-0.16001088113072198,0.025898117575650317,0.8,35.0
58.299999999998825,159.12896668686184,74.47983646459755,1.0010694614703657,3.484616956700026,-0.16076319170056752,0.02590990921962868,0.8,35.0
58.34999999999882,159.22956073970985,74.62231844329949,1.0023655469925872,3.4845406690262104,-0.16151599048922746,0.02592171044442945,0.8,35.0
58.39999999999882,159.32999966967628,74.76490728283325,1.0036622230536296,3.484464235322958,-0.16226927530901994,0.02593352122084971,0.8,35.0
58.449999999998816,159.4302833008909,74.90760286065088,1.0049594901296077,3.484387655593689,-0.16302304396610892,0.025945341519563746,0.8,35.0
58.49999999999881,159.5304114573693,75.05040505399913,1.0062573486951638,3.484310929842443,-0.16377729426052343,0.025957171311123343,0.8,35.0
58.54999999999881,159.63038396301297,75.19331373991858,1.0075557992234616,3.4842340580738864,-0.1645320239861767,0.02596901056595814,0.8,35.0
58.59999999999881,159.73020064160903,75.33632879524279,1.0088548421861805,3.484157040293323,-0.16528723093088576,0.02598085925437594,0.8,35.0
58.649999999998805,159.82986131683026,75.47945009659739,1.0101544780535086,3.4840798765067,-0.16604291287639114,0.025992717346563058,0.8,35.0
58.6999999999988,159.92936581223503,75.62267752039922,1.0114547072941378,3.484002566720618,-0.16679906759837668,0.026004584812584643,0.8,35.0
58.7499999999988,160.02871395126718,75.76601094285546,1.0127555303752571,3.4839251109423377,-0.16755569286648964,0.02601646162238501,0.8,35.0
58.799999999998796,160.12790555725596,75.90945023996268,1.0140569477625465,3.4838475091797902,-0.16831278644436104,0.026028347745787973,0.8,35.0
58.84999999999879,160.226940453416,76.05299528750604,1.0153589599201713,3.483769761441584,-0.16907034608962607,0.026040243152497176,0.8,35.0
58.89999999999879,160.32581846284725,76.19664596105831,1.0166615673107762,3.4836918677370137,-0.16982836955394476,0.026052147812096426,0.8,35.0
58.94999999999879,160.42453940853488,76.34040213597905,1.0179647703954786,3.4836138280760665,-0.1705868545830229,0.02606406169405003,0.8,35.0
58.999999999998785,160.52310311334926,76.48426368741363,1.0192685696338637,3.4835356424694326,-0.17134579891663299,0.02607598476770312,0.8,35.0
59.04999999999878,160.62150940004594,76.62823049029241,1.0205729654839777,3.4834573109285123,-0.1721052002886356,0.026087917002282003,0.8,35.0
59.09999999999878,160.71975809126556,76.77230241932979,1.0218779584023223,3.4833788334654234,-0.1728650564270007,0.02609985836689448,0.8,35.0
59.149999999998776,160.81784900953386,76.91647934902328,1.0231835488438488,3.4833002100930095,-0.1736253650538294,0.02611180883053019,0.8,35.0
59.199999999998774,160.9157819772616,77.06076115365263,1.024489737261952,3.483221440824848,-0.17438612388537558,0.02612376836206095,0.8,35.0
59.24999999999877,161.01355681674448,77.20514770727894,1.025796524108464,3.483142525675258,-0.1751473306320681,0.02613573693024109,0.8,35.0
59.29999999999877,161.1111733501633,77.34963888374364,1.0271039098336492,3.4830634646593075,-0.1759089829985328,0.026147714503707786,0.8,35.0
59.349999999998765,161.20863139958374,77.49423455666766,1.0284118948861982,3.4829842577928223,-0.17667107868361498,0.026159701050981414,0.8,35.0
59.39999999999876,161.30593078695642,77.63893459945052,1.0297204797132216,3.4829049050923926,-0.17743361538040187,0.026171696540465875,0.8,35.0
59.44999999999876,161.4030713341169,77.7837388852693,1.031029664760244,3.482825406575381,-0.17819659077624544,0.02618370094044894,0.8,35.0
59.49999999999876,161.50005286278568,77.92864728707782,1.0323394504711991,3.4827457622599303,-0.1789600025527853,0.02619571421910261,0.8,35.0
59.549999999998754,161.5968751945681,78.07365967760566,1.0336498372884233,3.48266597216497,-0.17972384838597172,0.026207736344483427,0.8,35.0
59.59999999999875,161.69353815095448,78.21877592935722,1.03496082565265,3.4825860363102255,-0.180488125946089,0.02621976728453285,0.8,35.0
59.64999999999875,161.79004155332,78.3639959146108,1.0362724160030037,3.482505954716224,-0.1812528328977789,0.026231807007077588,0.8,35.0
59.699999999998745,161.8863852229248,78.50931950541762,1.037584608776995,3.482425727404303,-0.18201796690006428,0.026243855479829943,0.8,35.0
59.74999999999874,161.98256898091384,78.65474657360097,1.0388974044105146,3.4823453543966174,-0.18278352560637284,0.026255912670388164,0.8,35.0
59.79999999999874,162.07859264831717,78.80027699075515,1.0402108033378263,3.4822648357161463,-0.18354950666456127,0.026267978546236796,0.8,35.0
59.84999999999874,162.1744560460497,78.9459106282446,1.0415248059915636,3.4821841713867,-0.18431590771693923,0.026280053074747026,0.8,35.0
59.899999999998734,162.27015899491136,79.09164735720292,1.0428394128027225,3.482103361432929,-0.18508272640029383,0.02629213622317704,0.8,35.0
59.94999999999873,162.3657013155871,79.23748704853188,1.044154624200656,3.4820224058803286,-0.18584996034591408,0.026304227958672377,0.8,35.0
59.99999999999873,162.46108282864688,79.38342957290055,1.0454704406130695,3.481941304755248,-0.18661760717961562,0.02631632824826628,0.8,35.0
60.049999999998725,162.55630335454578,79.52947480074427,1.0467868624660135,3.4818600580848975,-0.1873856645217655,0.026328437058880046,0.8,35.0
60.09999999999872,162.651362713624,79.6756226022637,1.0481038901838797,3.4817786658973535,-0.1881541299873073,0.0263405543573234,0.8,35.0
60.14999999999872,162.74626072610687,79.82187284742386,1.0494215241893945,3.481697128221567,-0.1889230011857863,0.026352680110294832,0.8,35.0
60.19999999999872,162.84099721210498,79.96822540595318,1.0507397649036136,3.4816154450873715,-0.18969227572137484,0.026364814284381977,0.8,35.0
60.249999999998714,162.9355719916142,80.11468014734247,1.0520586127459168,3.4815336165254873,-0.19046195119289788,0.02637695684606196,0.8,35.0
60.29999999999871,163.0299848845157,80.26123694084403,1.053378068134002,3.4814516425675297,-0.19123202519385865,0.026389107761701773,0.8,35.0
60.34999999999871,163.12423571057607,80.40789565547061,1.05469813148388,3.481369523246017,-0.19200249531246463,0.026401266997558626,0.8,35.0
60.399999999998705,163.21832428944734,80.55465615999445,1.056018803209869,3.4812872585943753,-0.1927733591316535,0.02641343451978032,0.8,35.0
60.4499999999987,163.3122504406671,80.70151832294628,1.0573400837245892,3.4812048486469456,-0.19354461422911937,0.026425610294405613,0.8,35.0
60.4999999999987,163.40601398365857,80.8484820126144,1.0586619734389575,3.481122293438992,-0.19431625817733914,0.02643779428736459,0.8,35.0
60.5499999999987,163.4996147377306,80.99554709704358,1.0599844727621814,3.4810395930067055,-0.19508828854359908,0.02644998646447903,0.8,35.0
60.599999999998694,163.59305252207793,81.14271344403419,1.0613075821017546,3.4809567473872143,-0.1958607028900215,0.02646218679146278,0.8,35.0
60.64999999999869,163.68632715578104,81.28998092114111,1.0626313018634508,3.480873756618587,-0.19663349877359154,0.026474395233922126,0.8,35.0
60.69999999999869,163.7794384578065,81.43734939567281,1.0639556324513186,3.4807906207398402,-0.1974066737461843,0.026486611757356174,0.8,35.0
60.749999999998685,163.87238624700686,81.58481873469029,1.0652805742676765,3.4807073397909463,-0.19818022535459195,0.02649883632715722,0.8,35.0
60.79999999999868,163.9651703421209,81.73238880500612,1.0666061277131071,3.480623913812837,-0.19895415114055107,0.026511068908611126,0.8,35.0
60.84999999999868,164.0577905617737,81.88005947318344,1.067932293186452,3.4805403428474126,-0.1997284486407701,0.02652330946689771,0.8,35.0
60.89999999999868,164.15024672447663,82.02783060553489,1.0692590710848067,3.480456626937547,-0.2005031153869571,0.02653555796709112,0.8,35.0
60.949999999998674,164.24253864862771,82.17570206812168,1.0705864618035146,3.480372766127094,-0.20127814890584744,0.02654781437416022,0.8,35.0
60.99999999999867,164.33466615251152,82.32367372675255,1.071914465736163,3.4802887604608923,-0.20205354671923184,0.026560078652968968,0.8,35.0
61.04999999999867,164.4266290542994,82.47174544698274,1.0732430832745767,3.4802046099847748,-0.20282930634398447,0.026572350768276815,0.8,35.0
61.099999999998666,164.51842717204968,82.61991709411299,1.0745723148088138,3.4801203147455717,-0.20360542529209116,0.026584630684739086,0.8,35.0
61.14999999999866,164.61006032370761,82.76818853318852,1.075902160727159,3.480035874791118,-0.20438190107067788,0.02659691836690737,0.8,35.0
61.19999999999866,164.7015283271057,82.91655962899802,1.0772326214161205,3.4799512901702596,-0.2051587311820393,0.026609213779229906,0.8,35.0
61.24999999999866,164.7928309999638,83.06503024607258,1.0785636972604231,3.4798665609328583,-0.2059359131236675,0.02662151688605199,0.8,35.0
61.299999999998654,164.88396815988918,83.21360024868473,1.0798953886430038,3.479781687129799,-0.2067134443882808,0.026633827651616364,0.8,35.0
61.34999999999865,164.97493962437682,83.36226950084735,1.0812276959450071,3.4796966688129944,-0.2074913224638529,0.026646146040063604,0.8,35.0
61.39999999999865,165.06574521080944,83.51103786631268,1.0825606195457786,3.479611506035393,-0.20826954483364193,0.026658472015432533,0.8,35.0
61.449999999998646,165.15638473645777,83.65990520857127,1.0838941598228617,3.4795261988509814,-0.20904810897621978,0.026670805541660614,0.8,35.0
61.49999999999864,165.24685801848068,83.80887139085097,1.085228317151991,3.4794407473147935,-0.2098270123655016,0.026683146582584354,0.8,35.0
61.54999999999864,165.33716487392533,83.95793627611582,1.0865630919070879,3.4793551514829146,-0.21060625247077544,0.026695495101939706,0.8,35.0
61.59999999999864,165.42730511972744,84.10709972706509,1.087898484460256,3.479269411412487,-0.21138582675673184,0.02670785106336248,0.8,35.0
61.649999999998634,165.51727857271135,84.25636160613222,1.0892344951817754,3.4791835271617164,-0.21216573268349392,0.026720214430388745,0.8,35.0
61.69999999999863,165.60708504959032,84.40572177548371,1.0905711244400982,3.4790974987898764,-0.21294596770664728,0.02673258516645524,0.8,35.0
61.74999999999863,165.6967243669667,84.55518009701817,1.0919083726018433,3.4790113263573157,-0.2137265292772702,0.026744963234899794,0.8,35.0
61.799999999998626,165.78619634133207,84.70473643236518,1.0932462400317913,3.478925009925462,-0.214507414841964,0.026757348598961724,0.8,35.0
61.84999999999862,165.87550078906756,84.85439064288431,1.0945847270928803,3.478838549556829,-0.21528862184288344,0.026769741221782266,0.8,35.0
61.89999999999862,165.96463752644397,85.00414258966401,1.0959238341462005,3.47875194531502,-0.21607014771776734,0.02678214106640498,0.8,35.0
61.94999999999862,166.05360636962197,85.1539921335206,1.0972635615509894,3.478665197264734,-0.21685198989996932,0.02679454809577618,0.8,35.0
61.999999999998614,166.14240713465247,85.30393913499717,1.0986039096646267,3.478578305471773,-0.2176341458184886,0.02680696227274534,0.8,35.0
62.04999999999861,166.23103963747667,85.45398345436251,1.09994487884263,3.478491270003044,-0.21841661289800113,0.02681938356006553,0.8,35.0
62.09999999999861,166.3195036939264,85.60412495161013,1.1012864694386497,3.4784040909265665,-0.21919938855889057,0.026831811920393838,0.8,35.0
62.149999999998606,166.40779911972436,85.75436348645708,1.1026286818044644,3.4783167683114775,-0.21998247021727968,0.02684424731629179,0.8,35.0
62.1999999999986,166.49592573048423,85.90469891834297,1.1039715162899757,3.4782293022280357,-0.22076585528506168,0.026856689710225784,0.8,35.0
62.2499999999986,166.58388334171113,86.05513110642887,1.1053149732432042,3.4781416927476276,-0.22154954116993172,0.026869139064567525,0.8,35.0
62.2999999999986,166.67167176880173,86.20565990959622,1.1066590530102838,3.4780539399427717,-0.2223335252754187,0.02688159534159445,0.8,35.0
62.349999999998595,166.7592908270445,86.35628518644576,1.1080037559354583,3.477966043887124,-0.22311780500091688,0.026894058503490154,0.8,35.0
62.39999999999859,166.84674033162008,86.50700679529648,1.1093490823610754,3.477878004655484,-0.22390237774171795,0.026906528512344853,0.8,35.0
62.44999999999859,166.93402009760143,86.65782459418452,1.1106950326275833,3.477789822323798,-0.22468724088904302,0.02691900533015579,0.8,35.0
62.499999999998586,167.02112993995422,86.80873844086209,1.1120416070735246,3.477701496969164,-0.22547239183007475,0.0269314889188277,0.8,35.0
62.54999999999858,167.10806967353702,86.95974819279638,1.1133888060355333,3.4776130286698392,-0.22625782794798974,0.02694397924017324,0.8,35.0
62.59999999999858,167.19483911310158,87.11085370716852,1.114736629848329,3.4775244175052413,-0.2270435466219909,0.026956476255913426,0.8,35.0
62.64999999999858,167.28143807329323,87.26205484087242,1.116085078844713,3.4774356635559553,-0.22782954522734003,0.026968979927678098,0.8,35.0
62.699999999998575,167.36786636865108,87.41335145051374,1.1174341533555634,3.477346766903738,-0.2286158211353905,0.026981490217006354,0.8,35.0
62.74999999999857,167.4541238136083,87.56474339240879,1.1187838537098307,3.4772577276315224,-0.22940237171362,0.026994007085346997,0.8,35.0
62.79999999999857,167.54021022249256,87.71623052258337,1.1201341802345337,3.4771685458234227,-0.23018919432566348,0.027006530494059,0.8,35.0
62.849999999998566,167.62612540952617,87.86781269677181,1.1214851332547544,3.477079221564739,-0.23097628633134626,0.027019060404411946,0.8,35.0
62.89999999999856,167.7118691888265,88.01948977041572,1.1228367130936336,3.47698975494196,-0.23176364508671704,0.027031596777586493,0.8,35.0
62.94999999999856,167.79744137440636,88.17126159866301,1.1241889200723674,3.4769001460427718,-0.2325512679440813,0.027044139574674823,0.8,35.0
62.99999999999856,167.88284178017415,88.32312803636674,1.1255417545102013,3.4768103949560576,-0.23333915225203458,0.027056688756681106,0.8,35.0
63.049999999998555,167.96807021993433,88.475088938084,1.1268952167244275,3.476720501771905,-0.23412729535549615,0.02706924428452196,0.8,35.0
63.09999999999855,168.0531265073878,88.62714415807484,1.1282493070303787,3.4766304665816103,-0.23491569459574244,0.02708180611902692,0.8,35.0
63.14999999999855,168.13801045613206,88.77929355030115,1.1296040257414257,3.4765402894776805,-0.2357043473104409,0.02709437422093889,0.8,35.0
63.199999999998546,168.22272187966178,88.93153696842555,1.1309593731689715,3.476449970553841,-0.23649325083368383,0.02710694855091462,0.8,35.0
63.24999999999854,168.307260591369,89.0838742658103,1.1323153496224478,3.4763595099050373,-0.23728240249602225,0.027119529069525177,0.8,35.0
63.29999999999854,168.3916264045435,89.23630529551615,1.1336719554093106,3.476268907627441,-0.23807179962450012,0.0271321157372564,0.8,35.0
63.34999999999854,168.47581913237332,89.38882991030125,1.135029190835036,3.4761781638184517,-0.2388614395426884,0.02714470851450939,0.8,35.0
63.399999999998535,168.55983858794494,89.54144796262007,1.1363870562031162,3.476087278576704,-0.2396513195707194,0.02715730736160098,0.8,35.0
63.44999999999853,168.64368458424374,89.69415930462219,1.1377455518150543,3.47599625200207,-0.2404414370253211,0.02716991223876421,0.8,35.0
63.49999999999853,168.72735693415444,89.84696378815127,1.1391046779703617,3.475905084195663,-0.24123178921985175,0.0271825231061488,0.8,35.0
63.549999999998526,168.8108554504614,89.99986126474391,1.140464434966553,3.4758137752598417,-0.24202237346433444,0.02719513992382164,0.8,35.0
63.59999999999852,168.89417994584903,90.1528515856285,1.1418248230991412,3.4757223252982157,-0.24281318706549182,0.027207762651767265,0.8,35.0
63.64999999999852,168.9773302329023,90.3059346017241,1.1431858426616357,3.4756307344156476,-0.24360422732678083,0.027220391249888343,0.8,35.0
63.69999999999852,169.06030612410694,90.45911016363937,1.144547493945536,3.4755390027182576,-0.2443954915484278,0.02723302567800616,0.8,35.0
63.749999999998515,169.14310743185007,90.61237812167136,1.145909777240329,3.4754471303134276,-0.24518697702746325,0.027245665895861103,0.8,35.0
63.79999999999851,169.22573396842049,90.76573832580445,1.1472726928334847,3.475355117309804,-0.2459786810577572,0.027258311863113165,0.8,35.0
63.84999999999851,169.3081855460091,90.91919062570919,1.1486362410104518,3.475262963817303,-0.24677060093005426,0.027270963539342413,0.8,35.0
63.899999999998506,169.39046197670945,91.07273487074119,1.1500004220546542,3.475170669947113,-0.2475627339320091,0.02728362088404951,0.8,35.0
63.949999999998504,169.472563072518,91.22637090993993,1.151365236247487,3.4750782358116994,-0.2483550773482216,0.027296283856656178,0.8,35.0
63.9999999999985,169.55448864533471,91.38009859202771,1.1527306838683125,3.4749856615248067,-0.2491476284602727,0.027308952416505727,0.8,35.0
64.0499999999985,169.6362385069634,91.53391776540845,1.1540967651944556,3.4748929472014636,-0.2499403845467597,0.027321626522863532,0.8,35.0
64.0999999999985,169.71781246911226,91.68782827816658,1.1554634805012014,3.4748000929579854,-0.2507333428833322,0.027334306134917545,0.8,35.0
64.1499999999985,169.79921034339426,91.8418299780659,1.1568308300617904,3.474707098911979,-0.2515265007427277,0.027346991211778793,0.8,35.0
64.1999999999985,169.88043194132766,91.99592271254846,1.1581988141474144,3.4746139651823444,-0.2523198553948076,0.027359681712481886,0.8,35.0
64.2499999999985,169.96147707433644,92.15010632873336,1.1595674330272137,3.47452069188928,-0.2531134041065932,0.02737237759598552,0.8,35.0
64.29999999999849,170.0423455537508,92.30438067341566,1.1609366869682722,3.4744272791542845,-0.25390714414230164,0.027385078821172987,0.8,35.0
64.34999999999849,170.12303719080765,92.45874559306523,1.1623065762356148,3.474333727100161,-0.25470107276338216,0.02739778534685269,0.8,35.0
64.39999999999849,170.20355179665106,92.6132009338256,1.1636771010922027,3.4742400358510204,-0.25549518722855236,0.027410497131758645,0.8,35.0
64.44999999999848,170.28388918233276,92.76774654151279,1.1650482617989302,3.4741462055322843,-0.25628948479383434,0.027423214134551,0.8,35.0
64.49999999999848,170.36404915881272,92.92238226161422,1.166420058614621,3.474052236270688,-0.25708396271259143,0.02743593631381656,0.8,35.0
64.54999999999848,170.44403153695959,93.07710793928747,1.1677924917960245,3.4739581281942837,-0.25787861823556435,0.027448663628069286,0.8,35.0
64.59999999999847,170.52383612755116,93.23192341935925,1.169165561597812,3.473863881432445,-0.258673448610908,0.02746139603575083,0.8,35.0
64.64999999999847,170.60346274127497,93.38682854632414,1.1705392682725735,3.4737694961158683,-0.2594684510842282,0.027474133495231045,0.8,35.0
64.69999999999847,170.6829111887288,93.54182316434351,1.171913612070814,3.473674972376576,-0.26026362289861815,0.027486875964808515,0.8,35.0
64.74999999999847,170.76218128042123,93.69690711724434,1.1732885932409496,3.4735803103479204,-0.2610589612946954,0.02749962340271108,0.8,35.0
64.79999999999846,170.8412728267721,93.85208024851805,1.1746642120293045,3.4734855101645854,-0.2618544635106389,0.027512375767096357,0.8,35.0
64.84999999999846,170.9201856381131,94.00734240131938,1.1760404686801071,3.4733905719625913,-0.2626501267822257,0.027525133016052274,0.8,35.0
64.89999999999846,170.99891952468835,94.1626934184652,1.177417363435487,3.4732954958792956,-0.2634459483428683,0.02753789510759759,0.8,35.0
64.94999999999845,171.07747429665488,94.31813314243338,1.178794896535471,3.473200282053397,-0.26424192542365144,0.027550661999682438,0.8,35.0
64.99999999999845,171.15584976408326,94.47366141536162,1.1801730682179805,3.4731049306249377,-0.2650380552533697,0.027563433650188856,0.8,35.0
65.04999999999845,171.2340457369581,94.6292780790463,1.181551878718827,3.4730094417353072,-0.26583433505856446,0.027576210016931314,0.8,35.0
65.09999999999845,171.31206202517873,94.7849829749413,1.18293132827171,3.472913815527243,-0.2666307620635614,0.027588991057657258,0.8,35.0
65.14999999999844,171.38989843855964,94.94077594415685,1.1843114171082123,3.4728180521448353,-0.2674273334905079,0.02760177673004765,0.8,35.0
65.19999999999844,171.46755478683116,95.09665682745839,1.1856921454577982,3.472722151733528,-0.2682240465594105,0.027614566991717496,0.8,35.0
65.24999999999844,171.54503087964002,95.25262546526535,1.187073513547809,3.4726261144401227,-0.2690208984881725,0.02762736180021641,0.8,35.0
65.29999999999843,171.62232652654995,95.40868169765007,1.1884555216034605,3.4725299404127794,-0.2698178864926316,0.027640161113029135,0.8,35.0
65.34999999999843,171.69944153704228,95.56482536433656,1.1898381698478393,3.472433629801021,-0.27061500778659753,0.027652964887576098,0.8,35.0
65.39999999999843,171.7763757205165,95.72105630469937,1.1912214585019,3.4723371827557346,-0.2714122595818898,0.027665773081213957,0.8,35.0
65.44999999999843,171.85312888629105,95.87737435776245,1.1926053877844618,3.4722405994291736,-0.2722096390883757,0.02767858565123615,0.8,35.0
65.49999999999842,171.92970084360368,96.0337793621979,1.1939899579122055,3.4721438799749613,-0.27300714351400795,0.02769140255487344,0.8,35.0
65.54999999999842,172.00609140161234,96.19027115632491,1.1953751690996703,3.472047024548092,-0.27380477006486287,0.02770422374929447,0.8,35.0
65.59999999999842,172.08230036939557,96.34684957810849,1.1967610215592506,3.4719500333049336,-0.2746025159451782,0.02771704919160632,0.8,35.0
65.64999999999841,172.15832755595335,96.50351446515839,1.1981475155011934,3.4718529064032304,-0.27540037835739123,0.027729878838855058,0.8,35.0
65.69999999999841,172.23417277020764,96.66026565472788,1.1995346511335947,3.471755644002104,-0.276198354502177,0.027742712648026288,0.8,35.0
65.74999999999841,172.309835821003,96.81710298371259,1.200922428662397,3.471658246262057,-0.2769964415784864,0.027755550576045725,0.8,35.0
65.7999999999984,172.38531651710733,96.97402628864933,1.202310848291386,3.4715607133449744,-0.2777946367835845,0.027768392579779748,0.8,35.0
65.8499999999984,172.46061466721252,97.13103540571495,1.203699910222188,3.4714630454141244,-0.27859293731308876,0.02778123861603595,0.8,35.0
65.8999999999984,172.5357300799351,97.28813017072517,1.205089614654266,3.471365242634163,-0.2793913403610074,0.027794088641563717,0.8,35.0
65.9499999999984,172.61066256381685,97.44531041913334,1.2064799617849187,3.471267305171134,-0.28018984311977774,0.02780694261305478,0.8,35.0
65.9999999999984,172.68541192732565,97.60257598602935,1.2078709518092758,3.4711692331924704,-0.2809884427803048,0.02781980048714379,0.8,35.0
66.04999999999839,172.75997797885603,97.75992670613843,1.2092625849202963,3.471071026866999,-0.2817871365319998,0.027832662220408876,0.8,35.0
66.09999999999839,172.8343605267299,97.91736241381996,1.2106548613087649,3.47097268636494,-0.2825859215628186,0.027845527769372224,0.8,35.0
66.14999999999839,172.9085593791973,98.07488294306631,1.21204778116329,3.4708742118579092,-0.28338479505930025,0.027858397090500635,0.8,35.0
66.19999999999838,172.98257434443704,98.23248812750168,1.2134413446703003,3.47077560351892,-0.28418375420660585,0.02787127014020611,0.8,35.0
66.24999999999838,173.05640523055746,98.39017780038088,1.2148355520140426,3.470676861522384,-0.28498279618855704,0.027884146874846413,0.8,35.0
66.29999999999838,173.1300518455971,98.54795179458824,1.216230403376579,3.4705779860441157,-0.28578191818767495,0.027897027250725643,0.8,35.0
66.34999999999837,173.20351399752556,98.70580994263635,1.2176258989377837,3.4704789772613305,-0.28658111738521874,0.027909911224094825,0.8,35.0
66.39999999999837,173.27679149424407,98.86375207666491,1.2190220388753414,3.4703798353526483,-0.2873803909612246,0.027922798751152476,0.8,35.0
66.44999999999837,173.3498841435863,99.0217780284396,1.2204188233647437,3.470280560498095,-0.28817973609454456,0.02793568978804518,0.8,35.0
66.49999999999837,173.4227917533192,99.17988762935086,1.221816252579287,3.4701811528791024,-0.28897914996288543,0.02794858429086818,0.8,35.0
66.54999999999836,173.4955141311435,99.33808071041271,1.2232143266900704,3.4700816126785123,-0.2897786297428476,0.02796148221566595,0.8,35.0
66.59999999999836,173.5680510846948,99.49635710226161,1.224613045865992,3.4699819400805754,-0.2905781726099643,0.02797438351843278,0.8,35.0
66.64999999999836,173.64040242154405,99.65471663515525,1.2260124102737477,3.4698821352709537,-0.2913777757387403,0.02798728815511337,0.8,35.0
66.69999999999835,173.7125679491985,99.81315913897141,1.2274124200778278,3.4697821984367225,-0.29217743630269116,0.028000196081603392,0.8,35.0
66.74999999999835,173.78454747510244,99.97168444320677,1.2288130754405153,3.4696821297663702,-0.29297715147438225,0.028013107253750103,0.8,35.0
66.79999999999835,173.85634080663792,100.1302923769757,1.230214376521883,3.4695819294498005,-0.29377691842546794,0.02802602162735292,0.8,35.0
66.84999999999835,173.9279477511256,100.28898276900914,1.2316163234797912,3.4694815976783335,-0.29457673432673065,0.028038939158164015,0.8,35.0
66.89999999999834,173.99936811582555,100.4477554476534,1.2330189164698857,3.4693811346447068,-0.29537659634812014,0.02805185980188889,0.8,35.0
66.94999999999834,174.070601707938,100.606610240869,1.234422155645595,3.469280540543076,-0.29617650165879256,0.028064783514186994,0.8,35.0
66.99999999999834,174.1416483346043,100.76554697622944,1.2358260411581286,3.469179815569017,-0.29697644742714985,0.028077710250672298,0.8,35.0
67.04999999999833,174.2125078029075,100.92456548092012,1.2372305731564743,3.469078959919525,-0.29777643082087896,0.028090639966913893,0.8,35.0
67.09999999999833,174.28317991987342,101.08366558173707,1.2386357517873963,3.468977973793018,-0.2985764490069911,0.028103572618436594,0.8,35.0
67.14999999999833,174.35366449247127,101.24284710508584,1.2400415771954323,3.4688768573893363,-0.2993764991518611,0.028116508160721525,0.8,35.0
67.19999999999833,174.42396132761465,101.40210987698032,1.2414480495228926,3.468775610909743,-0.3001765784212667,0.028129446549206724,0.8,35.0
67.24999999999832,174.4940702321623,101.56145372304152,1.242855168909857,3.4686742345569264,-0.300976683980428,0.02814238773928774,0.8,35.0
67.29999999999832,174.56399101291896,101.72087846849647,1.244262935494173,3.468572728534998,-0.3017768129940467,0.02815533168631824,0.8,35.0
67.34999999999832,174.6337234766363,101.88038393817695,1.2456713494114535,3.4684710930494966,-0.30257696262634565,0.0281682783456106,0.8,35.0
67.39999999999831,174.70326743001365,102.03996995651842,1.2470804107950753,3.468369328307387,-0.30337713004110817,0.028181227672436512,0.8,35.0
67.44999999999831,174.77262267969903,102.1996363475588,1.2484901197761766,3.468267434517061,-0.3041773124017175,0.028194179622027592,0.8,35.0
67.49999999999831,174.84178903228985,102.35938293493727,1.2499004764836554,3.4681654118883376,-0.30497750687119646,0.028207134149575982,0.8,35.0
67.5499999999983,174.91076629433397,102.51920954189318,1.2513114810441672,3.468063260632465,-0.30577771061224646,0.028220091210234954,0.8,35.0
67.5999999999983,174.97955427233046,102.67911599126477,1.2527231335821232,3.4679609809621192,-0.3065779207872874,0.02823305075911952,0.8,35.0
67.6499999999983,175.04815277273056,102.8391021054881,1.2541354342196884,3.467858573091407,-0.30737813455849705,0.028246012751307035,0.8,35.0
67.6999999999983,175.11656160193854,102.99916770659581,1.2555483830767804,3.467756037235864,-0.30817834908785047,0.028258977141837817,0.8,35.0
67.7499999999983,175.18478056631264,103.15931261621601,1.256961980271066,3.4676533736124555,-0.3089785615371596,0.028271943885715745,0.8,35.0
67.79999999999829,175.25280947216598,103.31953665557107,1.2583762259179616,3.4675505824395785,-0.30977876906811275,0.028284912937908878,0.8,35.0
67.84999999999829,175.3206481257675,103.47983964547646,1.259791120130629,3.46744766393706,-0.31057896884231423,0.02829788425335007,0.8,35.0
67.89999999999829,175.3882963333428,103.6402214063396,1.261206663019976,3.4673446183261585,-0.31137915802132377,0.02831085778693757,0.8,35.0
67.94999999999828,175.4557539010752,103.80068175815867,1.262622854694653,3.467241445829564,-0.3121793337666961,0.028323833493535646,0.8,35.0
67.99999999999828,175.52302063510663,103.96122052052147,1.2640396952610518,3.4671381466713975,-0.3129794932400205,0.028336811327975206,0.8,35.0
68.04999999999828,175.59009634153853,104.1218375126042,1.2654571848233045,3.4670347210772126,-0.3137796336029604,0.0283497912450544,0.8,35.0
68.09999999999827,175.65698082643286,104.28253255317041,1.2668753234832815,3.4669311692739937,-0.3145797520172929,0.028362773199539244,0.8,35.0
68.14999999999827,175.72367389581308,104.44330546056972,1.2682941113405897,3.4668274914901573,-0.31537984564494825,0.028375757146164242,0.8,35.0
68.19999999999827,175.790175355665,104.60415605273668,1.2697135484925712,3.4667236879555525,-0.31617991164804965,0.028388743039632996,0.8,35.0
68.24999999999827,175.85648501193796,104.7650841471897,1.271133635034302,3.4666197589014596,-0.31697994718895245,0.028401730834618832,0.8,35.0
68.29999999999826,175.9226026705456,104.92608956102976,1.2725543710585903,3.4665157045605905,-0.3177799494302839,0.028414720485765422,0.8,35.0
68.34999999999826,175.9885281373669,105.08717211093933,1.2739757566559746,3.4664115251670897,-0.3185799155349828,0.028427711947687395,0.8,35.0
68.39999999999826,176.05426121824735,105.24833161318124,1.2753977919147232,3.466307220956532,-0.3193798426663389,0.028440705174970975,0.8,35.0
68.44999999999825,176.1198017189997,105.4095678835974,1.276820476920832,3.466202792165925,-0.3201797279880323,0.02845370012217459,0.8,35.0
68.49999999999825,176.1851494454051,105.57088073760778,1.2782438117580235,3.4660982390337054,-0.32097956866417326,0.028466696743829498,0.8,35.0
68.54999999999825,176.2503042032141,105.73226999020918,1.2796677965077454,3.4659935617997424,-0.32177936185934164,0.02847969499444042,0.8,35.0
68.59999999999825,176.31526579814772,105.89373545597408,1.2810924312491698,3.465888760705335,-0.3225791047386262,0.028492694828486157,0.8,35.0
68.64999999999824,176.38003403589832,106.05527694904951,1.2825177160591907,3.465783835993212,-0.32337879446766443,0.028505696200420223,0.8,35.0
68.69999999999824,176.44460872213077,106.21689428315591,1.2839436510124242,3.4656787879075326,-0.32417842821268167,0.02851869906467146,0.8,35.0
68.74999999999824,176.5089896624835,106.37858727158591,1.2853702361812065,3.465573616693885,-0.32497800314053094,0.02853170337564468,0.8,35.0
68.79999999999824,176.5731766625694,106.54035572720328,1.2867974716355925,3.465468322599285,-0.3257775164187321,0.028544709087721283,0.8,35.0
68.84999999999823,176.6371695279771,106.7021994624417,1.2882253574433555,3.4653629058721784,-0.3265769652155115,0.02855771615525989,0.8,35.0
68.89999999999823,176.70096806427182,106.86411828930365,1.2896538936699853,3.4652573667624376,-0.32737634669984134,0.028570724532596965,0.8,35.0
68.94999999999823,176.76457207699653,107.02611201935927,1.2910830803786877,3.465151705521362,-0.32817565804147897,0.028583734174047463,0.8,35.0
68.99999999999822,176.82798137167302,107.18818046374523,1.292512917630383,3.4650459224016767,-0.3289748964110064,0.02859674503390544,0.8,35.0
69.04999999999822,176.89119575380298,107.35032343316351,1.2939434054837051,3.464940017657534,-0.32977405897986967,0.028609757066444697,0.8,35.0
69.09999999999822,176.95421502886907,107.51254073788037,1.295374543995001,3.464833991544509,-0.330573142920418,0.028622770225919403,0.8,35.0
69.14999999999822,177.01703900233602,107.67483218772512,1.2968063332183293,3.464727844319603,-0.33137214540594345,0.028635784466564743,0.8,35.0
69.19999999999821,177.07966747965173,107.83719759208903,1.2982387732054592,3.4646215762412385,-0.33217106361071996,0.02864879974259753,0.8,35.0
69.24999999999821,177.14210026624838,107.99963675992419,1.29967186400587,3.464515187569261,-0.3329698947100426,0.028661816008216857,0.8,35.0
69.2999999999982,177.20433716754354,108.16214949974237,1.3011056056667503,3.464408678564938,-0.333768635880267,0.02867483321760472,0.8,35.0
69.3499999999982,177.2663779889413,108.32473561961388,1.3025399982329966,3.4643020494909567,-0.33456728429884847,0.028687851324926652,0.8,35.0
69.3999999999982,177.32822253583333,108.48739492716642,1.3039750417472131,3.4641953006114234,-0.33536583714438106,0.028700870284332367,0.8,35.0
69.4499999999982,177.38987061360012,108.65012722958402,1.305410736249711,3.4640884321918635,-0.336164291596637,0.02871389004995639,0.8,35.0
69.4999999999982,177.4513220276121,108.81293233360584,1.306847081778507,3.463981444499219,-0.3369626448366056,0.028726910575918686,0.8,35.0
69.54999999999819,177.51257658323064,108.9758100455251,1.3082840783693233,3.463874337801849,-0.33776089404653237,0.028739931816325313,0.8,35.0
69.59999999999819,177.5736340858094,109.13876017118787,1.3097217260555867,3.463767112369526,-0.3385590364099582,0.028752953725269044,0.8,35.0
69.64999999999819,177.63449434069537,109.30178251599207,1.311160024868428,3.463659768473437,-0.3393570691117583,0.028765976256830007,0.8,35.0
69.69999999999818,177.69515715323007,109.46487688488625,1.312598974836682,3.4635523063861817,-0.3401549893381811,0.028778999365076333,0.8,35.0
69.74999999999818,177.75562232875072,109.62804308236852,1.3140385759868851,3.46344472638177,-0.34095279427688746,0.028792023004064776,0.8,35.0
69.79999999999818,177.81588967259142,109.79128091248542,1.3154788283432772,3.463337028735622,-0.34175048111698936,0.028805047127841366,0.8,35.0
69.84999999999818,177.87595899008434,109.9545901788308,1.3169197319277994,3.4632292137245666,-0.3425480470490888,0.02881807169044204,0.8,35.0
69.89999999999817,177.93583008656088,110.11797068454472,1.318361286760094,3.463121281626839,-0.3433454892653168,0.028831096645893284,0.8,35.0
69.94999999999817,177.99550276735292,110.28142223231232,1.3198034928575046,3.46301323272208,-0.3441428049593719,0.028844121948212773,0.8,35.0
69.99999999999817,178.05497683779393,110.44494462436276,1.321246350235075,3.4629050672913344,-0.3449399913265592,0.028857147551410004,0.8,35.0
70.04999999999816,178.11425210322034,110.60853766246805,1.3226898589055494,3.4627967856170496,-0.34573704556382906,0.028870173409486943,0.8,35.0
70.09999999999816,178.1733283689726,110.77220114794197,1.3241340188793713,3.462688387983073,-0.34653396486981547,0.02888319947643866,0.8,35.0
70.14999999999816,178.23220544039646,110.935934881639,1.325578830164684,3.462579874674652,-0.34733074644487494,0.02889622570625398,0.8,35.0
70.19999999999816,178.29088312284426,111.09973866395316,1.32702429276733,3.462471245978431,-0.348127387491125,0.0289092520529161,0.8,35.0
70.24999999999815,178.3493612216761,111.26361229481698,1.3284704066908501,3.462362502182449,-0.3489238852124827,0.02892227847040325,0.8,35.0
70.29999999999815,178.40763954226108,111.42755557370035,1.3299171719364846,3.4622536435761413,-0.3497202368147031,0.02893530491268933,0.8,35.0
70.34999999999815,178.46571788997858,111.59156829960945,1.3313645885031717,3.462144670450333,-0.35051643950541767,0.028948331333744543,0.8,35.0
70.39999999999814,178.5235960702195,111.75565027108566,1.3328126563875486,3.4620355830972405,-0.3513124904941727,0.028961357687536046,0.8,35.0
70.44999999999814,178.58127388838756,111.91980128620447,1.33426137558395,3.4619263818104686,-0.3521083869924675,0.02897438392802858,0.8,35.0
70.49999999999814,178.6387511499005,112.0840211425744,1.3357107460844093,3.4618170668850086,-0.35290412621379286,0.02898741000918512,0.8,35.0
70.54999999999814,178.6960276601914,112.24830963733591,1.3371607678786577,3.4617076386172356,-0.3536997053736691,0.029000435884967514,0.8,35.0
70.59999999999813,178.75310322471,112.4126665671603,1.3386114409541245,3.4615980973049076,-0.3544951216896844,0.02901346150933712,0.8,35.0
70.64999999999813,178.80997764892393,112.57709172824866,1.3400627652959374,3.4614884432471626,-0.3552903723815325,0.029026486836255447,0.8,35.0
70.69999999999813,178.86665073832,112.74158491633081,1.3415147408869217,3.461378676744517,-0.35608545467105124,0.029039511819684807,0.8,35.0
70.74999999999812,178.9231222984056,112.90614592666417,1.342967367707601,3.461268798098864,-0.35688036578226023,0.029052536413588945,0.8,35.0
70.79999999999812,178.9793921347098,113.07077455403274,1.3444206457361978,3.461158807613469,-0.3576751029413988,0.02906556057193368,0.8,35.0
70.84999999999812,179.0354600527849,113.23547059274601,1.3458745749486323,3.461048705592971,-0.358469663376964,0.029078584248687558,0.8,35.0
70.89999999999812,179.09132585820768,113.4002338366379,1.3473291553185234,3.460938492343377,-0.3592640443197482,0.02909160739782247,0.8,35.0
70.94999999999811,179.14698935658063,113.56506407906568,1.3487843868171892,3.4608281681720614,-0.36005824300287687,0.02910462997331433,0.8,35.0
70.99999999999811,179.20245035353338,113.72996111290897,1.3502402694136464,3.460717733387764,-0.36085225666184634,0.029117651929143666,0.8,35.0
71.04999999999811,179.257708654724,113.89492473056859,1.3516968030746113,3.4606071883005867,-0.3616460825345614,0.029130673219296313,0.8,35.0
71.0999999999981,179.31276406584044,114.05995472396559,1.3531539877644994,3.460496533221991,-0.3624397178613726,0.029143693797764016,0.8,35.0
71.1499999999981,179.3676163926017,114.22505088454015,1.3546118234454265,3.4603857684647963,-0.363233159885114,0.029156713618545087,0.8,35.0
71.1999999999981,179.42226544075933,114.39021300325055,1.3560703100772087,3.460274894343176,-0.3640264058511405,0.02916973263564504,0.8,35.0
71.2499999999981,179.47671101609885,114.55544087057213,1.3575294476173625,3.4601639111726574,-0.3648194530073649,0.029182750803077234,0.8,35.0
71.2999999999981,179.53095292444092,114.72073427649622,1.3589892360211058,3.4600528192701163,-0.36561229860429556,0.029195768074863508,0.8,35.0
71.34999999999809,179.5849909716429,114.88609301052912,1.3604496752413575,3.4599416189537764,-0.3664049398950732,0.029208784405034834,0.8,35.0
71.39999999999809,179.63882496360014,115.0515168616911,1.3619107652287392,3.4598303105432056,-0.3671973741355084,0.029221799747631935,0.8,35.0
71.44999999999808,179.69245470624745,115.21700561851529,1.3633725059315744,3.4597188943593133,-0.36798959858411817,0.029234814056705943,0.8,35.0
71.49999999999808,179.74588000556042,115.38255906904669,1.3648348972958904,3.4596073707243487,-0.3687816105021633,0.02924782728631903,0.8,35.0
71.54999999999808,179.79910066755687,115.54817700084118,1.3662979392654175,3.459495739961897,-0.36957340715368503,0.02926083939054505,0.8,35.0
71.59999999999808,179.85211649829824,115.71385920096442,1.367761631781591,3.4593840023968765,-0.37036498580554195,0.02927385032347017,0.8,35.0
71.64999999999807,179.90492730389104,115.87960545599088,1.3692259747835507,3.459272158355536,-0.37115634372744666,0.029286860039193514,0.8,35.0
71.69999999999807,179.95753289048824,116.04541555200282,1.370690968208142,3.459160208165452,-0.3719474781920024,0.0292998684918278,0.8,35.0
71.74999999999807,180.0099330642907,116.21128927458925,1.3721566119899171,3.4590481521555265,-0.3727383864747397,0.02931287563549998,0.8,35.0
71.79999999999806,180.0621276315486,116.37722640884493,1.3736229060611347,3.458935990655982,-0.3735290658541528,0.029325881424351868,0.8,35.0
71.84999999999806,180.11411639856297,116.54322673936942,1.3750898503517617,3.4588237239983597,-0.374319513611736,0.029338885812540783,0.8,35.0
71.89999999999806,180.16589917168702,116.70929005026595,1.3765574447894737,3.4587113525155173,-0.37510972703202,0.029351888754240187,0.8,35.0
71.94999999999806,180.21747575732763,116.87541612514055,1.3780256892996559,3.4585988765416245,-0.3758997034026083,0.029364890203640318,0.8,35.0
71.99999999999805,180.26884596194688,117.04160474710095,1.3794945838054034,3.4584862964121603,-0.3766894400142131,0.02937789011494882,0.8,35.0
72.04999999999805,180.32000959206343,117.20785569875568,1.380964128227523,3.4583736124639097,-0.37747893416069145,0.029390888442391388,0.8,35.0
72.09999999999805,180.37096645425402,117.37416876221299,1.3824343224845335,3.458260825034961,-0.3782681831390812,0.029403885140212388,0.8,35.0
72.14999999999804,180.42171635515498,117.54054371907993,1.3839051664926671,3.4581479344647015,-0.3790571842496371,0.02941688016267551,0.8,35.0
72.19999999999804,180.4722591014637,117.70698035046134,1.3853766601658704,3.4580349410938154,-0.3798459347958661,0.029429873464064383,0.8,35.0
72.24999999999804,180.52259449994008,117.87347843695885,1.3868488034158044,3.4579218452642797,-0.38063443208456355,0.02944286499868322,0.8,35.0
72.29999999999804,180.5727223574081,118.04003775866995,1.3883215961518474,3.457808647319361,-0.3814226734258485,0.029455854720857433,0.8,35.0
72.34999999999803,180.62264248075732,118.206658095187,1.389795038281094,3.4576953476036127,-0.3822106561331994,0.029468842584934294,0.8,35.0
72.39999999999803,180.6723546769443,118.37333922559621,1.3912691297083581,3.4575819464628696,-0.3829983775234893,0.029481828545283535,0.8,35.0
72.44999999999803,180.72185875299425,118.54008092847678,1.392743870336173,3.457468444244247,-0.3837858349170215,0.029494812556297993,0.8,35.0
72.49999999999802,180.7711545160024,118.70688298189984,1.3942192600647927,3.457354841296136,-0.38457302563756446,0.029507794572394243,0.8,35.0
72.54999999999802,180.8202417731357,118.87374516342754,1.3956952987921933,3.4572411379681984,-0.3853599470123871,0.029520774548013218,0.8,35.0
72.59999999999802,180.8691203316342,119.0406672501121,1.3971719864140744,3.4571273346113665,-0.3861465963722938,0.02953375243762084,0.8,35.0
72.64999999999802,180.91778999881274,119.20764901849482,1.39864932282386,3.4570134315778356,-0.38693297105165936,0.029546728195708645,0.8,35.0
72.69999999999801,180.96625058206232,119.3746902446052,1.4001273079126997,3.4568994292210635,-0.3877190683884637,0.02955970177679442,0.8,35.0
72.74999999999801,181.01450188885184,119.54179070395996,1.4016059415694708,3.456785327895765,-0.3885048857243269,0.029572673135422823,0.8,35.0
72.79999999999801,181.06254372672953,119.70895017156208,1.4030852236807791,3.456671127957909,-0.3892904204045436,0.029585642226166,0.8,35.0
72.849999999998,181.11037590332458,119.8761684218999,1.4045651541309603,3.456556829764714,-0.3900756697781175,0.029598609003624224,0.8,35.0
72.899999999998,181.15799822634867,120.04344522894621,1.4060457328020817,3.456442433674644,-0.3908606311977959,0.029611573422426506,0.8,35.0
72.949999999998,181.2054105035976,120.21078036615725,1.4075269595739432,3.456327940047407,-0.3916453020201041,0.029624535437231227,0.8,35.0
72.999999999998,181.2526125429528,120.37817360647188,1.4090088343240796,3.456213349243947,-0.39242967960537944,0.02963749500272676,0.8,35.0
73.049999999998,181.299604152383,120.54562472231056,1.4104913569277613,3.4560986616264446,-0.3932137613178055,0.02965045207363208,0.8,35.0
73.09999999999799,181.34638513994582,120.71313348557456,1.4119745272579962,3.45598387755831,-0.39399754452544616,0.0296634066046974,0.8,35.0
73.14999999999799,181.3929553137893,120.88069966764495,1.4134583451855314,3.4558689974041785,-0.3947810266002794,0.029676358550704777,0.8,35.0
73.19999999999798,181.4393144821535,121.04832303938174,1.4149428105788548,3.45575402152991,-0.39556420491823124,0.029689307866468746,0.8,35.0
73.24999999999798,181.48546245337224,121.21600337112298,1.4164279233041968,3.455638950302581,-0.3963470768592092,0.02970225450683692,0.8,35.0
73.29999999999798,181.53139903587464,121.38374043268384,1.4179136832255312,3.4555237840904827,-0.3971296398071361,0.029715198426690622,0.8,35.0
73.34999999999798,181.57712403818675,121.55153399335573,1.4194000902045785,3.455408523263116,-0.3979118911499834,0.029728139580945494,0.8,35.0
73.39999999999797,181.62263726893315,121.71938382190545,1.420887144100806,3.4552931681911887,-0.3986938282798045,0.029741077924552106,0.8,35.0
73.44999999999797,181.66793853683862,121.88728968657425,1.4223748447714308,3.4551777192466084,-0.3994754485927681,0.029754013412496585,0.8,35.0
73.49999999999797,181.7130276507298,122.05525135507696,1.4238631920714209,3.455062176802481,-0.4002567494891914,0.029766945999801217,0.8,35.0
73.54999999999797,181.7579044195368,122.22326859460118,1.4253521858534972,3.454946541233105,-0.4010377283735727,0.02977987564152506,0.8,35.0
73.59999999999796,181.80256865229492,122.39134117180632,1.4268418259681355,3.4548308129139684,-0.40181838265462483,0.029792802292764556,0.8,35.0
73.64999999999796,181.84702015814622,122.55946885282279,1.4283321122635682,3.4547149922217426,-0.40259870974530754,0.029805725908654147,0.8,35.0
73.69999999999796,181.89125874634124,122.72765140325114,1.4298230445857865,3.4545990795342787,-0.4033787070628603,0.029818646444366874,0.8,35.0
73.74999999999795,181.9352842262407,122.89588858816121,1.4313146227785423,3.4544830752306037,-0.4041583720288348,0.029831563855114995,0.8,35.0
73.79999999999795,181.9790964073171,123.06418017209121,1.43280684668335,3.4543669796909158,-0.4049377020691275,0.029844478096150578,0.8,35.0
73.84999999999795,182.02269509915644,123.23252591904698,1.4342997161394881,3.4542507932965787,-0.40571669461401166,0.029857389122766118,0.8,35.0
73.89999999999795,182.06608011145997,123.40092559250105,1.435793230984003,3.454134516430119,-0.40649534709816987,0.029870296890295144,0.8,35.0
73.94999999999794,182.10925125404577,123.56937895539188,1.4372873910517086,3.45401814947522,-0.40727365696072576,0.02988320135411281,0.8,35.0
73.99999999999794,182.15220833685058,123.737885770123,1.4387821961751903,3.4539016928167174,-0.4080516216452762,0.029896102469636504,0.8,35.0
74.04999999999794,182.19495116993136,123.90644579856215,1.4402776461848066,3.453785146840596,-0.40882923859992304,0.029909000192326455,0.8,35.0
74.09999999999793,182.23747956346713,124.0750588020405,1.4417737409086908,3.4536685119339827,-0.4096065052773047,0.02992189447768632,0.8,35.0
74.14999999999793,182.27979332776061,124.24372454135184,1.443270480172754,3.4535517884851443,-0.41038341913462784,0.029934785281263792,0.8,35.0
74.19999999999793,182.32189227324,124.41244277675172,1.4447678638006867,3.4534349768834804,-0.4111599776336988,0.029947672558651196,0.8,35.0
74.24999999999793,182.36377621046063,124.58121326795668,1.446265891613961,3.4533180775195205,-0.4119361782409549,0.02996055626548608,0.8,35.0
74.29999999999792,182.40544495010678,124.75003577414346,1.4477645634318337,3.453201090784918,-0.4127120184274956,0.02997343635745182,0.8,35.0
74.34999999999792,182.44689830299336,124.91891005394814,1.4492638790713477,3.453084017072446,-0.4134874956691135,0.0299863127902782,0.8,35.0
74.39999999999792,182.4881360800677,125.08783586546542,1.4507638383473347,3.4529668567759924,-0.41426260744632554,0.029999185519742018,0.8,35.0
74.44999999999791,182.52915809241128,125.2568129662478,1.4522644410724181,3.4528496102905537,-0.4150373512444034,0.030012054501667666,0.8,35.0
74.49999999999791,182.56996415124144,125.42584111330476,1.4537656870570146,3.4527322780122325,-0.4158117245534045,0.030024919691927728,0.8,35.0
74.54999999999791,182.61055406791323,125.59492006310205,1.4552675761093368,3.45261486033823,-0.41658572486820233,0.03003778104644356,0.8,35.0
74.5999999999979,182.65092765392112,125.76404957156092,1.456770108035396,3.452497357666843,-0.4173593496885171,0.03005063852118589,0.8,35.0
74.6499999999979,182.69108472090076,125.93322939405726,1.4582732826390048,3.452379770397457,-0.41813259651894585,0.030063492072175388,0.8,35.0
74.6999999999979,182.73102508063081,126.10245928542096,1.459777099721779,3.4522620989305435,-0.41890546286899244,0.030076341655483257,0.8,35.0
74.7499999999979,182.7707485450347,126.27173899993505,1.4612815590831405,3.452144343667652,-0.41967794625309796,0.03008918722723182,0.8,35.0
74.7999999999979,182.81025492618238,126.44106829133503,1.4627866605203204,3.452026505011408,-0.4204500441906702,0.030102028743595098,0.8,35.0
74.84999999999789,182.8495440362922,126.61044691280804,1.4642924038283602,3.4519085833655043,-0.42122175420611374,0.030114866160799388,0.8,35.0
74.89999999999789,182.8886156877326,126.77987461699223,1.4657987888001165,3.4517905791346997,-0.4219930738288593,0.030127699435123844,0.8,35.0
74.94999999999789,182.927469693024,126.94935115597593,1.4673058152262615,3.4516724927248106,-0.4227640005933933,0.030140528522901052,0.8,35.0
74.99999999999788,182.96610586484059,127.11887628129695,1.4688134828952872,3.451554324542707,-0.4235345320392873,0.030153353380517608,0.8,35.0
75.04999999999788,183.0045240160121,127.28844974394187,1.470321791593508,3.451436074996308,-0.424304665711227,0.03016617396441469,0.8,35.0
75.09999999999788,183.04272395952572,127.4580712943453,1.4718307411050624,3.451317744494574,-0.4250743991590413,0.030178990231088637,0.8,35.0
75.14999999999787,183.08070550852779,127.6277406823892,1.4733403312119169,3.451199333447504,-0.4258437299377316,0.030191802137091505,0.8,35.0
75.19999999999787,183.11846847632572,127.79745765740215,1.4748505616938685,3.45108084226613,-0.4266126556075,0.030204609639031654,0.8,35.0
75.24999999999787,183.15601267638982,127.96722196815863,1.4763614323285472,3.450962271362509,-0.4273811737337784,0.030217412693574305,0.8,35.0
75.29999999999787,183.19333792235514,128.13703336287833,1.4778729428914192,3.4508436211497204,-0.4281492818872567,0.030230211257442106,0.8,35.0
75.34999999999786,183.23044402802327,128.30689158922553,1.47938509315579,3.4507248920418596,-0.4289169776439114,0.030243005287415706,0.8,35.0
75.39999999999786,183.26733080736423,128.4767963943083,1.4808978828928065,3.450606084454032,-0.4296842585850336,0.03025579474033431,0.8,35.0
75.44999999999786,183.30399807451832,128.64674752467795,1.4824113118714615,3.4504871988023473,-0.43045112229725724,0.030268579573096244,0.8,35.0
75.49999999999785,183.340445643798,128.81674472632818,1.4839253798585945,3.4503682355039156,-0.43121756637258685,0.03028135974265951,0.8,35.0
75.54999999999785,183.37667332968974,128.9867877446946,1.4854400866188966,3.45024919497684,-0.4319835884084255,0.030294135206042353,0.8,35.0
75.59999999999785,183.41268094685586,129.15687632465395,1.4869554319149128,3.4501300776402113,-0.4327491860076023,0.030306905920323805,0.8,35.0
75.64999999999785,183.44846831013643,129.3270102105235,1.4884714155070449,3.450010883914104,-0.4335143567784001,0.030319671842644256,0.8,35.0
75.69999999999784,183.48403523455116,129.49718914606035,1.4899880371535552,3.449891614219568,-0.43427909833458256,0.030332432930205995,0.8,35.0
75.74999999999784,183.51938153530128,129.66741287446087,1.4915052966105689,3.4497722689786254,-0.43504340829542154,0.030345189140273766,0.8,35.0
75.79999999999784,183.55450702777145,129.83768113835993,1.4930231936320777,3.4496528486142632,-0.43580728428572413,0.030357940430175315,0.8,35.0
75.84999999999783,183.5894115275316,130.0079936798304,1.494541727969943,3.4495333535504273,-0.43657072393585944,0.030370686757301944,0.8,35.0
75.89999999999783,183.6240948503389,130.17835024038246,1.4960608993738984,3.4494137842120187,-0.4373337248817855,0.03038342807910905,0.8,35.0
75.94999999999783,183.6585568121396,130.34875056096294,1.4975807075915541,3.449294141024885,-0.4380962847650759,0.030396164353116675,0.8,35.0
75.99999999999783,183.69279722907098,130.5191943819548,1.4991011523683997,3.4491744244158173,-0.4388584012329459,0.030408895536910046,0.8,35.0
76.04999999999782,183.72681591746323,130.68968144317648,1.5006222334478068,3.449054634812542,-0.43962007193827923,0.030421621588140116,0.8,35.0
76.09999999999782,183.76061269384144,130.86021148388124,1.502143950571033,3.448934772643716,-0.44038129453965397,0.030434342464524106,0.8,35.0
76.14999999999782,183.79418737492742,131.03078424275668,1.5036663034772253,3.4488148383389214,-0.4411420667013685,0.030447058123846044,0.8,35.0
76.19999999999781,183.82753977764173,131.20139945792403,1.505189291903423,3.4486948323286586,-0.4419023860934676,0.03045976852395729,0.8,35.0
76.24999999999781,183.86066971910557,131.3720568669376,1.506712915584562,3.4485747550443397,-0.4426622503917679,0.030472473622777076,0.8,35.0
76.29999999999781,183.89357701664267,131.54275620678433,1.5082371742534766,3.4484546069182844,-0.4434216572778835,0.030485173378293047,0.8,35.0
76.3499999999978,183.92626148778132,131.713497213883,1.5097620676409047,3.4483343883837128,-0.4441806044392516,0.030497867748561773,0.8,35.0
76.3999999999978,183.95872295025626,131.88427962408377,1.51128759547549,3.4482140998747393,-0.44493908956915745,0.030510556691709295,0.8,35.0
76.4499999999978,183.99096122201064,132.05510317266774,1.5128137574837865,3.4480937418263666,-0.44569711036675946,0.030523240165931637,0.8,35.0
76.4999999999978,184.02297612119798,132.2259675943462,1.5143405533902614,3.44797331467448,-0.44645466453711435,0.030535918129495337,0.8,35.0
76.5499999999978,184.05476746618416,132.39687262326015,1.5158679829172983,3.447852818855841,-0.4472117497912017,0.03054859054073797,0.8,35.0
76.59999999999779,184.08633507554933,132.56781799297983,1.5173960457852018,3.447732254808081,-0.4479683638459488,0.030561257358068666,0.8,35.0
76.64999999999779,184.11767876808995,132.73880343650407,1.5189247417122003,3.447611622969696,-0.4487245044242549,0.03057391853996863,0.8,35.0
76.69999999999779,184.14879836282063,132.9098286862599,1.5204540704144498,3.447490923780039,-0.4494801692550156,0.030586574044991655,0.8,35.0
76.74999999999778,184.1796936789763,133.0808934741019,1.521984031606038,3.4473701576793143,-0.45023535607314713,0.03059922383176464,0.8,35.0
76.79999999999778,184.21036453601403,133.2519975313118,1.5235146249989875,3.4472493251085727,-0.4509900626196101,0.030611867858988107,0.8,35.0
76.84999999999778,184.2408107536151,133.4231405885978,1.5250458503032593,3.447128426509703,-0.4517442866414337,0.0306245060854367,0.8,35.0
76.89999999999777,184.271032151687,133.59432237609425,1.5265777072267572,3.447007462325426,-0.4524980258917389,0.0306371384699597,0.8,35.0
76.94999999999777,184.30102855036532,133.76554262336114,1.5281101954753313,3.446886432999291,-0.45325127812976246,0.030649764971481537,0.8,35.0
76.99999999999777,184.33079977001586,133.93680105938347,1.5296433147527815,3.446765338975666,-0.45400404112088,0.03066238554900228,0.8,35.0
77.04999999999777,184.36034563123664,134.10809741257088,1.5311770647608614,3.4466441806997326,-0.45475631263662925,0.03067500016159816,0.8,35.0
77.09999999999776,184.3896659548598,134.27943141075718,1.5327114451992825,3.4465229586174804,-0.45550809045473317,0.030687608768422046,0.8,35.0
77.14999999999776,184.41876056195372,134.45080278119983,1.5342464557657176,3.446401673175699,-0.45625937235912284,0.030700211328703965,0.8,35.0
77.19999999999776,184.447629273825,134.62221125057945,1.5357820961558053,3.446280324821974,-0.45701015613996004,0.03071280780175158,0.8,35.0
77.24999999999775,184.4762719120204,134.79365654499952,1.5373183660631529,3.4461589140046778,-0.45776043959366003,0.0307253981469507,0.8,35.0
77.29999999999775,184.50468829832906,134.96513838998575,1.5388552651793412,3.446037441172965,-0.4585102205229137,0.03073798232376576,0.8,35.0
77.34999999999775,184.5328782547843,135.13665651048575,1.5403927931939283,3.4459159067767646,-0.45925949673671007,0.030750560291740326,0.8,35.0
77.39999999999775,184.5608416036658,135.30821063086853,1.541930949794453,3.4457943112667753,-0.4600082660503582,0.03076313201049756,0.8,35.0
77.44999999999774,184.58857816750165,135.47980047492413,1.54346973466644,3.445672655094457,-0.46075652628550917,0.03077569743974072,0.8,35.0
77.49999999999774,184.61608776907025,135.6514257658632,1.5450091474934027,3.4455509387120253,-0.4615042752701778,0.030788256539253652,0.8,35.0
77.54999999999774,184.64337023140249,135.8230862263165,1.5465491879568478,3.445429162572445,-0.46225151083876426,0.030800809268901247,0.8,35.0
77.59999999999773,184.67042537778372,135.99478157833454,1.5480898557362792,3.4453073271294237,-0.46299823083207553,0.03081335558862994,0.8,35.0
77.64999999999773,184.69725303175588,136.16651154338726,1.5496311505092026,3.4451854328374036,-0.4637444330973466,0.03082589545846818,0.8,35.0
77.69999999999773,184.72385301711944,136.33827584236352,1.551173071951129,3.4450634801515565,-0.4644901154882616,0.030838428838526905,0.8,35.0
77.74999999999773,184.75022515793557,136.51007419557078,1.552715619735579,3.444941469527777,-0.4652352758649747,0.030850955689000016,0.8,35.0
77.79999999999772,184.7763692785282,136.68190632273468,1.5542587935340872,3.444819401422676,-0.46597991209413103,0.030863475970164846,0.8,35.0
77.84999999999772,184.80228520348592,136.8537719429987,1.5558025930162063,3.4446972762935717,-0.466724022048887,0.030875989642382622,0.8,35.0
77.89999999999772,184.82797275766433,137.02567077492378,1.5573470178495112,3.4445750945984863,-0.46746760360893114,0.030888496666098945,0.8,35.0
77.94999999999771,184.85343176618784,137.19760253648798,1.5588920676996034,3.444452856796137,-0.4682106546605039,0.03090099700184424,0.8,35.0
77.99999999999771,184.87866205445195,137.3695669450861,1.5604377422301152,3.4443305633459307,-0.4689531730964181,0.030913490610234223,0.8,35.0
78.04999999999771,184.9036634481252,137.54156371752933,1.5619840411027137,3.444208214707955,-0.4696951568160788,0.030925977451970357,0.8,35.0
78.0999999999977,184.92843577315134,137.71359257004497,1.5635309639771058,3.4440858113429744,-0.47043660372550306,0.03093845748784032,0.8,35.0
78.1499999999977,184.95297885575138,137.88565321827602,1.5650785105110416,3.4439633537124212,-0.47117751173733946,0.030950930678718437,0.8,35.0
78.1999999999977,184.9772925224257,138.05774537728092,1.56662668036032,3.4438408422783895,-0.47191787877088764,0.030963396985566157,0.8,35.0
78.2499999999977,185.0013765999561,138.22986876153323,1.5681754731787916,3.443718277503628,-0.47265770275211766,0.030975856369432488,0.8,35.0
78.2999999999977,185.02523091540797,138.40202308492127,1.5697248886183643,3.443595659851535,-0.4733969816136888,0.030988308791454443,0.8,35.0
78.34999999999769,185.04885529613233,138.57420806074788,1.5712749263290071,3.4434729897861476,-0.4741357132949689,0.031000754212857497,0.8,35.0
78.39999999999769,185.07224956976796,138.74642340173008,1.572825585958755,3.4433502677721393,-0.4748738957420528,0.031013192594956017,0.8,35.0
78.44999999999769,185.09541356424356,138.91866881999883,1.5743768671537126,3.4432274942748102,-0.47561152690778113,0.03102562389915371,0.8,35.0
78.49999999999768,185.11834710777975,139.09094402709871,1.5759287695580597,3.443104669760081,-0.47634860475175866,0.03103804808694405,0.8,35.0
78.54999999999768,185.14105002889133,139.26324873398764,1.5774812928140554,3.442981794694486,-0.4770851272403726,0.031050465119910744,0.8,35.0
78.59999999999768,185.16352215638923,139.43558265103667,1.5790344365620417,3.4428588695451654,-0.47782109234681075,0.031062874959728124,0.8,35.0
78.64999999999768,185.1857633193828,139.60794548802966,1.5805882004404497,3.4427358947798608,-0.47855649805107925,0.031075277568161606,0.8,35.0
78.69999999999767,185.2077733472818,139.7803369541631,1.582142584085803,3.4426128708669044,-0.4792913423400206,0.03108767290706811,0.8,35.0
78.74999999999767,185.22955206979864,139.95275675804578,1.5836975871327228,3.4424897982752154,-0.480025623207331,0.03110006093839648,0.8,35.0
78.79999999999767,185.25109931695042,140.12520460769866,1.5852532092139322,3.4423666774742916,-0.48075933865357795,0.031112441624187928,0.8,35.0
78.84999999999766,185.27241491906113,140.29768021055452,1.586809449960261,3.442243508934202,-0.48149248668621747,0.031124814926576427,0.8,35.0
78.89999999999766,185.29349870676376,140.47018327345785,1.5883663090006503,3.4421202931255803,-0.482225065319611,0.031137180807789155,0.8,35.0
78.94999999999766,185.3143505110024,140.6427135026646,1.5899237859621578,3.441997030519618,-0.48295707257504267,0.03114953923014689,0.8,35.0
78.99999999999766,185.3349701630345,140.81527060384195,1.591481880469961,3.441873721588057,-0.48368850648073564,0.031161890156064447,0.8,35.0
79.04999999999765,185.35535749443295,140.9878542820681,1.5930405921473636,3.4417503668031824,-0.48441936507186895,0.031174233548051065,0.8,35.0
79.09999999999765,185.37551233708814,141.16046424183216,1.5945999206157992,3.441626966637816,-0.4851496463905938,0.031186569368710833,0.8,35.0
79.14999999999765,185.39543452321027,141.3331001870339,1.5961598654948363,3.4415035215653083,-0.4858793484860499,0.031198897580743096,0.8,35.0
79.19999999999764,185.4151238853314,141.50576182098357,1.5977204264021836,3.441380032059532,-0.4866084694143813,0.031211218146942846,0.8,35.0
79.24999999999764,185.4345802563077,141.6784488464018,1.5992816029536936,3.4412564985948753,-0.48733700723875256,0.03122353103020114,0.8,35.0
79.29999999999764,185.45380346932146,141.85116096541938,1.600843394763369,3.4411329216462336,-0.4880649600293642,0.031235836193505482,0.8,35.0
79.34999999999764,185.47279335788346,142.0238978795771,1.602405801443366,3.4410093016890033,-0.48879232586346855,0.03124813359994024,0.8,35.0
79.39999999999763,185.49154975583494,142.19665928982567,1.6039688226040003,3.440885639199074,-0.4895191028253848,0.03126042321268702,0.8,35.0
79.44999999999763,185.5100724973499,142.36944489652555,1.6055324578537515,3.440761934652822,-0.4902452890065145,0.031272704995025075,0.8,35.0
79.49999999999763,185.52836141693723,142.54225439944676,1.607096706799268,3.4406381885271022,-0.49097088250535625,0.031284978910331676,0.8,35.0
79.54999999999762,185.54641634944286,142.71508749776888,1.6086615690453723,3.440514401299242,-0.491695881427521,0.03129724492208251,0.8,35.0
79.59999999999762,185.564237130052,142.8879438900808,1.6102270441950648,3.4403905734470333,-0.4924202838857465,0.031309502993852066,0.8,35.0
79.64999999999762,185.58182359429122,143.06082327438077,1.6117931318495304,3.4402667054487246,-0.4931440879999116,0.03132175308931401,0.8,35.0
79.69999999999762,185.59917557803075,143.23372534807615,1.6133598316081426,3.440142797783016,-0.4938672918970511,0.031333995172241565,0.8,35.0
79.74999999999761,185.61629291748662,143.40664980798343,1.614927143068468,3.4400188509290497,-0.4945898937113695,0.03134622920650789,0.8,35.0
79.79999999999761,185.63317544922276,143.5795963503281,1.6164950658262722,3.4398948653664045,-0.4953118915842553,0.03135845515608646,0.8,35.0
79.8499999999976,185.64982301015337,143.75256467074456,1.6180635994755248,3.4397708415750867,-0.4960332836642946,0.031370672985051404,0.8,35.0
79.8999999999976,185.6662354375449,143.92555446427613,1.6196327436084037,3.439646780035524,-0.4967540681072849,0.031382882657577924,0.8,35.0
79.9499999999976,185.68241256901848,144.0985654253749,1.6212024978153008,3.439522681228558,-0.49747424307624855,0.031395084137942626,0.8,35.0
79.9999999999976,185.6983542425519,144.27159724790167,1.622772861684827,3.4393985456354383,-0.49819380674144614,0.031407277390523895,0.8,35.0
80.0499999999976,185.71406029648188,144.44464962512606,1.624343834803817,3.4392743737378115,-0.4989127572803896,0.03141946237980225,0.8,35.0
80.09999999999759,185.72953056950638,144.6177222497263,1.625915416757335,3.4391501660177175,-0.49963109287785507,0.03143163907036071,0.8,35.0
80.14999999999759,185.74476490068668,144.79081481378935,1.6274876071286792,3.439025922957581,-0.5003488117258958,0.031443807426885136,0.8,35.0
80.19999999999759,185.7597631294496,144.96392700881069,1.6290604054993876,3.438901645040204,-0.5010659120238551,0.031455967414164614,0.8,35.0
80.24999999999758,185.77452509558975,145.1370585256945,1.6306338114492422,3.438777332748758,-0.501782391978378,0.03146811899709177,0.8,35.0
80.29999999999758,185.78905063927172,145.31020905475359,1.6322078245562754,3.4386529865667774,-0.5024982498034246,0.03148026214066313,0.8,35.0
80.34999999999758,185.8033396010323,145.48337828570936,1.6337824443967743,3.4385286069781524,-0.5032134837202811,0.03149239680997947,0.8,35.0
80.39999999999758,185.81739182178268,145.6565659076919,1.6353576705452866,3.4384041944671204,-0.5039280919575726,0.03150452297024617,0.8,35.0
80.44999999999757,185.83120714281065,145.8297716092399,1.6369335025746252,3.4382797495182604,-0.5046420727512745,0.03151664058677352,0.8,35.0
80.49999999999757,185.8447854057829,146.0029950783008,1.638509940055874,3.4381552726164837,-0.5053554243447241,0.03152874962497708,0.8,35.0
80.54999999999757,185.85812645274711,146.17623600223075,1.640086982558393,3.438030764247028,-0.5060681449886323,0.03154085005037802,0.8,35.0
80.59999999999756,185.87123012613432,146.34949406779467,1.6416646296498232,3.437906224895449,-0.5067802329410943,0.03155294182860345,0.8,35.0
80.64999999999756,185.88409626876103,146.5227689611663,1.6432428808960926,3.437781655047614,-0.5074916864676015,0.031565024925386716,0.8,35.0
80.69999999999756,185.89672472383148,146.69606036792828,1.644821735861421,3.4376570551896943,-0.5082025038410516,0.031577099306567775,0.8,35.0
80.74999999999756,185.90911533493988,146.86936797307223,1.6464011941083256,3.4375324258081568,-0.50891268334176,0.031589164938093495,0.8,35.0
80.79999999999755,185.92126794607262,147.04269146099878,1.6479812551976265,3.4374077673897574,-0.50962222325747,0.03160122178601797,0.8,35.0
80.84999999999755,185.9331824016105,147.21603051551773,1.6495619186884516,3.4372830804215337,-0.5103311218833633,0.03161326981650285,0.8,35.0
80.89999999999755,185.94485854633103,147.38938481984806,1.6511431841382425,3.4371583653907978,-0.5110393775220703,0.031625308995817655,0.8,35.0
80.94999999999754,185.95629622541057,147.56275405661808,1.6527250511027594,3.4370336227851275,-0.5117469884836803,0.03163733929034008,0.8,35.0
80.99999999999754,185.96749528442658,147.73613790786553,1.6543075191360872,3.43690885309236,-0.5124539530857509,0.03164936066655632,0.8,35.0
81.04999999999754,185.9784555693599,147.90953605503773,1.6558905877906402,3.4367840568005854,-0.5131602696533184,0.03166137309106136,0.8,35.0
81.09999999999754,185.98917692659703,148.08294817899167,1.6574742566171683,3.436659234398137,-0.5138659365189068,0.031673376530559294,0.8,35.0
81.14999999999753,185.9996592029322,148.25637395999414,1.6590585251647614,3.436534386373586,-0.5145709520225374,0.03168537095186363,0.8,35.0
81.19999999999753,186.00990224556983,148.4298130777219,1.6606433929808562,3.436409513215732,-0.5152753145117384,0.03169735632189757,0.8,35.0
81.24999999999753,186.01990590212662,148.60326521126183,1.662228859611241,3.4362846154135975,-0.515979022341553,0.03170933260769432,0.8,35.0
81.29999999999752,186.02967002063383,148.77673003911107,1.6638149246000609,3.4361596934564194,-0.5166820738745495,0.0317212997763974,0.8,35.0
81.34999999999752,186.03919444953954,148.95020723917725,1.6654015874898238,3.436034747833642,-0.5173844674808287,0.0317332577952609,0.8,35.0
81.39999999999752,186.0484790377109,149.12369648877853,1.6669888478214063,3.4359097790349087,-0.5180862015380336,0.03174520663164979,0.8,35.0
81.44999999999752,186.0575236344364,149.29719746464397,1.6685767051340583,3.435784787550056,-0.5187872744313573,0.031757146253040214,0.8,35.0
81.49999999999751,186.06632808942803,149.47070984291355,1.6701651589654094,3.4356597738691046,-0.5194876845535508,0.031769076627019756,0.8,35.0
81.54999999999751,186.07489225282367,149.64423329913848,1.6717542088514739,3.4355347384822528,-0.5201874303049316,0.03178099772128772,0.8,35.0
81.59999999999751,186.0832159751892,149.8177675082814,1.6733438543266566,3.435409681879869,-0.5208865100933917,0.03179290950365544,0.8,35.0
81.6499999999975,186.09129910752088,149.99131214471657,1.6749340949237588,3.435284604552484,-0.5215849223344046,0.03180481194204649,0.8,35.0
81.6999999999975,186.0991415012475,150.1648668822301,1.6765249301739835,3.435159506990783,-0.5222826654510332,0.03181670500449704,0.8,35.0
81.7499999999975,186.10674300823266,150.33843139402018,1.6781163596069413,3.4350343896856,-0.5229797378739374,0.03182858865915606,0.8,35.0
81.7999999999975,186.11410348077712,150.51200535269734,1.6797083827506556,3.4349092531279086,-0.523676138041381,0.0318404628742856,0.8,35.0
81.8499999999975,186.12122277162092,150.68558843028475,1.6813009991315686,3.4347840978088144,-0.5243718643992389,0.03185232761826109,0.8,35.0
81.89999999999749,186.12810073394573,150.85918029821838,1.6828942082745473,3.4346589242195487,-0.5250669154010036,0.03186418285957155,0.8,35.0
81.94999999999749,186.13473722137704,151.0327806273473,1.6844880097028883,3.4345337328514605,-0.5257612895077923,0.03187602856681989,0.8,35.0
81.99999999999748,186.1411320879865,151.20638908793404,1.6860824029383243,3.434408524196009,-0.5264549851883533,0.03188786470872314,0.8,35.0
82.04999999999748,186.14728518829418,151.38000534965477,1.68767738750103,3.4342832987447567,-0.5271480009190723,0.03189969125411272,0.8,35.0
82.09999999999748,186.1531963772707,151.55362908159964,1.6892729629096268,3.434158056989361,-0.5278403351839787,0.031911508171934666,0.8,35.0
82.14999999999748,186.1588655103396,151.7272599522731,1.6908691286811892,3.434032799421567,-0.5285319864747513,0.03192331543124992,0.8,35.0
82.19999999999747,186.16429244337968,151.90089762959417,1.692465884331251,3.4339075265332006,-0.5292229532907248,0.031935113001234534,0.8,35.0
82.24999999999747,186.1694770327271,152.0745417808968,1.69406322937381,3.433782238816161,-0.5299132341388948,0.03194690085117993,0.8,35.0
82.29999999999747,186.1744191351777,152.24819207293018,1.6956611633213348,3.4336569367624126,-0.5306028275339237,0.03195867895049314,0.8,35.0
82.34999999999746,186.1791186079893,152.42184817185907,1.6972596856847697,3.433531620863978,-0.5312917319981463,0.03197044726869703,0.8,35.0
82.39999999999746,186.18357530888397,152.59550974326416,1.6988587959735413,3.4334062916129304,-0.5319799460615742,0.03198220577543055,0.8,35.0
82.44999999999746,186.18778909605027,152.7691764521424,1.7004584936955638,3.4332809495013867,-0.5326674682619017,0.03199395444044897,0.8,35.0
82.49999999999746,186.1917598281455,152.94284796290742,1.702058778357245,3.4331555950214994,-0.5333542971445102,0.03200569323362407,0.8,35.0
82.54999999999745,186.195487364298,153.11652393938982,1.7036596494634921,3.433030228665449,-0.534040431262473,0.03201742212494443,0.8,35.0
82.59999999999745,186.19897156410937,153.29020404483762,1.705261106517718,3.4329048509254365,-0.53472586917656,0.03202914108451557,0.8,35.0
82.64999999999745,186.20221228765683,153.46388794191662,1.706863149021846,3.432779462293678,-0.5354106094552417,0.03204085008256026,0.8,35.0
82.69999999999744,186.2052093954954,153.63757529271078,1.708465776476317,3.4326540632623948,-0.5360946506746939,0.03205254908941866,0.8,35.0
82.74999999999744,186.20796274866015,153.81126575872264,1.7100689883800944,3.4325286543238067,-0.5367779914188013,0.03206423807554858,0.8,35.0
82.79999999999744,186.21047220866862,153.98495900087374,1.7116727842306707,3.432403235970125,-0.5374606302791619,0.03207591701152569,0.8,35.0
82.84999999999744,186.21273763752288,154.15865467950508,1.7132771635240729,3.432277808693545,-0.5381425658550901,0.0320875858680437,0.8,35.0
82.89999999999743,186.214758897712,154.33235245437743,1.7148821257548685,3.432152372986238,-0.5388237967536209,0.03209924461591459,0.8,35.0
82.94999999999743,186.21653585221412,154.50605198467193,1.716487670416172,3.4320269293403456,-0.5395043215895128,0.03211089322606881,0.8,35.0
82.99999999999743,186.21806836449895,154.67975292899038,1.7180937969996497,3.431901478247969,-0.5401841389852514,0.03212253166955548,0.8,35.0
83.04999999999742,186.2193562985298,154.85345494535588,1.7197005049955267,3.4317760202011653,-0.5408632475710523,0.03213415991754259,0.8,35.0
83.09999999999742,186.220399518766,155.0271576912131,1.7213077938925927,3.431650555691938,-0.541541645984864,0.032145777941317184,0.8,35.0
83.14999999999742,186.22119789016512,155.20086082342885,1.722915663178207,3.4315250852122303,-0.5422193328723709,0.032157385712285554,0.8,35.0
83.19999999999742,186.2217512781853,155.37456399829261,1.7245241123383057,3.4313996092539174,-0.5428963068869956,0.03216898320197346,0.8,35.0
83.24999999999741,186.22205954878743,155.54826687151694,1.726133140857407,3.431274128308799,-0.5435725666899016,0.03218057038202626,0.8,35.0
83.29999999999741,186.22212256843744,155.721969098238,1.7277427482186174,3.4311486428685924,-0.5442481109499955,0.03219214722420916,0.8,35.0
83.34999999999741,186.22194020410865,155.89567033301608,1.7293529339036378,3.4310231534249254,-0.5449229383439288,0.032203713700407345,0.8,35.0
83.3999999999974,186.2215123232839,156.06937022983612,1.7309636973927691,3.4308976604693284,-0.5455970475561006,0.03221526978262617,0.8,35.0
83.4499999999974,186.2208387939579,156.24306844210818,1.7325750381649188,3.4307721644932268,-0.5462704372786589,0.03222681544299135,0.8,35.0
83.4999999999974,186.2199194846396,156.41676462266807,1.7341869556976062,3.430646665987934,-0.546943106211502,0.03223835065374913,0.8,35.0
83.5499999999974,186.21875426435423,156.5904584237778,1.7357994494669695,3.430521165444645,-0.5476150530622808,0.03224987538726644,0.8,35.0
83.5999999999974,186.21734300264572,156.76414949712617,1.7374125189477712,3.430395663354427,-0.5482862765463994,0.03226138961603107,0.8,35.0
83.64999999999739,186.21568556957897,156.9378374938294,1.7390261636134037,3.4302701602082144,-0.5489567753870167,0.032272893312651846,0.8,35.0
83.69999999999739,186.21378183574203,157.1115220644315,1.7406403829358965,3.4301446564968003,-0.5496265483150472,0.03228438644985878,0.8,35.0
83.74999999999739,186.21163167224847,157.28520285890514,1.7422551763859218,3.4300191527108286,-0.5502955940691621,0.032295869000503234,0.8,35.0
83.79999999999738,186.20923495073956,157.45887952665194,1.7438705434327997,3.429893649340788,-0.5509639113957898,0.03230734093755807,0.8,35.0
83.84999999999738,186.20659154338657,157.63255171650326,1.7454864835445056,3.429768146877005,-0.5516314990491167,0.032318802234117816,0.8,35.0
83.89999999999738,186.20370132289304,157.80621907672077,1.7471029961876756,3.429642645809634,-0.5522983557910872,0.03233025286339881,0.8,35.0
83.94999999999737,186.20056416249705,157.97988125499697,1.7487200808276127,3.4295171466286534,-0.5529644803914046,0.03234169279873934,0.8,35.0
83.99999999999737,186.19717993597345,158.15353789845594,1.7503377369282926,3.429391649823856,-0.5536298716275305,0.03235312201359981,0.8,35.0
84.04999999999737,186.19354851763615,158.32718865365388,1.7519559639523707,3.4292661558848434,-0.5542945282846853,0.032364540481562856,0.8,35.0
84.09999999999737,186.1896697823404,158.5008331665798,1.7535747613611874,3.4291406653010172,-0.5549584491558476,0.032375948176333526,0.8,35.0
84.14999999999736,186.18554360548495,158.67447108265614,1.7551941286147743,3.4290151785615732,-0.5556216330417542,0.032387345071739376,0.8,35.0
84.19999999999736,186.18116986301447,158.8481020467394,1.756814065171861,3.428889696155493,-0.5562840787508994,0.03239873114173063,0.8,35.0
84.24999999999736,186.1765484314217,159.0217257031209,1.7584345704898798,3.4287642185715383,-0.5569457850995342,0.032410106360380296,0.8,35.0
84.29999999999735,186.17167918774973,159.1953416955273,1.760055644024974,3.428638746298242,-0.5576067509116658,0.032421470701884315,0.8,35.0
84.34999999999735,186.16656200959426,159.36894966712146,1.761677285232002,3.4285132798239024,-0.5582669750190564,0.032432824140561665,0.8,35.0
84.39999999999735,186.16119677510585,159.542549260503,1.7632994935645447,3.4283878196365745,-0.5589264562612224,0.0324441666508545,0.8,35.0
84.44999999999735,186.1555833629922,159.71614011770905,1.764922268474911,3.428262366224065,-0.5595851934854327,0.03245549820732827,0.8,35.0
84.49999999999734,186.14972165252036,159.88972188021495,1.7665456094141447,3.4281369200739236,-0.5602431855467076,0.032466818784671836,0.8,35.0
84.54999999999734,186.14361152351904,160.06329418893498,1.7681695158320296,3.4280114816734364,-0.5609004313078173,0.03247812835769759,0.8,35.0
84.59999999999734,186.13725285638085,160.23685668422306,1.7697939871770967,3.4278860515096183,-0.5615569296392798,0.03248942690134155,0.8,35.0
84.64999999999733,186.1306455320645,160.4104090058735,1.7714190228966298,3.427760630069207,-0.5622126794193597,0.03250071439066351,0.8,35.0
84.69999999999733,186.1237894320971,160.58395079312174,1.773044622436672,3.4276352178386547,-0.5628676795340655,0.0325119908008471,0.8,35.0
84.74999999999733,186.1166844385764,160.75748168464511,1.774670785242032,3.4275098153041212,-0.5635219288771478,0.03252325610719994,0.8,35.0
84.79999999999733,186.10933043417305,160.9310013185636,1.7762975107562897,3.4273844229514685,-0.5641754263500973,0.032534510285153674,0.8,35.0
84.84999999999732,186.10172730213276,161.10450933244056,1.777924798421803,3.427259041266251,-0.5648281708621419,0.03254575331026416,0.8,35.0
84.89999999999732,186.09387492627866,161.27800536328357,1.7795526476797134,3.427133670733711,-0.565480161330244,0.03255698515821149,0.8,35.0
84.94999999999732,186.08577319101352,161.4514890475452,1.7811810579699534,3.4270083118387693,-0.5661313966790985,0.03256820580480012,0.8,35.0
84.99999999999731,186.07742198132195,161.62496002112377,1.7828100287312514,3.426882965066021,-0.5667818758411293,0.032579415225958946,0.8,35.0
85.04999999999731,186.06882118277264,161.79841791936414,1.7844395594011384,3.426757630899726,-0.5674315977564864,0.03259061339774143,0.8,35.0
85.09999999999731,186.05997068152064,161.9718623770586,1.7860696494159547,3.426632309823804,-0.568080561373043,0.032601800296325624,0.8,35.0
85.1499999999973,186.0508703643096,162.1452930284477,1.7877002982108554,3.426507002321826,-0.5687287656463919,0.032612975898014304,0.8,35.0
85.1999999999973,186.0415201184739,162.31870950722092,1.789331505219817,3.426381708877007,-0.5693762095398421,0.03262414017923504,0.8,35.0
85.2499999999973,186.03191983194108,162.4921114465177,1.7909632698756441,3.4262564299722014,-0.5700228920244157,0.03263529311654026,0.8,35.0
85.2999999999973,186.02206939323386,162.66549847892816,1.7925955916099745,3.426131166089894,-0.5706688120788435,0.032646434686607335,0.8,35.0
85.3499999999973,186.01196869147253,162.83887023649402,1.7942284698532864,3.4260059177121946,-0.5713139686895613,0.032657564866238664,0.8,35.0
85.39999999999729,186.0016176163771,163.01222635070945,1.7958619040349044,3.4258806853208292,-0.5719583608507064,0.032668683632361716,0.8,35.0
85.44999999999729,185.99101605826957,163.18556645252193,1.7974958935830059,3.425755469397135,-0.5726019875641127,0.032679790962029116,0.8,35.0
85.49999999999729,185.9801639080761,163.35889017233313,1.799130437924627,3.4256302704220527,-0.5732448478393072,0.03269088683241872,0.8,35.0
85.54999999999728,185.96906105732927,163.53219713999985,1.8007655364856685,3.425505088876119,-0.5738869406935049,0.03270197122083366,0.8,35.0
85.59999999999728,185.95770739817036,163.70548698483483,1.8024011886909037,3.425379925239462,-0.5745282651516047,0.0327130441047024,0.8,35.0
85.64999999999728,185.94610282335142,163.87875933560775,1.8040373939639827,3.425254779991791,-0.5751688202461845,0.03272410546157883,0.8,35.0
85.69999999999727,185.9342472262377,164.05201382054608,1.8056741517274397,3.425129653612393,-0.5758086050174965,0.03273515526914225,0.8,35.0
85.74999999999727,185.92214050080958,164.22525006733602,1.8073114614026995,3.425004546580125,-0.5764476185134619,0.03274619350519751,0.8,35.0
85.79999999999727,185.9097825416651,164.3984677031235,1.8089493224100832,3.4248794593734053,-0.5770858597896664,0.03275722014767499,0.8,35.0
85.84999999999727,185.89717324402196,164.57166635451497,1.8105877341688148,3.4247543924702093,-0.5777233279093544,0.03276823517463067,0.8,35.0
85.89999999999726,185.88431250371977,164.74484564757856,1.812226696097027,3.4246293463480613,-0.578360021943424,0.0327792385642462,0.8,35.0
85.94999999999726,185.87120021722234,164.91800520784486,1.8138662076117684,3.4245043214840285,-0.5789959409704211,0.0327902302948289,0.8,35.0
85.99999999999726,185.8578362816198,165.09114466030795,1.815506268129009,3.424379318354714,-0.5796310840765343,0.03280121034481182,0.8,35.0
86.04999999999725,185.8442205946308,165.2642636294264,1.8171468770636467,3.424254337436251,-0.5802654503555889,0.032812178692753775,0.8,35.0
86.09999999999725,185.83035305460479,165.43736173912424,1.8187880338295137,3.4241293792042935,-0.5808990389090405,0.03282313531733938,0.8,35.0
86.14999999999725,185.81623356052413,165.61043861279194,1.8204297378393826,3.4240044441340127,-0.58153184884597,0.03283408019737908,0.8,35.0
86.19999999999725,185.80186201200635,165.78349387328743,1.822071988504973,3.4238795327000897,-0.5821638792830763,0.032845013311809175,0.8,35.0
86.24999999999724,185.78723830930636,165.9565271429371,1.8237147852369575,3.4237546453767074,-0.582795129344671,0.03285593463969185,0.8,35.0
86.29999999999724,185.77236235331853,166.12953804353683,1.8253581274449682,3.4236297826375455,-0.5834255981626714,0.03286684416021521,0.8,35.0
86.34999999999724,185.757234045579,166.30252619635303,1.827002014537603,3.4235049449557735,-0.5840552848765939,0.03287774185269327,0.8,35.0
86.39999999999723,185.7418532882678,166.47549122212362,1.8286464459224312,3.4233801328040436,-0.5846841886335478,0.03288862769656602,0.8,35.0
86.44999999999723,185.7262199842111,166.64843274105917,1.830291421006001,3.423255346654485,-0.5853123085882279,0.032899501671399385,0.8,35.0
86.49999999999723,185.71033403688327,166.82135037284382,1.8319369391938454,3.4231305869786968,-0.5859396439029082,0.0329103637568853,0.8,35.0
86.54999999999723,185.69419535040922,166.9942437366365,1.8335829998904876,3.4230058542477417,-0.5865661937474342,0.03292121393284168,0.8,35.0
86.59999999999722,185.67780382956647,167.16711245107186,1.835229602499448,3.4228811489321402,-0.5871919572992162,0.03293205217921242,0.8,35.0
86.64999999999722,185.66115937978734,167.33995613426148,1.8368767464232514,3.422756471501863,-0.5878169337432217,0.032942878476067444,0.8,35.0
86.69999999999722,185.64426190716114,167.51277440379485,1.8385244310634314,3.422631822426325,-0.5884411222719682,0.032953692803602684,0.8,35.0
86.74999999999721,185.6271113184363,167.68556687674052,1.8401726558205385,3.422507202174379,-0.5890645220855153,0.032964495142140074,0.8,35.0
86.79999999999721,185.60970752102264,167.85833316964718,1.8418214200941447,3.42238261121431,-0.5896871323914572,0.03297528547212756,0.8,35.0
86.84999999999721,185.5920504229934,168.0310728985448,1.8434707232828518,3.4222580500138284,-0.5903089524049151,0.032986063774139096,0.8,35.0
86.8999999999972,185.57413993308748,168.20378567894574,1.8451205647842954,3.422133519040062,-0.5909299813485289,0.03299683002887464,0.8,35.0
86.9499999999972,185.5559759607116,168.37647112584582,1.8467709439951534,3.4220090187595527,-0.5915502184524494,0.03300758421716013,0.8,35.0
86.9999999999972,185.5375584159424,168.54912885372562,1.8484218603111509,3.4218845496382477,-0.5921696629543299,0.0330183263199475,0.8,35.0
87.0499999999972,185.51888720952866,168.72175847655146,1.8500733131270666,3.4217601121414947,-0.5927883140993182,0.03302905631831464,0.8,35.0
87.0999999999972,185.4999622528934,168.89435960777664,1.85172530183674,3.421635706734035,-0.5934061711400479,0.03303977419346539,0.8,35.0
87.14999999999719,185.48078345813602,169.06693186034258,1.8533778258330764,3.421511333879997,-0.5940232333366301,0.033050479926729534,0.8,35.0
87.19999999999719,185.46135073803453,169.23947484668003,1.8550308845080545,3.421386994042891,-0.5946394999566444,0.033061173499562765,0.8,35.0
87.24999999999719,185.44166400604755,169.41198817871017,1.8566844772527318,3.4212626876856023,-0.5952549702751306,0.03307185489354666,0.8,35.0
87.29999999999718,185.4217231763166,169.58447146784587,1.858338603457251,3.4211384152703848,-0.5958696435745795,0.03308252409038866,0.8,35.0
87.34999999999718,185.40152816366808,169.7569243249929,1.8599932625108473,3.421014177258855,-0.5964835191449238,0.033093181071922044,0.8,35.0
87.39999999999718,185.38107888361554,169.92934636055105,1.8616484538018525,3.420889974111987,-0.5970965962835293,0.03310382582010591,0.8,35.0
87.44999999999717,185.36037525236173,170.10173718441544,1.8633041767177039,3.4207658062901043,-0.5977088742951854,0.033114458317025114,0.8,35.0
87.49999999999717,185.33941718680072,170.2740964059777,1.8649604306449483,3.420641674252876,-0.5983203524920958,0.03312507854489025,0.8,35.0
87.54999999999717,185.31820460452005,170.44642363412717,1.8666172149692501,3.4205175784593087,-0.5989310301938692,0.03313568648603763,0.8,35.0
87.59999999999717,185.29673742380282,170.61871847725223,1.8682745290753966,3.4203935193677424,-0.5995409067275094,0.03314628212292921,0.8,35.0
87.64999999999716,185.2750155636299,170.79098054324143,1.8699323723473043,3.420269497435842,-0.6001499814274058,0.033156865438152563,0.8,35.0
87.69999999999716,185.25303894368184,170.96320943948487,1.8715907441680253,3.4201455131205947,-0.6007582536353239,0.03316743641442085,0.8,35.0
87.74999999999716,185.2308074843412,171.13540477287538,1.873249643919754,3.4200215668783005,-0.6013657227003946,0.03317799503457276,0.8,35.0
87.79999999999715,185.2083211066945,171.3075661498098,1.8749090709838325,3.4198976591645684,-0.6019723879791048,0.03318854128157246,0.8,35.0
87.84999999999715,185.18557973253445,171.47969317619027,1.876569024740758,3.4197737904343106,-0.6025782488352872,0.03319907513850954,0.8,35.0
87.89999999999715,185.16258328436186,171.6517854574256,1.878229504570188,3.4196499611417353,-0.6031833046401097,0.033209596588598955,0.8,35.0
87.94999999999715,185.13933168538793,171.82384259843244,1.879890509850947,3.419526171740342,-0.6037875547720655,0.033220105615181,0.8,35.0
87.99999999999714,185.11582485953622,171.99586420363661,1.881552039961033,3.4194024226829147,-0.6043909986169621,0.03323060220172123,0.8,35.0
88.04999999999714,185.0920627314448,172.16784987697454,1.8832140942776237,3.4192787144215173,-0.6049936355679112,0.033241086331810374,0.8,35.0
88.09999999999714,185.06804522646826,172.33979922189442,1.8848766721770818,3.4191550474074863,-0.6055954650253178,0.03325155798916433,0.8,35.0
88.14999999999714,185.04377227067988,172.51171184135768,1.886539773034963,3.419031422091426,-0.6061964863968694,0.03326201715762404,0.8,35.0
88.19999999999713,185.01924379087365,172.6835873378402,1.8882033962260207,3.418907838923203,-0.6067966990975251,0.033272463821155465,0.8,35.0
88.24999999999713,184.99445971456632,172.85542531333374,1.8898675411242132,3.418784298351939,-0.6073961025495047,0.033282897963849506,0.8,35.0
88.29999999999713,184.96941996999954,173.0272253693473,1.8915322071027092,3.4186608008260078,-0.6079946961822775,0.03329331956992192,0.8,35.0
88.34999999999712,184.94412448614185,173.1989871069084,1.8931973935338948,3.418537346793026,-0.608592479432551,0.033303728623713245,0.8,35.0
88.39999999999712,184.9185731926908,173.37071012656455,1.8948630997893792,3.4184139366998507,-0.6091894517442599,0.03331412510968876,0.8,35.0
88.44999999999712,184.89276602007493,173.5423940283846,1.896529325240001,3.418290570992572,-0.6097856125685541,0.033324509012438344,0.8,35.0
88.49999999999712,184.86670289945596,173.71403841196008,1.8981960692558348,3.4181672501165083,-0.610380961363788,0.03333488031667645,0.8,35.0
88.54999999999711,184.84038376273065,173.88564287640668,1.899863331206197,3.4180439745161992,-0.6109754975955082,0.033345239007242004,0.8,35.0
88.59999999999711,184.813808542533,174.05720702036558,1.901531110459652,3.4179207446354023,-0.6115692207364418,0.03335558506909831,0.8,35.0
88.6499999999971,184.7869771722362,174.2287304420049,1.9031994063840185,3.417797560917086,-0.6121621302664852,0.033365918487332974,0.8,35.0
88.6999999999971,184.7598895859547,174.40021273902107,1.9048682183463763,3.4176744238034242,-0.6127542256726914,0.03337623924715782,0.8,35.0
88.7499999999971,184.7325457185463,174.57165350864037,1.9065375457130718,3.4175513337357915,-0.6133455064492584,0.03338654733390877,0.8,35.0
88.7999999999971,184.70494550561406,174.74305234762022,1.908207387849724,3.417428291154757,-0.6139359720975172,0.033396842733045794,0.8,35.0
88.8499999999971,184.67708888350842,174.91440885225077,1.9098777441212318,3.417305296500079,-0.614525622125919,0.03340712543015277,0.8,35.0
88.89999999999709,184.64897578932914,175.08572261835627,1.9115486138917788,3.4171823502107004,-0.6151144560500237,0.033417395410937425,0.8,35.0
88.94999999999709,184.6206061609274,175.25699324129653,1.9132199965248404,3.417059452724742,-0.6157024733924868,0.03342765266123121,0.8,35.0
88.99999999999709,184.5919799369077,175.42822031596836,1.9148918913831898,3.4169366044794995,-0.6162896736830473,0.0334378971669892,0.8,35.0
89.04999999999708,184.56309705663006,175.59940343680717,1.9165642978289044,3.4168138059114344,-0.6168760564585148,0.03344812891429,0.8,35.0
89.09999999999708,184.53395746021178,175.77054219778833,1.918237215223371,3.4166910574561724,-0.6174616212627572,0.033458347889335625,0.8,35.0
89.14999999999708,184.5045610885296,175.9416361924287,1.9199106429272936,3.416568359548496,-0.6180463676466872,0.03346855407845141,0.8,35.0
89.19999999999708,184.4749078832217,176.11268501378814,1.921584580300698,3.41644571262234,-0.6186302951682504,0.033478747468085886,0.8,35.0
89.24999999999707,184.44499778668958,176.28368825447103,1.9232590267029384,3.4163231171107866,-0.6192134033924116,0.03348892804481067,0.8,35.0
89.29999999999707,184.4148307421001,176.45464550662777,1.9249339814927044,3.4162005734460594,-0.6197956918911419,0.033499095795320344,0.8,35.0
89.34999999999707,184.3844066933875,176.6255563619563,1.9266094440280261,3.416078082059519,-0.6203771602434057,0.03350925070643236,0.8,35.0
89.39999999999706,184.3537255852553,176.79642041170365,1.9282854136662806,3.4159556433816567,-0.6209578080351473,0.03351939276508689,0.8,35.0
89.44999999999706,184.32278736317835,176.9672372466674,1.929961889764198,3.4158332578420914,-0.6215376348592776,0.03352952195834674,0.8,35.0
89.49999999999706,184.2915919734048,177.13800645719738,1.9316388716778679,3.4157109258695626,-0.6221166403156606,0.03353963827339719,0.8,35.0
89.54999999999706,184.26013936295791,177.3087276331971,1.933316358762745,3.4155886478919264,-0.6226948240111002,0.033549741697545904,0.8,35.0
89.59999999999705,184.2284294796382,177.47940036412533,1.9349943503736562,3.41546642433615,-0.6232721855593262,0.03355983221822277,0.8,35.0
89.64999999999705,184.19646227202534,177.65002423899773,1.9366728458648053,3.4153442556283076,-0.6238487245809807,0.03356990982297981,0.8,35.0
89.69999999999705,184.16423768948002,177.82059884638838,1.9383518445897798,3.415222142193574,-0.6244244407036047,0.03357997449949102,0.8,35.0
89.74999999999704,184.13175568214595,177.99112377443137,1.9400313459015575,3.41510008445622,-0.6249993335616236,0.033590026235552226,0.8,35.0
89.79999999999704,184.0990162009519,178.16159861082238,1.9417113491525115,3.414978082839609,-0.625573402796334,0.033600065019081,0.8,35.0
89.84999999999704,184.0660191976134,178.33202294282037,1.9433918536944172,3.414856137766191,-0.6261466480558889,0.033610090838116474,0.8,35.0
89.89999999999704,184.03276462463495,178.50239635724904,1.9450728588784583,3.414734249657496,-0.6267190689952843,0.033620103680819226,0.8,35.0
89.94999999999703,183.9992524353117,178.67271844049858,1.9467543640552318,3.4146124189341336,-0.6272906652763444,0.03363010353547113,0.8,35.0
89.99999999999703,183.96548258373147,178.84298877852726,1.9484363685747557,3.414490646015784,-0.6278614365677078,0.033640090390475205,0.8,35.0
90.04999999999703,183.93145502477674,179.01320695686297,1.9501188717864735,3.414368931321194,-0.6284313825448128,0.03365006423435551,0.8,35.0
90.09999999999702,183.89716971412645,179.18337256060502,1.9518018730392612,3.414247275268175,-0.6290005028898833,0.033660025055756944,0.8,35.0
90.14999999999702,183.8626266082579,179.35348517442563,1.9534853716814335,3.4141256782735954,-0.629568797291914,0.03366997284344514,0.8,35.0
90.19999999999702,183.82782566444874,179.5235443825717,1.9551693670607488,3.4140041407533763,-0.6301362654466557,0.03367990758630628,0.8,35.0
90.24999999999702,183.79276684077877,179.69354976886646,1.9568538585244162,3.4138826631224886,-0.6307029070566011,0.033689829273346995,0.8,35.0
90.29999999999701,183.75745009613192,179.86350091671102,1.9585388454191008,3.413761245794946,-0.6312687218309697,0.03369973789369415,0.8,35.0
90.34999999999701,183.72187539019805,180.0333974090862,1.9602243270909305,3.413639889183803,-0.631833709485693,0.03370963343659472,0.8,35.0
90.39999999999701,183.6860426834749,180.20323882855416,1.9619103028855014,3.413518593701147,-0.6323978697433994,0.03371951589141565,0.8,35.0
90.449999999997,183.64995193726992,180.37302475726005,1.9635967721478835,3.4133973597580973,-0.6329612023333999,0.03372938524764365,0.8,35.0
90.499999999997,183.61360311370214,180.54275477693378,1.9652837342226277,3.413276187764798,-0.6335237069916723,0.03373924149488508,0.8,35.0
90.549999999997,183.57699617570404,180.71242846889166,1.966971188453771,3.4131550781304156,-0.6340853834608463,0.03374908462286575,0.8,35.0
90.599999999997,183.5401310870234,180.88204541403817,1.9686591341848425,3.413034031263132,-0.6346462314901885,0.03375891462143079,0.8,35.0
90.649999999997,183.50300781222526,181.05160519286764,1.9703475707588698,3.412913047570143,-0.6352062508355868,0.03376873148054445,0.8,35.0
90.69999999999699,183.46562631669354,181.221107385466,1.9720364975183844,3.412792127457651,-0.6357654412595354,0.03377853519028994,0.8,35.0
90.74999999999699,183.4279865666331,181.39055157151256,1.973725913805428,3.412671271330863,-0.636323802531119,0.0337883257408693,0.8,35.0
90.79999999999698,183.3900885290715,181.55993733028163,1.975415818961558,3.4125504795939854,-0.6368813344259976,0.03379810312260316,0.8,35.0
90.84999999999698,183.3519321718608,181.7292642406444,1.9771062123278547,3.4124297526502185,-0.6374380367263908,0.03380786732593063,0.8,35.0
90.89999999999698,183.31351746367937,181.89853188107065,1.978797093244925,3.4123090909017546,-0.637993909221062,0.033817618341409075,0.8,35.0
90.94999999999698,183.27484437403385,182.0677398296305,1.9804884610529108,3.412188494749772,-0.6385489517053032,0.033827356159713974,0.8,35.0
90.99999999999697,183.23591287326082,182.23688766399624,1.9821803150914927,3.412067964594431,-0.6391031639809187,0.03383708077163873,0.8,35.0
91.04999999999697,183.19672293252864,182.405974961444,1.9838726546998975,3.4119475008348705,-0.6396565458562095,0.033846792168094476,0.8,35.0
91.09999999999697,183.15727452383933,182.57500129885563,1.985565479216903,3.411827103869203,-0.6402090971459571,0.03385649034010991,0.8,35.0
91.14999999999696,183.11756762003026,182.7439662527205,1.9872587879808445,3.4117067740945113,-0.6407608176714081,0.0338661752788311,0.8,35.0
91.19999999999696,183.07760219477603,182.91286939913726,1.9889525803296206,3.411586511906843,-0.6413117072602579,0.03387584697552132,0.8,35.0
91.24999999999696,183.0373782225902,183.08171031381565,1.9906468556006987,3.411466317701208,-0.641861765746634,0.033885505421560824,0.8,35.0
91.29999999999696,182.99689567882714,183.25048857207835,1.992341613131121,3.4113461918715733,-0.6424109929710807,0.0338951506084467,0.8,35.0
91.34999999999695,182.95615453968375,183.41920374886277,1.9940368522575105,3.4112261348108603,-0.6429593887805426,0.03390478252779266,0.8,35.0
91.39999999999695,182.91515478220123,183.58785541872285,1.995732572316077,3.411106146910939,-0.6435069530283478,0.03391440117132883,0.8,35.0
91.44999999999695,182.87389638426686,183.75644315583102,1.997428772642622,3.4109862285626265,-0.6440536855741923,0.033924006530901586,0.8,35.0
91.49999999999694,182.8323793246158,183.92496653397993,1.9991254525725457,3.4108663801556798,-0.6445995862841231,0.033933598598473357,0.8,35.0
91.54999999999694,182.79060358283277,184.0934251265843,2.0008226114408516,3.410746602078795,-0.6451446550305217,0.0339431773661224,0.8,35.0
91.59999999999694,182.74856913935383,184.26181850668286,2.0025202485821536,3.4106268947196017,-0.6456888916920879,0.03395274282604263,0.8,35.0
91.64999999999694,182.70627597546817,184.43014624694013,2.004218363330681,3.4105072584646603,-0.6462322961538227,0.033962294970543414,0.8,35.0
91.69999999999693,182.66372407331974,184.59840791964837,2.0059169550202833,3.4103876936994566,-0.6467748683070121,0.03397183379204936,0.8,35.0
91.74999999999693,182.62091341590911,184.7666030967294,2.0076160229844384,3.4102682008083995,-0.6473166080492102,0.033981359283100115,0.8,35.0
91.79999999999693,182.57784398709506,184.93473134973652,2.009315566556256,3.410148780174817,-0.6478575152842223,0.03399087143635018,0.8,35.0
91.84999999999692,182.53451577159643,185.10279224985638,2.0110155850684843,3.4100294321809517,-0.6483975899220881,0.03400037024456867,0.8,35.0
91.89999999999692,182.49092875499372,185.2707853679109,2.0127160778535162,3.4099101572079578,-0.6489368318790648,0.034009855700639156,0.8,35.0
91.94999999999692,182.44708292373087,185.4387102743591,2.014417044243394,3.4097909556358976,-0.6494752410776105,0.03401932779755939,0.8,35.0
91.99999999999692,182.40297826511696,185.6065665392992,2.0161184835698163,3.4096718278437375,-0.6500128174463665,0.03402878652844115,0.8,35.0
92.04999999999691,182.35861476732782,185.7743537324703,2.017820395164142,3.4095527742093443,-0.6505495609201409,0.03403823188651,0.8,35.0
92.09999999999691,182.31399241940784,185.94207142325453,2.019522778357397,3.4094337951094817,-0.6510854714398913,0.03404766386510509,0.8,35.0
92.14999999999691,182.26911121127154,186.1097191806788,2.021225632480281,3.409314890919808,-0.651620548952707,0.03405708245767893,0.8,35.0
92.1999999999969,182.22397113370536,186.2772965734169,2.0229289568631708,3.40919606201487,-0.6521547934117929,0.034066487657797184,0.8,35.0
92.2499999999969,182.17857217836925,186.44480316979124,2.0246327508361275,3.4090773087681017,-0.6526882047764514,0.03407587945913843,0.8,35.0
92.2999999999969,182.13291433779833,186.61223853777506,2.0263370137289023,3.4089586315518208,-0.6532207830120651,0.03408525785549398,0.8,35.0
92.3499999999969,182.0869976054046,186.7796022449942,2.0280417448709405,3.408840030737224,-0.65375252809008,0.03409462284076762,0.8,35.0
92.3999999999969,182.04082197547856,186.94689385872914,2.0297469435913893,3.4087215066943846,-0.6542834399879874,0.03410397440897541,0.8,35.0
92.44999999999689,181.99438744319087,187.11411294591696,2.0314526092191016,3.4086030597922488,-0.6548135186893069,0.034113312554245455,0.8,35.0
92.49999999999689,181.94769400459396,187.28125907315334,2.0331587410826426,3.408484690398633,-0.6553427641835685,0.03412263727081767,0.8,35.0
92.54999999999688,181.9007416566237,187.4483318066945,2.034865338510295,3.408366398880219,-0.6558711764662954,0.03413194855304357,0.8,35.0
92.59999999999688,181.853530397101,187.61533071245924,2.0365724008300643,3.408248185602553,-0.6563987555389862,0.03414124639538604,0.8,35.0
92.64999999999688,181.80606022473344,187.78225535603093,2.038279927369685,3.40813005093004,-0.6569255014090969,0.034150530792419094,0.8,35.0
92.69999999999688,181.75833113911693,187.94910530265946,2.0399879174566267,3.4080119952259427,-0.6574514140900238,0.03415980173882764,0.8,35.0
92.74999999999687,181.71034314073722,188.11588011726334,2.041696370418097,3.4078940188523763,-0.6579764936010853,0.03416905922940728,0.8,35.0
92.79999999999687,181.6620962309716,188.2825793644317,2.0434052855810503,3.4077761221703073,-0.6585007399675044,0.034178303259064034,0.8,35.0
92.84999999999687,181.61359041209042,188.44920260842628,2.045114662272191,3.4076583055395497,-0.6590241532203903,0.03418753382281415,0.8,35.0
92.89999999999687,181.56482568725872,188.6157494131834,2.0468244998179803,3.407540569318761,-0.6595467333967212,0.034196750915783836,0.8,35.0
92.94999999999686,181.5158020605378,188.78221934231618,2.0485347975446406,3.40742291386544,-0.660068480539326,0.03420595453320902,0.8,35.0
92.99999999999686,181.4665195368868,188.94861195911642,2.0502455547781624,3.407305339535925,-0.6605893946968662,0.03421514467043515,0.8,35.0
93.04999999999686,181.4169781221643,189.1149268265567,2.051956770844308,3.4071878466853884,-0.661109475923818,0.0342243213229169,0.8,35.0
93.09999999999685,181.3671778231298,189.28116350729252,2.053668445068619,3.4070704356678347,-0.6616287242804544,0.03423348448621798,0.8,35.0
93.14999999999685,181.31711864744537,189.44732156366422,2.0553805767764195,3.4069531068360988,-0.6621471398328269,0.03424263415601086,0.8,35.0
93.19999999999685,181.26680060367713,189.61340055769912,2.0570931652928235,3.406835860541841,-0.6626647226527475,0.03425177032807653,0.8,35.0
93.24999999999685,181.21622370129683,189.7794000511136,2.058806209942739,3.4067186971355463,-0.6631814728177701,0.034260892998304295,0.8,35.0
93.29999999999684,181.16538795068337,189.9453196053152,2.0605197100508734,3.4066016169665203,-0.6636973904111728,0.03427000216269146,0.8,35.0
93.34999999999684,181.11429336312435,190.11115878140467,2.0622336649417408,3.4064846203828862,-0.6642124755219395,0.03427909781734314,0.8,35.0
93.39999999999684,181.06293995081757,190.27691714017806,2.0639480739396645,3.406367707731583,-0.6647267282447413,0.034288179958471984,0.8,35.0
93.44999999999683,181.01132772687257,190.44259424212885,2.0656629363687844,3.4062508793583617,-0.6652401486799185,0.034297248582397945,0.8,35.0
93.49999999999683,180.95945670531214,190.60818964745005,2.0673782515530617,3.4061341356077834,-0.6657527369334622,0.034306303685548004,0.8,35.0
93.54999999999683,180.90732690107376,190.77370291603629,2.0690940188162843,3.406017476823217,-0.6662644931169954,0.03431534526445594,0.8,35.0
93.59999999999683,180.85493833001118,190.93913360748596,2.0708102374820725,3.4059009033468355,-0.6667754173477555,0.03432437331576207,0.8,35.0
93.64999999999682,180.8022910088959,191.10448128110332,2.072526906873883,3.405784415519613,-0.6672855097485747,0.03433338783621299,0.8,35.0
93.69999999999682,180.74938495541858,191.26974549590065,2.074244026315016,3.4056680136813244,-0.6677947704478624,0.03434238882266132,0.8,35.0
93.74999999999682,180.6962201881906,191.43492581060036,2.075961595128619,3.4055516981705405,-0.6683031995795863,0.03435137627206547,0.8,35.0
93.79999999999681,180.6427967267455,191.60002178363715,2.0776796126376937,3.4054354693246265,-0.6688107972832535,0.03436035018148934,0.8,35.0
93.84999999999681,180.58911459154038,191.76503297316015,2.0793980781650987,3.4053193274797398,-0.6693175637038925,0.0343693105481021,0.8,35.0
93.89999999999681,180.5351738039575,191.92995893703505,2.0811169910335576,3.405203272970827,-0.6698234989920341,0.034378257369177906,0.8,35.0
93.9499999999968,180.48097438630555,192.09479923284636,2.0828363505656626,3.4050873061316214,-0.6703286033036929,0.03438719064209566,0.8,35.0
93.9999999999968,180.42651636182129,192.2595534178994,2.0845561560838797,3.404971427294641,-0.6708328768003486,0.03439611036433873,0.8,35.0
94.0499999999968,180.37179975467077,192.42422104922267,2.0862764069105544,3.4048556367911864,-0.6713363196489273,0.0344050165334947,0.8,35.0
94.0999999999968,180.31682458995095,192.5888016835698,2.0879971023679174,3.4047399349513374,-0.6718389320217822,0.0344139091472551,0.8,35.0
94.1499999999968,180.26159089369102,192.753294877422,2.089718241778088,3.4046243221039516,-0.672340714096676,0.034422788203415135,0.8,35.0
94.19999999999679,180.20609869285377,192.91770018699003,2.0914398244630816,3.404508798576662,-0.6728416660567607,0.03443165369987342,0.8,35.0
94.24999999999679,180.15034801533716,193.08201716821648,2.093161849744813,3.404393364695874,-0.6733417880905596,0.03444050563463174,0.8,35.0
94.29999999999679,180.09433888997552,193.24624537677798,2.0948843169451026,3.4042780207867653,-0.6738410803919482,0.03444934400579474,0.8,35.0
94.34999999999678,180.0380713465411,193.41038436808734,2.096607225385681,3.4041627671732804,-0.6743395431601356,0.03445816881156969,0.8,35.0
94.39999999999678,179.98154541574542,193.57443369729583,2.098330574388194,3.4040476041781313,-0.6748371765996447,0.034466980050266195,0.8,35.0
94.44999999999678,179.92476112924055,193.73839291929542,2.100054363274209,3.4039325321227945,-0.6753339809202942,0.034475777720295926,0.8,35.0
94.49999999999677,179.86771851962064,193.90226158872088,2.1017785913652176,3.403817551327508,-0.6758299563371791,0.034484561820172364,0.8,35.0
94.54999999999677,179.81041762042312,194.0660392599521,2.103503257982643,3.4037026621112716,-0.676325103070652,0.034493332348510514,0.8,35.0
94.59999999999677,179.75285846613022,194.22972548711635,2.1052283624478445,3.403587864791841,-0.6768194213463036,0.03450208930402662,0.8,35.0
94.64999999999677,179.69504109217021,194.39331982409038,2.1069539040821215,3.4034731596857304,-0.6773129113949441,0.03451083268553793,0.8,35.0
94.69999999999676,179.63696553491877,194.55682182450286,2.1086798822067196,3.403358547108206,-0.6778055734525841,0.03451956249196236,0.8,35.0
94.74999999999676,179.5786318317003,194.72023104173644,2.1104062961428354,3.4032440273732885,-0.678297407760415,0.034528278722318284,0.8,35.0
94.79999999999676,179.52004002078934,194.8835470289301,2.1121331452116214,3.403129600793747,-0.6787884145647908,0.034536981375724196,0.8,35.0
94.84999999999675,179.4611901414118,195.04676933898142,2.1138604287341916,3.4030152676811007,-0.6792785941172079,0.034545670451398475,0.8,35.0
94.89999999999675,179.4020822337463,195.2098975245488,2.1155881460316244,3.4029010283456147,-0.6797679466742869,0.03455434594865909,0.8,35.0
94.94999999999675,179.3427163389255,195.3729311380538,2.1173162964249705,3.4027868830962986,-0.6802564724977526,0.03456300786692331,0.8,35.0
94.99999999999675,179.28309249903737,195.53586973168328,2.119044879235256,3.402672832240906,-0.6807441718544154,0.03457165620570745,0.8,35.0
95.04999999999674,179.22321075712648,195.69871285739183,2.120773893783487,3.4025588760859304,-0.681231045016152,0.034580290964626566,0.8,35.0
95.09999999999674,179.16307115719533,195.86146006690396,2.122503339390657,3.402445014936607,-0.6817170922598856,0.03458891214339417,0.8,35.0
95.14999999999674,179.1026737442056,196.02411091171643,2.124233215377748,3.402331249096906,-0.6822023138675676,0.034597519741821965,0.8,35.0
95.19999999999673,179.04201856407937,196.18666494310057,2.125963521065739,3.4022175788695366,-0.6826867101261574,0.03460611375981955,0.8,35.0
95.24999999999673,178.98110566370048,196.34912171210448,2.1276942557756087,3.4021040045559405,-0.683170281327604,0.03461469419739412,0.8,35.0
95.29999999999673,178.91993509091571,196.51148076955548,2.1294254188283412,3.4019905264562937,-0.6836530277688259,0.03462326105465023,0.8,35.0
95.34999999999673,178.85850689453608,196.67374166606228,2.1311570095449306,3.401877144869503,-0.684134949751692,0.03463181433178945,0.8,35.0
95.39999999999672,178.79682112433807,196.8359039520174,2.132889027246386,3.4017638600932045,-0.6846160475830028,0.0346403540291101,0.8,35.0
95.44999999999672,178.7348778310648,196.9979671775994,2.1346214712537366,3.401650672423764,-0.6850963215744703,0.03464888014700699,0.8,35.0
95.49999999999672,178.67267706642735,197.15993089277538,2.136354340888035,3.4015375821562728,-0.6855757720426994,0.034657392685971074,0.8,35.0
95.54999999999671,178.61021888310594,197.32179464730305,2.1380876354703644,3.401424589584548,-0.6860543993091677,0.0346658916465892,0.8,35.0
95.59999999999671,178.54750333475113,197.4835579907333,2.1398213543218416,3.4013116950011306,-0.6865322037002067,0.03467437702954383,0.8,35.0
95.64999999999671,178.484530475985,197.64522047241235,2.141555496763622,3.4011988986972845,-0.6870091855469824,0.03468284883561271,0.8,35.0
95.6999999999967,178.42130036240238,197.8067816414843,2.1432900621169058,3.401086200962994,-0.6874853451854757,0.034691307065668614,0.8,35.0
95.7499999999967,178.35781305057208,197.9682410468933,2.1450250497029395,3.400973602086964,-0.6879606829564627,0.03469975172067902,0.8,35.0
95.7999999999967,178.294068598038,198.129598237386,2.146760458843025,3.400861102356617,-0.688435199205496,0.03470818280170583,0.8,35.0
95.8499999999967,178.23006706332032,198.2908527615139,2.14849628885852,3.400748702058093,-0.6889088942828847,0.0347166003099051,0.8,35.0
95.8999999999967,178.16580850591671,198.45200416763566,2.150232539070846,3.400636401476249,-0.6893817685436752,0.03472500424652671,0.8,35.0
95.94999999999669,178.10129298630343,198.61305200391956,2.151969208801492,3.4005242008946555,-0.6898538223476315,0.03473339461291409,0.8,35.0
95.99999999999669,178.03652056593648,198.77399581834578,2.153706297372017,3.4004121005955965,-0.690325056059216,0.0347417714105039,0.8,35.0
96.04999999999669,177.97149130725282,198.93483515870884,2.155443804104058,3.4003001008600693,-0.6907954700475699,0.03475013464082577,0.8,35.0
96.09999999999668,177.90620527367142,199.09556957261995,2.1571817283193333,3.4001882019677816,-0.6912650646864938,0.03475848430550198,0.8,35.0
96.14999999999668,177.84066252959443,199.25619860750945,2.1589200693396458,3.4000764041971516,-0.6917338403544282,0.03476682040624715,0.8,35.0
96.19999999999668,177.77486314040829,199.41672181062913,2.1606588264868893,3.3999647078253066,-0.6922017974344337,0.034775142944867984,0.8,35.0
96.24999999999667,177.70880717248485,199.5771387290547,2.1623979990830526,3.3998531131280814,-0.692668936314172,0.03478345192326292,0.8,35.0
96.29999999999667,177.6424946931825,199.73744890968808,2.1641375864502237,3.3997416203800177,-0.6931352573858862,0.03479174734342186,0.8,35.0
96.34999999999667,177.5759257708472,199.89765189925998,2.165877587910595,3.399630229854364,-0.6936007610463811,0.03480002920742587,0.8,35.0
96.39999999999667,177.50910047481358,200.05774724433215,2.167618002786467,3.3995189418230733,-0.694065447697004,0.03480829751744688,0.8,35.0
96.44999999999666,177.44201887540612,200.21773449129984,2.1693588304002547,3.3994077565568026,-0.6945293177436247,0.03481655227574736,0.8,35.0
96.49999999999666,177.37468104394014,200.37761318639426,2.1711000700744885,3.399296674324912,-0.6949923715966168,0.03482479348468005,0.8,35.0
96.54999999999666,177.30708705272284,200.53738287568495,2.1728417211318227,3.399185695395464,-0.6954546096708372,0.03483302114668763,0.8,35.0
96.59999999999665,177.2392369750544,200.6970431050823,2.174583782895038,3.399074820035222,-0.6959160323856073,0.03484123526430244,0.8,35.0
96.64999999999665,177.1711308852291,200.85659342033983,2.176326254687045,3.3989640485096513,-0.6963766401646933,0.034849435840146145,0.8,35.0
96.69999999999665,177.10276885853622,201.01603336705676,2.1780691358308917,3.3988533810829153,-0.6968364334362864,0.03485762287692948,0.8,35.0
96.74999999999665,177.0341509712612,201.1753624906804,2.1798124256497644,3.398742818017878,-0.6972954126329837,0.0348657963774519,0.8,35.0
96.79999999999664,176.96527730068655,201.3345803365086,2.1815561234669945,3.3986323595761,-0.6977535781917681,0.0348739563446013,0.8,35.0
96.84999999999664,176.896147925093,201.49368644969215,2.183300228606062,3.3985220060178416,-0.6982109305539893,0.0348821027813537,0.8,35.0
96.89999999999664,176.82676292376044,201.65268037523734,2.185044740390601,3.3984117576020583,-0.6986674701653441,0.03489023569077294,0.8,35.0
96.94999999999663,176.7571223769689,201.81156165800832,2.1867896581444013,3.3983016145864022,-0.6991231974758568,0.034898355076010364,0.8,35.0
96.99999999999663,176.6872263659996,201.97032984272957,2.1885349811914163,3.3981915772272213,-0.6995781129398597,0.03490646094030455,0.8,35.0
97.04999999999663,176.6170749731359,202.12898447398845,2.190280708855765,3.398081645779558,-0.7000322170159736,0.034914553286980954,0.8,35.0
97.09999999999663,176.54666828166435,202.2875250962376,2.192026840461738,3.3979718204971503,-0.7004855101670884,0.03492263211945163,0.8,35.0
97.14999999999662,176.47600637587556,202.44595125379738,2.1937733753337985,3.3978621016324286,-0.7009379928603431,0.03493069744121493,0.8,35.0
97.19999999999662,176.4050893410652,202.60426249085842,2.1955203127965914,3.397752489436518,-0.7013896655671068,0.034938749255855155,0.8,35.0
97.24999999999662,176.33391726353503,202.76245835148407,2.1972676521749435,3.3976429841592357,-0.7018405287629591,0.0349467875670423,0.8,35.0
97.29999999999661,176.26249023059376,202.92053837961288,2.19901539279387,3.3975335860490916,-0.7022905829276704,0.03495481237853171,0.8,35.0
97.34999999999661,176.190808330558,203.0785021190611,2.200763533978578,3.397424295353287,-0.7027398285451826,0.034962823694163765,0.8,35.0
97.39999999999661,176.11887165275328,203.23634911352516,2.202512075054471,3.397315112317716,-0.7031882661035893,0.034970821517863605,0.8,35.0
97.4499999999966,176.04668028751482,203.39407890658418,2.204261015347153,3.3972060371869626,-0.7036358960951166,0.03497880585364078,0.8,35.0
97.4999999999966,175.9742343261886,203.55169104170244,2.2060103541824327,3.3970970702043024,-0.7040827190161034,0.03498677670558896,0.8,35.0
97.5499999999966,175.90153386113218,203.70918506223194,2.207760090886327,3.3969882116117014,-0.7045287353669821,0.03499473407788563,0.8,35.0
97.5999999999966,175.82857898571567,203.86656051141486,2.2095102247850664,3.3968794616498155,-0.7049739456522591,0.03500267797479175,0.8,35.0
97.6499999999966,175.75536979432252,204.0238169323861,2.211260755205099,3.3967708205579905,-0.7054183503804952,0.03501060840065148,0.8,35.0
97.69999999999659,175.68190638235052,204.18095386817575,2.213011681473094,3.396662288574263,-0.7058619500642861,0.03501852535989185,0.8,35.0
97.74999999999659,175.60818884621256,204.33797086171165,2.214763002915945,3.3965538659353567,-0.7063047452202432,0.03502642885702243,0.8,35.0
97.79999999999659,175.53421728333763,204.49486745582192,2.216514718860777,3.396445552876687,-0.7067467363689739,0.035034318896635046,0.8,35.0
97.84999999999658,175.45999179217156,204.65164319323745,2.2182668286349467,3.3963373496323577,-0.7071879240350624,0.035042195483403454,0.8,35.0
97.89999999999658,175.385512472178,204.80829761659444,2.220019331566051,3.3962292564351606,-0.7076283087470499,0.03505005862208303,0.8,35.0
97.94999999999658,175.31077942383908,204.96483026843697,2.2217722269819262,3.3961212735165778,-0.7080678910374155,0.035057908317510454,0.8,35.0
97.99999999999658,175.23579274865645,205.12124069121944,2.2235255142106563,3.396013401106779,-0.708506671442557,0.03506574457460338,0.8,35.0
98.04999999999657,175.160552549152,205.27752842730925,2.225279192580574,3.3959056394346225,-0.7089446505027708,0.03507356739836016,0.8,35.0
98.09999999999657,175.08505892886865,205.43369301898923,2.2270332614202673,3.3957979887276566,-0.7093818287622331,0.03508137679385949,0.8,35.0
98.14999999999657,175.00931199237127,205.58973400846023,2.2287877200585804,3.3956904492121174,-0.7098182067689803,0.03508917276626012,0.8,35.0
98.19999999999656,174.9333118452474,205.74565093784366,2.2305425678246205,3.3955830211129294,-0.7102537850748898,0.03509695532080054,0.8,35.0
98.24999999999656,174.85705859410808,205.90144334918406,2.2322978040477603,3.395475704653706,-0.7106885642356604,0.03510472446279864,0.8,35.0
98.29999999999656,174.78055234658862,206.05711078445162,2.234053428057643,3.3953685000567497,-0.7111225448107931,0.03511248019765141,0.8,35.0
98.34999999999656,174.7037932113494,206.21265278554478,2.2358094391841847,3.395261407543052,-0.7115557273635718,0.03512022253083464,0.8,35.0
98.39999999999655,174.62678129807662,206.36806889429278,2.2375658367575797,3.395154427332292,-0.7119881124610439,0.03512795146790258,0.8,35.0
98.44999999999655,174.5495167174831,206.5233586524582,2.2393226201083043,3.39504755964284,-0.7124197006740011,0.035135667014487636,0.8,35.0
98.49999999999655,174.471999581309,206.67852160173956,2.241079788567119,3.394940804691754,-0.7128504925769601,0.035143369176300045,0.8,35.0
98.54999999999654,174.3942300023226,206.83355728377387,2.2428373414650755,3.394834162694783,-0.7132804887481431,0.03515105795912757,0.8,35.0
98.59999999999654,174.31620809432096,206.98846524013925,2.2445952781335174,3.3947276338663634,-0.713709689769459,0.03515873336883517,0.8,35.0
98.64999999999654,174.23793397213078,207.14324501235745,2.246353597904086,3.394621218419624,-0.7141380962264837,0.0351663954113647,0.8,35.0
98.69999999999654,174.15940775160902,207.2978961418965,2.2481123001087226,3.394514916566383,-0.7145657087084412,0.035174044092734585,0.8,35.0
98.74999999999653,174.0806295496437,207.45241817017322,2.2498713840796745,3.394408728517148,-0.714992527808184,0.0351816794190395,0.8,35.0
98.79999999999653,174.00159948415447,207.6068106385558,2.251630849149497,3.394302654481119,-0.7154185541221745,0.035189301396450046,0.8,35.0
98.84999999999653,173.92231767409348,207.76107308836652,2.2533906946510576,3.3941966946661863,-0.7158437882504651,0.03519691003121246,0.8,35.0
98.89999999999652,173.84278423944593,207.91520506088418,2.25515091991754,3.3940908492789323,-0.7162682307966799,0.03520450532964827,0.8,35.0
98.94999999999652,173.76299930123088,208.0692060973468,2.256911524282448,3.393985118524631,-0.7166918823679947,0.035212087298153984,0.8,35.0
98.99999999999652,173.68296298150176,208.22307573895424,2.258672507079608,3.3938795026072484,-0.7171147435751186,0.035219655943200784,0.8,35.0
99.04999999999652,173.6026754033472,208.37681352687065,2.2604338676431746,3.393774001729444,-0.7175368150322742,0.0352272112713342,0.8,35.0
99.09999999999651,173.52213669089159,208.53041900222723,2.262195605307633,3.393668616092571,-0.717958097357179,0.03523475328917378,0.8,35.0
99.14999999999651,173.44134696929575,208.68389170612483,2.2639577194078035,3.393563345896675,-0.7183785911710262,0.035242282003412805,0.8,35.0
99.1999999999965,173.3603063647576,208.8372311796364,2.2657202092788444,3.3934581913404975,-0.7187982970984657,0.03524979742081793,0.8,35.0
99.2499999999965,173.2790150045128,208.99043696380986,2.2674830742562557,3.393353152621473,-0.7192172157675849,0.0352572995482289,0.8,35.0
99.2999999999965,173.19747301683523,209.14350859967047,2.269246313675884,3.393248229935733,-0.7196353478098901,0.035264788392558206,0.8,35.0
99.3499999999965,173.11568053103787,209.29644562822358,2.2710099268739232,3.3931434234781035,-0.7200526938602869,0.03527226396079079,0.8,35.0
99.3999999999965,173.03363767747317,209.44924759045725,2.2727739131869225,3.3930387334421086,-0.7204692545570617,0.03527972625998372,0.8,35.0
99.44999999999649,172.95134458753375,209.60191402734483,2.2745382719517857,3.3929341600199687,-0.7208850305418625,0.03528717529726585,0.8,35.0
99.49999999999649,172.86880139365303,209.7544444798476,2.2763030025057778,3.3928297034026023,-0.7213000224596803,0.03529461107983752,0.8,35.0
99.54999999999649,172.7860082293057,209.90683848891737,2.2780681041865263,3.392725363779626,-0.7217142309588297,0.035302033614970266,0.8,35.0
99.59999999999648,172.7029652290084,210.05909559549923,2.2798335763320265,3.3926211413393568,-0.7221276566909305,0.03530944291000644,0.8,35.0
99.64999999999648,172.61967252832025,210.211215340534,2.2815994182806443,3.3925170362688104,-0.7225403003108885,0.03531683897235895,0.8,35.0
99.69999999999648,172.5361302638434,210.36319726496103,2.28336562937112,3.392413048753704,-0.7229521624768769,0.035324221809510885,0.8,35.0
99.74999999999648,172.45233857322359,210.51504090972074,2.2851322089425707,3.3923091789784565,-0.7233632438503173,0.03533159142901526,0.8,35.0
99.79999999999647,172.36829759515066,210.6667458157573,2.2868991563344956,3.3922054271261883,-0.7237735450958609,0.03533894783849465,0.8,35.0
99.84999999999647,172.28400746935918,210.81831152402128,2.2886664708867777,3.3921017933787234,-0.7241830668813701,0.035346291045640896,0.8,35.0
99.89999999999647,172.19946833662885,210.96973757547227,2.2904341519396882,3.3919982779165903,-0.7245918098778993,0.03535362105821476,0.8,35.0
99.94999999999646,172.11468033878512,211.12102351108152,2.2922021988338903,3.391894880919021,-0.7249997747596763,0.03536093788404565,0.8,35.0
99.99999999999646,172.02964361869962,211.27216887183465,2.293970610910442,3.3917916025639543,-0.7254069622040837,0.03536824153103126,0.8,35.0
100.04999999999646,171.9443583202907,211.42317319873422,2.2957393875107988,3.391688443028035,-0.7258133728916404,0.035375532007137285,0.8,35.0
100.09999999999646,171.8588245885239,211.57403603280247,2.297508527976819,3.391585402486616,-0.7262190075059825,0.03538280932039707,0.8,35.0
100.14999999999645,171.77304256941252,211.7247569150839,2.2992780316507644,3.3914824811137585,-0.7266238667338448,0.03539007347891132,0.8,35.0
100.19999999999645,171.68701241001799,211.875335386648,2.3010478978753066,3.391379679082233,-0.7270279512650428,0.035397324490847766,0.8,35.0
100.24999999999645,171.60073425845033,212.02577098859183,2.3028181259935288,3.3912769965635206,-0.7274312617924534,0.03540456236444086,0.8,35.0
100.29999999999644,171.5142082638687,212.17606326204276,2.3045887153489284,3.391174433727814,-0.7278337990119966,0.03541178710799145,0.8,35.0
100.34999999999644,171.42743457648183,212.32621174816106,2.306359665285422,3.391071990744018,-0.7282355636226171,0.03541899872986646,0.8,35.0
100.39999999999644,171.34041334754838,212.47621598814266,2.3081309751473467,3.3909696677797516,-0.7286365563262657,0.03542619723849857,0.8,35.0
100.44999999999644,171.25314472937748,212.62607552322174,2.309902644279466,3.390867465001348,-0.7290367778278808,0.035433382642385915,0.8,35.0
100.49999999999643,171.16562887532905,212.77578989467344,2.3116746720269705,3.3907653825738566,-0.7294362288353701,0.035440554950091754,0.8,35.0
100.54999999999643,171.07786593981433,212.92535864381648,2.3134470577354826,3.3906634206610433,-0.7298349100595922,0.03544771417024416,0.8,35.0
100.59999999999643,170.9898560782962,213.07478131201594,2.3152198007510596,3.3905615794253925,-0.7302328222143382,0.035454860311535684,0.8,35.0
100.64999999999642,170.90159944728964,213.22405744068584,2.3169929004201957,3.3904598590281076,-0.730629966016313,0.03546199338272307,0.8,35.0
100.69999999999642,170.81309620436204,213.37318657129185,2.318766356089827,3.3903582596291124,-0.7310263421851178,0.03546911339262693,0.8,35.0
100.74999999999642,170.7243465081337,213.522168245354,2.3205401671073336,3.390256781387052,-0.7314219514432307,0.035476220350131385,0.8,35.0
100.79999999999642,170.63535051827813,213.67100200444932,2.3223143328205427,3.390155424459295,-0.7318167945159897,0.03548331426418382,0.8,35.0
100.84999999999641,170.54610839552242,213.8196873902145,2.3240888525777326,3.3900541890019333,-0.7322108721315733,0.03549039514379452,0.8,35.0
100.89999999999641,170.4566203016476,213.9682239443487,2.3258637257276344,3.3899530751697853,-0.7326041850209831,0.03549746299803635,0.8,35.0
100.94999999999641,170.36688639948903,214.11661120861606,2.3276389516194365,3.389852083116395,-0.7329967339180252,0.035504517836044476,0.8,35.0
100.9999999999964,170.2769068529367,214.26484872484855,2.3294145296027873,3.3897512129940353,-0.7333885195592923,0.03551155966701602,0.8,35.0
101.0499999999964,170.18668182693557,214.41293603494856,2.331190459027798,3.3896504649537076,-0.7337795426841455,0.03551858850020975,0.8,35.0
101.0999999999964,170.09621148748593,214.5608726808916,2.332966739245045,3.389549839145144,-0.7341698040346961,0.035525604344945776,0.8,35.0
101.1499999999964,170.00549600164365,214.7086582047291,2.3347433696055755,3.38944933571681,-0.7345593043557879,0.03553260721060522,0.8,35.0
101.1999999999964,169.91453553752058,214.8562921485909,2.336520349460907,3.389348954815902,-0.7349480443949786,0.03553959710662991,0.8,35.0
101.24999999999639,169.82333026428475,215.0037740546882,2.338297678163033,3.389248696588354,-0.7353360249025226,0.035546574042522074,0.8,35.0
101.29999999999639,169.73188035216072,215.15110346531603,2.3400753550644255,3.3891485611788346,-0.7357232466313522,0.035553538027844,0.8,35.0
101.34999999999638,169.64018597242986,215.2982799228561,2.3418533795180365,3.3890485487307505,-0.7361097103370606,0.03556048907221774,0.8,35.0
101.39999999999638,169.54824729743066,215.44530296977942,2.343631750877303,3.3889486593862475,-0.7364954167778831,0.0355674271853248,0.8,35.0
101.44999999999638,169.4560645005589,215.59217214864907,2.345410468496148,3.3888488932862124,-0.7368803667146797,0.03557435237690583,0.8,35.0
101.49999999999638,169.36363775626802,215.73888700212282,2.347189531728986,3.388749250570274,-0.7372645609109175,0.03558126465676028,0.8,35.0
101.54999999999637,169.27096724006924,215.8854470729559,2.348968939930723,3.3886497313768054,-0.7376480001326524,0.03558816403474612,0.8,35.0
101.59999999999637,169.17805312853193,216.03185190400373,2.350748692456762,3.388550335842924,-0.7380306851485118,0.03559505052077952,0.8,35.0
101.64999999999637,169.08489559928378,216.1781010382245,2.3525287886630037,3.388451064104495,-0.7384126167296764,0.035601924124834525,0.8,35.0
101.69999999999636,168.99149483101107,216.32419401868202,2.354309227905851,3.3883519162961306,-0.738793795649863,0.03560878485694276,0.8,35.0
101.74999999999636,168.89785100345878,216.47013038854837,2.3560900095422106,3.3882528925511948,-0.7391742226853067,0.03561563272719309,0.8,35.0
101.79999999999636,168.80396429743095,216.61590969110662,2.357871132929497,3.388153993001802,-0.7395538986147432,0.03562246774573135,0.8,35.0
101.84999999999636,168.70983489479073,216.76153146975352,2.359652597425635,3.3880552177788212,-0.7399328242193909,0.03562928992276,0.8,35.0
101.89999999999635,168.6154629784607,216.90699526800225,2.3614344023890617,3.3879565670118748,-0.7403110002829341,0.03563609926853783,0.8,35.0
101.94999999999635,168.52084873242293,217.05230062948507,2.3632165471787308,3.3878580408293426,-0.7406884275915049,0.035642895793379634,0.8,35.0
101.99999999999635,168.4259923417193,217.19744709795617,2.3649990311541136,3.3877596393583627,-0.7410651069336659,0.03564967950765592,0.8,35.0
102.04999999999634,168.33089399245156,217.34243421729425,2.366781853675203,3.3876613627248333,-0.7414410391003927,0.0356564504217926,0.8,35.0
102.09999999999634,168.2355538717815,217.48726153150528,2.3685650141025167,3.387563211053415,-0.7418162248850566,0.03566320854627065,0.8,35.0
102.14999999999634,168.1399721679311,217.63192858472524,2.370348511797098,3.3874651844675303,-0.7421906650834073,0.035669953891625826,0.8,35.0
102.19999999999634,168.0441490701827,217.77643492122283,2.3721323461205204,3.387367283089368,-0.742564360493555,0.03567668646844836,0.8,35.0
102.24999999999633,167.94808476887914,217.92078008540216,2.3739165164348894,3.3872695070398846,-0.7429373119159541,0.035683406287382646,0.8,35.0
102.29999999999633,167.85177945542387,218.06496362180553,2.3757010221028456,3.3871718564388043,-0.743309520153385,0.035690113359126904,0.8,35.0
102.34999999999633,167.75523332228104,218.20898507511615,2.377485862487567,3.387074331404623,-0.7436809860109375,0.03569680769443292,0.8,35.0
102.39999999999633,167.65844656297563,218.35284399016078,2.3792710369527725,3.3869769320546084,-0.7440517102959929,0.03570348930410569,0.8,35.0
102.44999999999632,167.56141937209355,218.49653991191252,2.3810565448627226,3.3868796585048027,-0.7444216938182079,0.03571015819900316,0.8,35.0
102.49999999999632,167.46415194528174,218.64007238549357,2.3828423855822245,3.3867825108700247,-0.7447909373894964,0.03571681439003588,0.8,35.0
102.54999999999632,167.36664447924824,218.78344095617786,2.3846285584766327,3.3866854892638707,-0.7451594418240133,0.03572345788816672,0.8,35.0
102.59999999999631,167.26889717176226,218.92664516939382,2.386415062911853,3.386588593798718,-0.7455272079381366,0.03573008870441055,0.8,35.0
102.64999999999631,167.17091022165428,219.06968457072716,2.3882018982543447,3.3864918245857254,-0.7458942365504515,0.03573670684983395,0.8,35.0
102.69999999999631,167.07268382881605,219.21255870592353,2.3899890638711225,3.3863951817348354,-0.7462605284817323,0.035743312335554896,0.8,35.0
102.7499999999963,166.97421819420072,219.35526712089126,2.3917765591297595,3.3862986653547766,-0.7466260845549261,0.03574990517274244,0.8,35.0
102.7999999999963,166.87551351982276,219.4978093617041,2.3935643833983904,3.3862022755530656,-0.7469909055951359,0.03575648537261643,0.8,35.0
102.8499999999963,166.77657000875814,219.64018497460398,2.3953525360457126,3.3861060124360085,-0.7473549924296037,0.0357630529464472,0.8,35.0
102.8999999999963,166.67738786514425,219.78239350600367,2.3971410164409903,3.3860098761087034,-0.7477183458876934,0.035769607905555265,0.8,35.0
102.9499999999963,166.57796729417993,219.9244345024896,2.398929823954056,3.3859138666750423,-0.7480809668008743,0.03577615026131101,0.8,35.0
102.99999999999629,166.47830850212554,220.06630751082446,2.4007189579553128,3.385817984237713,-0.7484428560027048,0.03578268002513438,0.8,35.0
103.04999999999629,166.3784116963029,220.20801207795006,2.4025084178157377,3.3857222288982007,-0.7488040143288146,0.035789197208494605,0.8,35.0
103.09999999999629,166.27827708509525,220.34954775099004,2.404298202906883,3.3856266007567912,-0.7491644426168891,0.035795701822909885,0.8,35.0
103.14999999999628,166.17790487794738,220.49091407725254,2.4060883126008803,3.3855310999125727,-0.7495241417066522,0.035802193879947077,0.8,35.0
103.19999999999628,166.07729528536544,220.63211060423296,2.407878746270441,3.3854357264634367,-0.7498831124398501,0.03580867339122141,0.8,35.0
103.24999999999628,165.97644851891695,220.77313687961677,2.409669503288861,3.385340480506082,-0.7502413556602343,0.03581514036839617,0.8,35.0
103.29999999999627,165.87536479123085,220.91399245128207,2.41146058303002,3.3852453621360143,-0.7505988722135457,0.035821594823182416,0.8,35.0
103.34999999999627,165.77404431599734,221.05467686730253,2.413251984868387,3.3851503714475513,-0.7509556629474976,0.03582803676733866,0.8,35.0
103.39999999999627,165.67248730796786,221.19518967594996,2.4150437081790206,3.3850555085338225,-0.7513117287117597,0.03583446621267059,0.8,35.0
103.44999999999627,165.57069398295505,221.33553042569713,2.416835752337572,3.3849607734867733,-0.7516670703579413,0.035840883171030756,0.8,35.0
103.49999999999626,165.46866455783262,221.47569866522048,2.418628116720288,3.3848661663971646,-0.7520216887395756,0.03584728765431828,0.8,35.0
103.54999999999626,165.36639925053535,221.61569394340285,2.420420800704012,3.3847716873545783,-0.7523755847121028,0.03585367967447854,0.8,35.0
103.59999999999626,165.26389828005887,221.75551580933623,2.422213803666187,3.3846773364474165,-0.7527287591328539,0.035860059243502905,0.8,35.0
103.64999999999625,165.1611618664597,221.8951638123245,2.4240071249848585,3.3845831137629054,-0.753081212861035,0.035866426373428406,0.8,35.0
103.69999999999625,165.05819023085508,222.03463750188615,2.425800764038675,3.384489019387097,-0.7534329467577108,0.03587278107633746,0.8,35.0
103.74999999999625,164.95498359542282,222.17393642775698,2.4275947202068933,3.3843950534048717,-0.7537839616857882,0.03587912336435756,0.8,35.0
103.79999999999625,164.85154218340122,222.3130601398929,2.4293889928693764,3.3843012158999404,-0.7541342585100008,0.035885453249661,0.8,35.0
103.84999999999624,164.74786621908896,222.45200818847266,2.4311835814065996,3.384207506954847,-0.7544838380968926,0.035891770744464556,0.8,35.0
103.89999999999624,164.64395592784487,222.5907801239005,2.432978485199651,3.38411392665097,-0.7548327013148016,0.0358980758610292,0.8,35.0
103.94999999999624,164.53981153608788,222.72937549680896,2.434773703630234,3.384020475068525,-0.7551808490338447,0.03590436861165982,0.8,35.0
103.99999999999623,164.4354332712968,222.86779385806167,2.436569236080669,3.383927152286568,-0.7555282821259011,0.03591064900870491,0.8,35.0
104.04999999999623,164.33082136201017,223.00603475875596,2.438365081933897,3.383833958382997,-0.7558750014645964,0.03591691706455627,0.8,35.0
104.09999999999623,164.2259760378261,223.14409775022565,2.4401612405734796,3.3837408934345543,-0.7562210079252875,0.03592317279164874,0.8,35.0
104.14999999999623,164.12089752940204,223.2819823840438,2.4419577113836026,3.3836479575168283,-0.7565663023850457,0.0359294162024599,0.8,35.0
104.19999999999622,164.01558606845472,223.41968821202542,2.4437544937490783,3.3835551507042574,-0.7569108857226423,0.03593564730950975,0.8,35.0
104.24999999999622,163.9100418877598,223.55721478623022,2.445551587055346,3.3834624730701313,-0.7572547588185315,0.03594186612536046,0.8,35.0
104.29999999999622,163.8042652211517,223.6945616589653,2.447348990688477,3.383369924686593,-0.7575979225548359,0.03594807266261606,0.8,35.0
104.34999999999621,163.69825630352344,223.83172838278804,2.449146704035173,3.383277505624643,-0.7579403778153302,0.03595426693392213,0.8,35.0
104.39999999999621,163.59201537082637,223.96871451050856,2.4509447264827715,3.3831852159541396,-0.7582821254854257,0.03596044895196557,0.8,35.0
104.44999999999621,163.48554266007,224.10551959519273,2.4527430574192453,3.3830930557438026,-0.7586231664521553,0.03596661872947424,0.8,35.0
104.4999999999962,163.37883840932165,224.2421431901647,2.454541696233206,3.383001025061216,-0.7589635016041573,0.035972776279216724,0.8,35.0
104.5499999999962,163.2719028577063,224.37858484900977,2.456340642313906,3.382909123972829,-0.7593031318316603,0.03597892161400202,0.8,35.0
104.5999999999962,163.1647362454063,224.514844125577,2.45813989505124,3.3828173525439604,-0.7596420580264681,0.035985054746679256,0.8,35.0
104.6499999999962,163.0573388136611,224.6509205739821,2.4599394538357466,3.3827257108387996,-0.7599802810819437,0.035991175690137406,0.8,35.0
104.6999999999962,162.94971080476697,224.78681374860997,2.461739318058612,3.38263419892041,-0.7603178018929945,0.03599728445730501,0.8,35.0
104.74999999999619,162.8418524620768,224.9225232041176,2.4635394871116696,3.38254281685073,-0.7606546213560567,0.03600338106114987,0.8,35.0
104.79999999999619,162.73376402999966,225.05804849543668,2.4653399603874036,3.3824515646905784,-0.7609907403690804,0.03600946551467878,0.8,35.0
104.84999999999619,162.62544575400065,225.1933891777764,2.4671407372789504,3.382360442499654,-0.7613261598315143,0.03601553783093726,0.8,35.0
104.89999999999618,162.5168978806005,225.32854480662613,2.468941817180101,3.3822694503365396,-0.7616608806442905,0.03602159802300921,0.8,35.0
104.94999999999618,162.40812065737535,225.46351493775822,2.4707431994853017,3.3821785882587045,-0.7619949037098094,0.03602764610401671,0.8,35.0
104.99999999999618,162.29911433295632,225.59829912723066,2.4725448835896575,3.3820878563225074,-0.7623282299319246,0.03603368208711968,0.8,35.0
105.04999999999617,162.18987915702925,225.7328969313898,2.4743468688889334,3.3819972545831973,-0.7626608602159283,0.036039705985515605,0.8,35.0
105.09999999999617,162.08041538033436,225.86730790687318,2.4761491547795553,3.381906783094918,-0.7629927954685358,0.03604571781243928,0.8,35.0
105.14999999999617,161.97072325466587,226.0015316106121,2.4779517406586136,3.3818164419107104,-0.7633240365978711,0.03605171758116251,0.8,35.0
105.19999999999617,161.86080303287167,226.13556759983445,2.479754625923863,3.3817262310825136,-0.7636545845134515,0.03605770530499383,0.8,35.0
105.24999999999616,161.75065496885298,226.26941543206743,2.481557809973727,3.3816361506611696,-0.7639844401261732,0.03606368099727823,0.8,35.0
105.29999999999616,161.64027931756394,226.40307466514025,2.483361292207297,3.3815462006964245,-0.7643136043482964,0.03606964467139688,0.8,35.0
105.34999999999616,161.52967633501126,226.53654485718684,2.4851650720243352,3.381456381236932,-0.7646420780934308,0.03607559634076683,0.8,35.0
105.39999999999615,161.41884627825382,226.66982556664857,2.486969148825277,3.3813666923302548,-0.7649698622765202,0.03608153601884078,0.8,35.0
105.44999999999615,161.3077894054023,226.80291635227704,2.4887735220112326,3.381277134022869,-0.7652969578138287,0.03608746371910675,0.8,35.0
105.49999999999615,161.19650597561875,226.93581677313674,2.490578190983987,3.3811877063601665,-0.7656233656229257,0.03609337945508782,0.8,35.0
105.54999999999615,161.0849962491162,227.06852638860772,2.4923831551460043,3.3810984093864556,-0.7659490866226712,0.036099283240341895,0.8,35.0
105.59999999999614,160.9732604871582,227.20104475838843,2.4941884139004276,3.381009243144966,-0.766274121733202,0.036105175088461366,0.8,35.0
105.64999999999614,160.86129895205846,227.33337144249836,2.4959939666510813,3.380920207677851,-0.7665984718759161,0.03611105501307288,0.8,35.0
105.69999999999614,160.7491119071804,227.46550600128074,2.497799812802473,3.3808313030261896,-0.7669221379734595,0.03611692302783704,0.8,35.0
105.74999999999613,160.63669961693668,227.59744799540533,2.4996059517597953,3.3807425292299897,-0.767245120949711,0.03612277914644817,0.8,35.0
105.79999999999613,160.52406234678872,227.72919698587106,2.501412382928927,3.380653886328191,-0.7675674217297681,0.03612862338263398,0.8,35.0
105.84999999999613,160.41120036324637,227.86075253400875,2.503219105716435,3.3805653743586666,-0.7678890412399331,0.036134455750155364,0.8,35.0
105.89999999999613,160.2981139338673,227.9921142014839,2.505026119529575,3.3804769933582275,-0.7682099804076982,0.03614027626280608,0.8,35.0
105.94999999999612,160.18480332725665,228.1232815502993,2.5068334237762957,3.3803887433626243,-0.7685302401617319,0.0361460849344125,0.8,35.0
105.99999999999612,160.07126881306638,228.2542541427978,2.508641017865237,3.38030062440655,-0.7688498214318645,0.036151881778833335,0.8,35.0
106.04999999999612,159.957510661995,228.38503154166503,2.510448901205735,3.3802126365236433,-0.7691687251490745,0.03615766680995936,0.8,35.0
106.09999999999611,159.8435291457869,228.51561330993204,2.5122570732078207,3.380124779746491,-0.7694869522454739,0.03616344004171317,0.8,35.0
106.14999999999611,159.72932453723195,228.64599901097804,2.5140655332822233,3.3800370541066305,-0.7698045036542945,0.03616920148804888,0.8,35.0
106.19999999999611,159.6148971101649,228.77618820853317,2.5158742808403707,3.3799494596345534,-0.7701213803098743,0.036174951162951864,0.8,35.0
106.2499999999961,159.5002471394649,228.9061804666811,2.5176833152943927,3.379861996359707,-0.7704375831476429,0.036180689080438526,0.8,35.0
106.2999999999961,159.385374901055,229.0359753498618,2.5194926360571204,3.3797746643104998,-0.7707531131041082,0.03618641525455597,0.8,35.0
106.3499999999961,159.2702806719016,229.1655724228742,2.5213022425420895,3.379687463514301,-0.7710679711168424,0.036192129699381806,0.8,35.0
106.3999999999961,159.15496473001386,229.29497125087892,2.5231121341635405,3.3796003939974453,-0.7713821581244683,0.036197832429023816,0.8,35.0
106.4499999999961,159.03942735444318,229.42417139940096,2.5249223103364216,3.379513455785236,-0.7716956750666455,0.03620352345761974,0.8,35.0
106.49999999999609,158.92366882528268,229.5531724343324,2.5267327704763884,3.3794266489019464,-0.7720085228840566,0.036209202799336995,0.8,35.0
106.54999999999609,158.80768942366652,229.68197392193505,2.528543513999807,3.379339973370824,-0.772320702518394,0.036214870468372413,0.8,35.0
106.59999999999609,158.69148943176947,229.81057542884326,2.5303545403237546,3.3792534292140926,-0.7726322149123459,0.03622052647895198,0.8,35.0
106.64999999999608,158.57506913280622,229.9389765220665,2.532165848866021,3.3791670164529557,-0.7729430610095829,0.03622617084533057,0.8,35.0
106.69999999999608,158.4584288110308,230.06717676899206,2.5339774390451106,3.379080735107599,-0.7732532417547446,0.036231803581791705,0.8,35.0
106.74999999999608,158.34156875173605,230.1951757373878,2.535789310280243,3.3789945851971934,-0.7735627580934263,0.036237424702647264,0.8,35.0
106.79999999999607,158.22448924125288,230.32297299540483,2.537601461991355,3.3789085667398986,-0.7738716109721652,0.03624303422223724,0.8,35.0
106.84999999999607,158.10719056694984,230.4505681115801,2.5394138935991015,3.3788226797528647,-0.7741798013384271,0.036248632154929496,0.8,35.0
106.89999999999607,157.98967301723232,230.57796065483925,2.5412266045248577,3.3787369242522356,-0.7744873301405938,0.03625421851511947,0.8,35.0
106.94999999999607,157.87193688154204,230.70515019449908,2.543039594190719,3.378651300253153,-0.7747941983279489,0.03625979331722997,0.8,35.0
106.99999999999606,157.75398245035635,230.8321363002705,2.544852862019505,3.3785658077697582,-0.7751004068506654,0.036265356575710866,0.8,35.0
107.04999999999606,157.6358100151876,230.95891854226096,2.5466664074347567,3.3784804468151948,-0.7754059566597917,0.03627090830503887,0.8,35.0
107.09999999999606,157.51741986858246,231.08549649097728,2.5484802298607425,3.3783952174016125,-0.7757108487072395,0.03627644851971725,0.8,35.0
107.14999999999606,157.39881230412135,231.21186971732823,2.5502943287224564,3.37831011954017,-0.7760150839457698,0.03628197723427563,0.8,35.0
107.19999999999605,157.27998761641766,231.33803779262732,2.55210870344562,3.3782251532410377,-0.7763186633289806,0.036287494463269655,0.8,35.0
107.24999999999605,157.1609461011171,231.46400028859537,2.553923353456684,3.3781403185134002,-0.7766215878112934,0.036293000221280826,0.8,35.0
107.29999999999605,157.0416880548971,231.58975677736322,2.55573827818283,3.37805561536546,-0.7769238583479408,0.03629849452291618,0.8,35.0
107.34999999999604,156.92221377546596,231.71530683147438,2.5575534770519703,3.3779710438044406,-0.777225475894953,0.036303977382808085,0.8,35.0
107.39999999999604,156.80252356156234,231.84065002388778,2.559368949492751,3.3778866038365885,-0.7775264414091457,0.036309448815613946,0.8,35.0
107.44999999999604,156.6826177129544,231.96578592798028,2.561184694934552,3.377802295467177,-0.7778267558481067,0.03631490883601599,0.8,35.0
107.49999999999604,156.56249653043912,232.0907141175495,2.563000712807488,3.3777181187005088,-0.7781264201701834,0.03632035745872102,0.8,35.0
107.54999999999603,156.44216031584165,232.2154341668164,2.564817002542411,3.37763407353992,-0.7784254353344703,0.03632579469846012,0.8,35.0
107.59999999999603,156.32160937201448,232.33994565042792,2.5666335635709103,3.377550159987782,-0.778723802300796,0.03633122056998847,0.8,35.0
107.64999999999603,156.2008440028368,232.46424814345968,2.5684503953253146,3.3774663780455048,-0.779021522029711,0.03633663508808505,0.8,35.0
107.69999999999602,156.0798645132136,232.58834122141863,2.5702674972386923,3.3773827277135395,-0.7793185954824748,0.03634203826755243,0.8,35.0
107.74999999999602,155.95867120907516,232.71222446024566,2.572084868744853,3.377299208991383,-0.7796150236210438,0.03634743012321649,0.8,35.0
107.79999999999602,155.83726439737603,232.83589743631836,2.5739025092783496,3.3772158218775794,-0.7799108074080584,0.0363528106699262,0.8,35.0
107.84999999999602,155.7156443860944,232.95935972645356,2.5757204182744773,3.3771325663697236,-0.780205947806831,0.03635817992255336,0.8,35.0
107.89999999999601,155.59381148423134,233.08261090791,2.577538595169277,3.377049442464464,-0.7805004457813333,0.03636353789599238,0.8,35.0
107.94999999999601,155.47176600180995,233.20565055839106,2.579357039399535,3.376966450157507,-0.7807943022961844,0.03636888460516001,0.8,35.0
107.999999999996,155.34950824987462,233.32847825604725,2.581175750402785,3.3768835894436178,-0.7810875183166381,0.03637422006499512,0.8,35.0
108.049999999996,155.22703854049016,233.45109357947902,2.5829947276173075,3.3768008603166253,-0.7813800948085712,0.036379544290458435,0.8,35.0
108.099999999996,155.10435718674108,233.5734961077393,2.5848139704821342,3.376718262769424,-0.7816720327384706,0.036384857296532326,0.8,35.0
108.149999999996,154.98146450273074,233.69568542033613,2.586633478437045,3.3766357967939777,-0.7819633330734221,0.03639015909822054,0.8,35.0
108.199999999996,154.8583608035805,233.81766109723534,2.5884532509225724,3.376553462381323,-0.7822539967810976,0.036395449710547985,0.8,35.0
108.24999999999599,154.73504640542893,233.9394227188632,2.5902732873800005,3.3764712595215713,-0.7825440248297435,0.036400729148560476,0.8,35.0
108.29999999999599,154.61152162543098,234.06096986610896,2.592093587251367,3.3763891882039125,-0.7828334181881683,0.036405997427324505,0.8,35.0
108.34999999999599,154.48778678175708,234.18230212032762,2.5939141499794633,3.376307248416618,-0.7831221778257312,0.036411254561926995,0.8,35.0
108.39999999999598,154.36384219359235,234.30341906334237,2.595734975007837,3.3762254401470435,-0.7834103047123299,0.036416500567475085,0.8,35.0
108.44999999999598,154.2396881811357,234.4243202774474,2.5975560617807916,3.376143763381633,-0.7836977998183887,0.036421735459095876,0.8,35.0
108.49999999999598,154.11532506559902,234.5450053454104,2.5993774097433886,3.376062218105921,-0.7839846641148471,0.036426959251936196,0.8,35.0
108.54999999999598,153.99075316920622,234.66547385047525,2.601199018341447,3.3759808043045356,-0.7842708985731477,0.03643217196116238,0.8,35.0
108.59999999999597,153.86597281519244,234.78572537636455,2.603020887021545,3.3758995219612022,-0.7845565041652245,0.036437373601960026,0.8,35.0
108.64999999999597,153.74098432780306,234.90575950728237,2.6048430152310216,3.3758183710587466,-0.7848414818634916,0.03644256418953377,0.8,35.0
108.69999999999597,153.61578803229293,235.02557582791673,2.6066654024179767,3.3757373515790974,-0.7851258326408311,0.036447743739107044,0.8,35.0
108.74999999999596,153.49038425492535,235.14517392344226,2.6084880480312727,3.3756564635032897,-0.7854095574705822,0.036452912265921865,0.8,35.0
108.79999999999596,153.36477332297122,235.26455337952285,2.6103109515205345,3.375575706811468,-0.785692657326529,0.03645806978523858,0.8,35.0
108.84999999999596,153.2389555647081,235.38371378231417,2.6121341123361512,3.3754950814828897,-0.7859751331828897,0.03646321631233565,0.8,35.0
108.89999999999596,153.11293130941937,235.50265471846637,2.6139575299292765,3.3754145874959276,-0.7862569860143045,0.036468351862509435,0.8,35.0
108.94999999999595,152.9867008873931,235.62137577512658,2.61578120375183,3.375334224828074,-0.786538216795825,0.03647347645107395,0.8,35.0
108.99999999999595,152.86026462992137,235.73987653994158,2.617605133256498,3.3752539934559427,-0.7868188265029024,0.036478590093360616,0.8,35.0
109.04999999999595,152.73362286929907,235.85815660106036,2.619429317896734,3.3751738933552726,-0.787098816111376,0.03648369280471809,0.8,35.0
109.09999999999594,152.60677593882315,235.97621554713675,2.62125375712676,3.375093924500931,-0.7873781865974628,0.03648878460051199,0.8,35.0
109.14999999999594,152.4797241727915,236.09405296733192,2.623078450401566,3.375014086866917,-0.7876569389377457,0.0364938654961247,0.8,35.0
109.19999999999594,152.35246790650208,236.2116684513171,2.624903397176914,3.374934380426364,-0.7879350741091623,0.03649893550695513,0.8,35.0
109.24999999999594,152.22500747625196,236.32906158927608,2.626728596909335,3.3748548051515432,-0.7882125930889943,0.03650399464841849,0.8,35.0
109.29999999999593,152.09734321933624,236.44623197190774,2.6285540490561323,3.374775361013867,-0.7884894968548561,0.03650904293594609,0.8,35.0
109.34999999999593,151.96947547404713,236.56317919042877,2.6303797530753816,3.3746960479838912,-0.7887657863846841,0.0365140803849851,0.8,35.0
109.39999999999593,151.84140457967294,236.67990283657613,2.6322057084259316,3.37461686603132,-0.7890414626567254,0.03651910701099832,0.8,35.0
109.44999999999592,151.71313087649708,236.79640250260968,2.6340319145674047,3.3745378151250067,-0.7893165266495271,0.036524122829464,0.8,35.0
109.49999999999592,151.584654705797,236.9126777813147,2.6358583709601984,3.3744588952329595,-0.7895909793419257,0.036529127855875566,0.8,35.0
109.54999999999592,151.45597640984323,237.02872826600455,2.6376850770654854,3.374380106322342,-0.7898648217130358,0.03653412210574145,0.8,35.0
109.59999999999592,151.3270963318984,237.14455355052314,2.639512032345215,3.374301448359479,-0.79013805474224,0.03653910559458485,0.8,35.0
109.64999999999591,151.19801481621602,237.26015322924752,2.641339236262112,3.374222921309857,-0.7904106794091772,0.0365440783379435,0.8,35.0
109.69999999999591,151.06873220803962,237.37552689709048,2.6431666882796803,3.37414452513813,-0.7906826966937331,0.036549040351369494,0.8,35.0
109.74999999999591,150.93924885360167,237.49067414950306,2.6449943878622015,3.3740662598081212,-0.7909541075760289,0.036553991650429024,0.8,35.0
109.7999999999959,150.80956510012246,237.60559458247712,2.6468223344747366,3.373988125282826,-0.7912249130364108,0.0365589322507022,0.8,35.0
109.8499999999959,150.67968129580908,237.72028779254788,2.6486505275831256,3.373910121524416,-0.7914951140554397,0.03656386216778282,0.8,35.0
109.8999999999959,150.54959778985437,237.83475337679647,2.6504789666539894,3.3738322484942413,-0.7917647116138805,0.03656878141727815,0.8,35.0
109.9499999999959,150.41931493243578,237.94899093285252,2.6523076511547297,3.3737545061528347,-0.7920337066926918,0.03657369001480875,0.8,35.0
109.9999999999959,150.28883307471438,238.06300005889665,2.65413658055353,3.3736768944599143,-0.7923021002730156,0.03657858797600821,0.8,35.0
110.04999999999589,150.15815256883366,238.176780353663,2.655965754319356,3.3735994133743863,-0.7925698933361668,0.036583475316522965,0.8,35.0
110.09999999999589,150.0272737679185,238.29033141644177,2.657795171921957,3.3735220628543487,-0.7928370868636229,0.036588352052012094,0.8,35.0
110.14999999999588,149.8961970260741,238.40365284708187,2.6596248328318643,3.3734448428570953,-0.7931036818370139,0.0365932181981471,0.8,35.0
110.19999999999588,149.76492269838482,238.51674424599327,2.661454736520395,3.373367753339117,-0.7933696792381121,0.036598073770611694,0.8,35.0
110.24999999999588,149.63345114091305,238.62960521414962,2.66328488245965,3.373290794256106,-0.793635080048822,0.03660291878510161,0.8,35.0
110.29999999999588,149.50178271069808,238.74223535309076,2.665115270122516,3.37321396556296,-0.79389988525117,0.03660775325732437,0.8,35.0
110.34999999999587,149.36991776575502,238.85463426492527,2.666945898982666,3.3731372672137834,-0.7941640958272944,0.036612577202999104,0.8,35.0
110.39999999999587,149.23785666507365,238.96680155233295,2.668776768514559,3.3730606991618917,-0.7944277127594356,0.03661739063785632,0.8,35.0
110.44999999999587,149.1055997686172,239.07873681856734,2.6706078781934406,3.372984261359815,-0.7946907370299259,0.03662219357763773,0.8,35.0
110.49999999999586,148.9731474373213,239.19043966745824,2.6724392274953455,3.3729079537593,-0.7949531696211797,0.036626986038096,0.8,35.0
110.54999999999586,148.8405000330928,239.30190970341422,2.674270815897095,3.3728317763113145,-0.7952150115156836,0.0366317680349946,0.8,35.0
110.59999999999586,148.70765791880854,239.4131465314251,2.6761026428763004,3.372755728966049,-0.7954762636959867,0.03663653958410757,0.8,35.0
110.64999999999586,148.57462145831417,239.5241497570645,2.6779347079113616,3.372679811672922,-0.7957369271446904,0.03664130070121933,0.8,35.0
110.69999999999585,148.4413910164231,239.63491898649227,2.6797670104814677,3.3726040243805815,-0.7959970028444392,0.03664605140212446,0.8,35.0
110.74999999999585,148.3079669589152,239.7454538264571,2.6815995500665992,3.372528367036909,-0.7962564917779109,0.03665079170262753,0.8,35.0
110.79999999999585,148.17434965253562,239.85575388429882,2.6834323261475266,3.372452839589022,-0.7965153949278065,0.03665552161854288,0.8,35.0
110.84999999999584,148.04053946499363,239.96581876795113,2.685265338205811,3.3723774419832777,-0.7967737132768413,0.036660241165694434,0.8,35.0
110.89999999999584,147.90653676496137,240.07564808594387,2.687098585723807,3.372302174165277,-0.7970314478077348,0.03666495035991549,0.8,35.0
110.94999999999584,147.77234192207266,240.18524144740564,2.6889320681846596,3.372227036079866,-0.7972885995032015,0.036669649217048524,0.8,35.0
110.99999999999584,147.63795530692175,240.2945984620662,2.690765785072307,3.3721520276711403,-0.7975451693459412,0.03667433775294501,0.8,35.0
111.04999999999583,147.50337729106218,240.403718740259,2.69259973587148,3.372077148882448,-0.7978011583186299,0.03667901598346522,0.8,35.0
111.09999999999583,147.36860824700543,240.5126018929236,2.694433920067704,3.372002399656393,-0.7980565674039101,0.036683683924478,0.8,35.0
111.14999999999583,147.23364854821972,240.62124753160825,2.696268337147297,3.371927779934838,-0.7983113975843816,0.03668834159186063,0.8,35.0
111.19999999999582,147.0984985691288,240.72965526847216,2.698102986597372,3.3718532896589073,-0.7985656498425926,0.03669298900149857,0.8,35.0
111.24999999999582,146.96315868511064,240.8378247162881,2.699937867905836,3.3717789287689914,-0.7988193251610297,0.03669762616928532,0.8,35.0
111.29999999999582,146.82762927249627,240.94575548844492,2.701772980561392,3.3717046972047484,-0.7990724245221092,0.0367022531111222,0.8,35.0
111.34999999999582,146.69191070856837,241.05344719894978,2.7036083240535382,3.371630594905108,-0.7993249489081683,0.03670686984291817,0.8,35.0
111.39999999999581,146.55600337156008,241.16089946243085,2.7054438978725677,3.3715566218082755,-0.7995768993014549,0.036711476380589636,0.8,35.0
111.44999999999581,146.41990764065372,241.2681118941396,2.7072797015095706,3.3714827778517336,-0.7998282766841199,0.03671607274006026,0.8,35.0
111.49999999999581,146.2836238959795,241.37508410995326,2.7091157344564336,3.3714090629722464,-0.8000790820382072,0.03672065893726077,0.8,35.0
111.5499999999958,146.14715251861418,241.48181572637736,2.71095199620584,3.3713354771058626,-0.800329316345645,0.036725234988128796,0.8,35.0
111.5999999999958,146.01049389057982,241.58830636054802,2.7127884862512706,3.371262020187918,-0.8005789805882371,0.03672980090860864,0.8,35.0
111.6499999999958,145.87364839484246,241.6945556302345,2.714625204087003,3.3711886921530403,-0.8008280757476538,0.03673435671465113,0.8,35.0
111.6999999999958,145.7366164153108,241.8005631538416,2.716462149208114,3.37111549293515,-0.8010766028054231,0.036738902422213414,0.8,35.0
111.7499999999958,145.5993983368349,241.90632855041207,2.718299321110477,3.3710424224674655,-0.8013245627429222,0.03674343804725877,0.8,35.0
111.79999999999579,145.4619945452048,242.011851439629,2.720136719290765,3.3709694806825055,-0.8015719565413681,0.03674796360575644,0.8,35.0
111.84999999999579,145.32440542714923,242.1171314418183,2.721974343246449,3.370896667512092,-0.8018187851818098,0.03675247911368145,0.8,35.0
111.89999999999579,145.1866313703343,242.2221681779511,2.7238121924758,3.370823982887354,-0.8020650496451187,0.0367569845870144,0.8,35.0
111.94999999999578,145.0486727633621,242.32696126964615,2.7256502664778868,3.37075142673873,-0.8023107509119807,0.03676148004174132,0.8,35.0
111.99999999999578,144.91052999576934,242.43151033917226,2.7274885647525795,3.370678998995972,-0.8025558899628872,0.03676596549385344,0.8,35.0
112.04999999999578,144.772203458026,242.53581500945063,2.729327086800547,3.3706066995881487,-0.802800467778127,0.036770440959347075,0.8,35.0
112.09999999999577,144.63369354153406,242.63987490405728,2.731165832123258,3.3705345284436476,-0.8030444853377774,0.036774906454223384,0.8,35.0
112.14999999999577,144.49500063862595,242.74368964722552,2.7330048002229828,3.370462485490179,-0.8032879436216961,0.03677936199448823,0.8,35.0
112.19999999999577,144.35612514256337,242.84725886384825,2.73484399060279,3.3703905706547794,-0.8035308436095124,0.036783807596152,0.8,35.0
112.24999999999577,144.21706744753573,242.9505821794804,2.7366834027665514,3.3703187838638136,-0.8037731862806194,0.03678824327522939,0.8,35.0
112.29999999999576,144.07782794865884,243.05365922034127,2.7385230362189383,3.3702471250429795,-0.8040149726141653,0.0367926690477393,0.8,35.0
112.34999999999576,143.93840704197356,243.156489613317,2.7403628904654234,3.3701755941173097,-0.8042562035890453,0.036797084929704585,0.8,35.0
112.39999999999576,143.7988051244443,243.25907298596283,2.742202965012281,3.3701041910111758,-0.804496880183893,0.036801490937151925,0.8,35.0
112.44999999999575,143.65902259395764,243.36140896650554,2.7440432593665864,3.3700329156482907,-0.8047370033770731,0.036805887086111634,0.8,35.0
112.49999999999575,143.51905984932094,243.46349718384582,2.7458837730362173,3.3699617679517124,-0.8049765741466723,0.0368102733926175,0.8,35.0
112.54999999999575,143.37891729026094,243.56533726756064,2.7477245055298525,3.369890747843847,-0.8052155934704919,0.0368146498727066,0.8,35.0
112.59999999999575,143.23859531742224,243.66692884790558,2.7495654563569736,3.3698198552464516,-0.8054540623260392,0.03681901654241914,0.8,35.0
112.64999999999574,143.09809433236595,243.76827155581722,2.7514066250278635,3.3697490900806373,-0.8056919816905203,0.03682337341779827,0.8,35.0
112.69999999999574,142.95741473756823,243.86936502291547,2.753248011053608,3.3696784522668732,-0.805929352540831,0.036827720514889924,0.8,35.0
112.74999999999574,142.8165569364188,243.97020888150593,2.755089613946095,3.369607941724989,-0.80616617585355,0.03683205784974266,0.8,35.0
112.79999999999573,142.67552133321954,244.07080276458225,2.7569314332180155,3.3695375583741782,-0.8064024526049304,0.03683638543840747,0.8,35.0
112.84999999999573,142.534308333183,244.17114630582847,2.7587734683828624,3.369467302133001,-0.8066381837708919,0.03684070329693763,0.8,35.0
112.89999999999573,142.39291834243093,244.27123913962131,2.7606157189549316,3.3693971729193883,-0.8068733703270135,0.03684501144138852,0.8,35.0
112.94999999999573,142.25135176799284,244.37108090103257,2.7624581844493226,3.3693271706506436,-0.8071080132485249,0.03684930988781747,0.8,35.0
112.99999999999572,142.1096090178045,244.4706712258314,2.7643008643819367,3.3692572952434467,-0.8073421135102995,0.03685359865228359,0.8,35.0
113.04999999999572,141.96769050070642,244.57000975048672,2.7661437582694792,3.369187546613858,-0.8075756720868467,0.036857877750847604,0.8,35.0
113.09999999999572,141.82559662644246,244.66909611216943,2.767986865629458,3.3691179246773193,-0.8078086899523038,0.03686214719957169,0.8,35.0
113.14999999999571,141.6833278056582,244.76792994875478,2.769830185980184,3.369048429348659,-0.808041168080429,0.03686640701451931,0.8,35.0
113.19999999999571,141.54088444989955,244.86651089882469,2.7716737188407716,3.368979060542094,-0.8082731074445935,0.03687065721175506,0.8,35.0
113.24999999999571,141.39826697161118,244.96483860167007,2.773517463731139,3.3689098181712334,-0.8085045090177739,0.03687489780734448,0.8,35.0
113.2999999999957,141.25547578413503,245.06291269729306,2.7753614201720067,3.368840702149081,-0.8087353737725453,0.03687912881735394,0.8,35.0
113.3499999999957,141.11251130170876,245.16073282640943,2.7772055876848993,3.3687717123880403,-0.8089657026810734,0.03688335025785044,0.8,35.0
113.3999999999957,140.9693739394643,245.25829863045078,2.7790499657921446,3.3687028487999147,-0.8091954967151072,0.036887562144901465,0.8,35.0
113.4499999999957,140.82606411342618,245.35560975156693,2.7808945540168732,3.368634111295913,-0.8094247568459717,0.03689176449457483,0.8,35.0
113.4999999999957,140.68258224051016,245.4526658326281,2.7827393518830204,3.3685654997866514,-0.8096534840445608,0.03689595732293852,0.8,35.0
113.54999999999569,140.53892873852152,245.5494665172273,2.7845843589153234,3.3684970141821564,-0.80988167928133,0.03690014064606053,0.8,35.0
113.59999999999569,140.39510402615363,245.64601144968253,2.7864295746393237,3.3684286543918693,-0.8101093435262889,0.0369043144800087,0.8,35.0
113.64999999999569,140.25110852298633,245.7423002750391,2.7882749985813664,3.3683604203246476,-0.8103364777489945,0.03690847884085058,0.8,35.0
113.69999999999568,140.1069426494844,245.8383326390719,2.790120630268599,3.368292311888769,-0.8105630829185436,0.03691263374465326,0.8,35.0
113.74999999999568,139.962606826996,245.9341081882876,2.7919664692289734,3.3682243289919342,-0.8107891600035662,0.03691677920748324,0.8,35.0
113.79999999999568,139.81810147775101,246.0296265699271,2.793812514991244,3.3681564715412704,-0.811014709972218,0.036920915245406236,0.8,35.0
113.84999999999567,139.67342702485956,246.12488743196752,2.795658767084968,3.3680887394433343,-0.8112397337921738,0.036925041874487044,0.8,35.0
113.89999999999567,139.52858389231042,246.21989042312467,2.7975052250405072,3.368021132604115,-0.8114642324306204,0.036929159110789415,0.8,35.0
113.94999999999567,139.38357250496932,246.3146351928552,2.799351888389026,3.3679536509290364,-0.8116882068542495,0.03693326697037587,0.8,35.0
113.99999999999567,139.23839328857747,246.4091213913589,2.8011987566624916,3.367886294322962,-0.811911658029251,0.036937365469307565,0.8,35.0
114.04999999999566,139.09304666974987,246.50334866958087,2.8030458293936737,3.367819062690196,-0.8121345869213065,0.036941454623644135,0.8,35.0
114.09999999999566,138.94753307597378,246.59731667921383,2.804893106116146,3.3677519559344877,-0.8123569944955815,0.036945534449443554,0.8,35.0
114.14999999999566,138.801852935607,246.69102507270034,2.8067405863642843,3.3676849739590344,-0.81257888171672,0.036949604962761985,0.8,35.0
114.19999999999565,138.65600667787638,246.78447350323498,2.808588269673267,3.367618116666484,-0.8128002495488367,0.036953666179653614,0.8,35.0
114.24999999999565,138.50999473287604,246.8776616247666,2.8104361555790756,3.3675513839589373,-0.8130210989555107,0.03695771811617053,0.8,35.0
114.29999999999565,138.36381753156587,246.97058909200058,2.812284243618494,3.367484775737954,-0.813241430899779,0.03696176078836257,0.8,35.0
114.34999999999565,138.21747550576984,247.06325556040102,2.814132533329108,3.3674182919045528,-0.8134612463441298,0.03696579421227717,0.8,35.0
114.39999999999564,138.07096908817434,247.15566068619287,2.815981024249306,3.3673519323592154,-0.8136805462504958,0.036969818403959215,0.8,35.0
114.44999999999564,137.92429871232656,247.2478041263643,2.8178297159182786,3.3672856970018894,-0.813899331580248,0.036973833379450906,0.8,35.0
114.49999999999564,137.77746481263284,247.33968553866873,2.819678607876018,3.3672195857319918,-0.8141176032941889,0.03697783915479162,0.8,35.0
114.54999999999563,137.63046782435694,247.43130458162716,2.821527699663319,3.3671535984484113,-0.8143353623525463,0.03698183574601776,0.8,35.0
114.59999999999563,137.48330818361848,247.52266091453032,2.823376990821777,3.3670877350495125,-0.8145526097149669,0.036985823169162595,0.8,35.0
114.64999999999563,137.33598632739117,247.61375419744078,2.82522648089379,3.367021995433138,-0.8147693463405096,0.03698980144025617,0.8,35.0
114.69999999999563,137.18850269350122,247.7045840911953,2.8270761694225564,3.3669563794966106,-0.8149855731876395,0.03699377057532511,0.8,35.0
114.74999999999562,137.04085772062558,247.79515025740685,2.828926055952076,3.366890887136739,-0.8152012912142218,0.036997730590392526,0.8,35.0
114.79999999999562,136.8930518482903,247.88545235846684,2.8307761400271496,3.3668255182498177,-0.8154165013775151,0.03700168150147784,0.8,35.0
114.84999999999562,136.7450855168688,247.97549005754732,2.8326264211933796,3.366760272731632,-0.8156312046341654,0.03700562332459667,0.8,35.0
114.89999999999561,136.59695916758022,248.06526301860313,2.834476898997168,3.366695150477461,-0.8158454019402,0.03700955607576068,0.8,35.0
114.94999999999561,136.44867324248767,248.15477090637404,2.8363275729857165,3.366630151382079,-0.8160590942510215,0.03701347977097746,0.8,35.0
114.99999999999561,136.30022818449655,248.24401338638694,2.838178442707029,3.3665652753397604,-0.8162722825214014,0.037017394426250363,0.8,35.0
115.0499999999956,136.15162443735278,248.33299012495794,2.840029507709908,3.366500522244281,-0.8164849677054741,0.037021300057578414,0.8,35.0
115.0999999999956,136.00286244564114,248.42170078919457,2.8418807675439557,3.3664358919889223,-0.816697150756731,0.03702519668095612,0.8,35.0
115.1499999999956,135.85394265478354,248.5101450469979,2.8437322217595744,3.3663713844664738,-0.8169088326280147,0.03702908431237338,0.8,35.0
115.1999999999956,135.70486551103724,248.59832256706468,2.845583869907965,3.366306999569236,-0.8171200142715129,0.03703296296781533,0.8,35.0
115.2499999999956,135.55563146149316,248.68623301888948,2.847435711541128,3.3662427371890242,-0.8173306966387522,0.03703683266326222,0.8,35.0
115.29999999999559,135.4062409540741,248.7738760727668,2.8492877462118624,3.36617859721717,-0.8175408806805929,0.03704069341468928,0.8,35.0
115.34999999999559,135.25669443753299,248.8612513997932,2.851139973473766,3.3661145795445253,-0.8177505673472225,0.03704454523806659,0.8,35.0
115.39999999999559,135.1069923614512,248.9483586718694,2.8529923928812337,3.366050684061465,-0.8179597575881504,0.03704838814935896,0.8,35.0
115.44999999999558,134.9571351762367,249.03519756170252,2.85484500398946,3.3659869106578895,-0.818168452352202,0.03705222216452576,0.8,35.0
115.49999999999558,134.80712333312235,249.12176774280798,2.856697806354436,3.3659232592232287,-0.8183766525875129,0.03705604729952085,0.8,35.0
115.54999999999558,134.65695728416406,249.20806888951174,2.8585507995329507,3.365859729646444,-0.8185843592415234,0.03705986357029241,0.8,35.0
115.59999999999557,134.50663748223914,249.2941006769524,2.86040398308259,3.365796321816032,-0.8187915732609727,0.037063670992782835,0.8,35.0
115.64999999999557,134.3561643810444,249.37986278108326,2.862257356561736,3.365733035620026,-0.8189982955918935,0.037067469582928586,0.8,35.0
115.69999999999557,134.2055384350944,249.4653548786744,2.864110919529569,3.3656698709460007,-0.8192045271796062,0.03707125935666009,0.8,35.0
115.74999999999557,134.0547600997197,249.55057664731476,2.865964671546064,3.3656068276810736,-0.8194102689687137,0.037075040329901596,0.8,35.0
115.79999999999556,133.90382983106497,249.6355277654143,2.8678186121719924,3.365543905711909,-0.8196155219030956,0.03707881251857106,0.8,35.0
115.84999999999556,133.75274808608734,249.72020791220604,2.8696727409689213,3.3654811049247213,-0.8198202869259028,0.037082575938580005,0.8,35.0
115.89999999999556,133.60151532255443,249.804616767748,2.871527057499213,3.3654184252052755,-0.8200245649795523,0.03708633060583343,0.8,35.0
115.94999999999555,133.45013199904267,249.8887540129255,2.8733815613260245,3.365355866438893,-0.8202283570057217,0.037090076536229664,0.8,35.0
115.99999999999555,133.29859857493534,249.972619329453,2.8752362520133077,3.3652934285104528,-0.8204316639453438,0.03709381374566024,0.8,35.0
116.04999999999555,133.1469155104209,250.05621239987636,2.8770911291258083,3.3652311113043942,-0.8206344867386014,0.03709754225000978,0.8,35.0
116.09999999999555,132.99508326649112,250.13953290757468,2.878946192229066,3.365168914704721,-0.8208368263249219,0.0371012620651559,0.8,35.0
116.14999999999554,132.84310230493912,250.22258053676254,2.8808014408894143,3.365106838595003,-0.8210386836429724,0.03710497320696904,0.8,35.0
116.19999999999554,132.69097308835774,250.3053549724919,2.88265687467398,3.3650448828583808,-0.821240059630654,0.03710867569131239,0.8,35.0
116.24999999999554,132.5386960801375,250.38785590065422,2.884512493150682,3.3649830473775655,-0.8214409552250972,0.03711236953404175,0.8,35.0
116.29999999999553,132.38627174446495,250.47008300798248,2.886368295888232,3.364921332034845,-0.821641371362656,0.037116054751005406,0.8,35.0
116.34999999999553,132.23370054632062,250.55203598205316,2.8882242824561346,3.364859736712084,-0.821841308978904,0.03711973135804405,0.8,35.0
116.39999999999553,132.08098295147732,250.6337145112883,2.890080452424684,3.3647982612907286,-0.822040769008628,0.03712339937099061,0.8,35.0
116.44999999999553,131.92811942649817,250.71511828495755,2.8919368053649674,3.3647369056518093,-0.822239752385824,0.037127058805670174,0.8,35.0
116.49999999999552,131.7751104387348,250.79624699318012,2.8937933408488625,3.3646756696759423,-0.8224382600436919,0.037130709677899866,0.8,35.0
116.54999999999552,131.62195645632545,250.87710032692678,2.895650058449037,3.3646145532433334,-0.8226362929146303,0.037134352003488726,0.8,35.0
116.59999999999552,131.46865794819308,250.95767797802193,2.897506957738949,3.3645535562337807,-0.8228338519302318,0.03713798579823759,0.8,35.0
116.64999999999552,131.31521538404354,251.03797963914556,2.899364038292846,3.3644926785266778,-0.8230309380212786,0.037141611077939,0.8,35.0
116.69999999999551,131.16162923436363,251.11800500383524,2.9012212996857647,3.364431920001015,-0.8232275521177366,0.03714522785837707,0.8,35.0
116.74999999999551,131.0078999704192,251.1977537664881,2.9030787414935313,3.3643712805353845,-0.8234236951487514,0.03714883615532738,0.8,35.0
116.7999999999955,130.8540280642533,251.2772256223628,2.904936363292759,3.3643107600079807,-0.8236193680426434,0.03715243598455688,0.8,35.0
116.8499999999955,130.70001398868425,251.35642026758163,2.9067941646608504,3.3642503582966055,-0.823814571726903,0.037156027361823746,0.8,35.0
116.8999999999955,130.54585821730376,251.43533739913224,2.9086521451759944,3.364190075278669,-0.8240093071281858,0.03715961030287731,0.8,35.0
116.9499999999955,130.39156122447497,251.51397671486987,2.9105103044171674,3.364129910831193,-0.8242035751723079,0.03716318482345792,0.8,35.0
116.9999999999955,130.23712348533059,251.59233791351912,2.9123686419641324,3.3640698648308143,-0.8243973767842416,0.03716675093929686,0.8,35.0
117.04999999999549,130.0825454757709,251.67042069467598,2.914227157397438,3.3640099371537873,-0.8245907128881106,0.03717030866611622,0.8,35.0
117.09999999999549,129.92782767246194,251.74822475880984,2.9160858502984195,3.363950127675986,-0.8247835844071851,0.037173858019628775,0.8,35.0
117.14999999999549,129.77297055283347,251.8257498072653,2.9179447202491966,3.3638904362729067,-0.824975992263878,0.03717739901553793,0.8,35.0
117.19999999999548,129.61797459507707,251.90299554226425,2.9198037668326733,3.3638308628196727,-0.8251679373797396,0.037180931669537565,0.8,35.0
117.24999999999548,129.46284027814428,251.97996166690768,2.921662989632539,3.3637714071910345,-0.8253594206754538,0.03718445599731195,0.8,35.0
117.29999999999548,129.3075680817445,252.0566478851777,2.9235223882332657,3.363712069261374,-0.8255504430708333,0.03718797201453566,0.8,35.0
117.34999999999548,129.15215848634318,252.1330539019395,2.9253819622201096,3.363652848904707,-0.8257410054848153,0.03719147973687341,0.8,35.0
117.39999999999547,128.99661197315976,252.20917942294312,2.9272417111791085,3.363593745994686,-0.8259311088354573,0.03719497917998003,0.8,35.0
117.44999999999547,128.8409290241658,252.28502415482552,2.9291016346970835,3.363534760404602,-0.8261207540399322,0.037198470359500295,0.8,35.0
117.49999999999547,128.685110122083,252.3605878051124,2.930961732361637,3.3634758920073886,-0.8263099420145249,0.03720195329106888,0.8,35.0
117.54999999999546,128.52915575038116,252.43587008222013,2.9328220037611525,3.363417140675624,-0.8264986736746271,0.037205427990310215,0.8,35.0
117.59999999999546,128.3730663932763,252.5108706954577,2.9346824484847946,3.3633585062815343,-0.8266869499347339,0.037208894472838414,0.8,35.0
117.64999999999546,128.2168425357286,252.58558935502847,2.9365430661225074,3.363299988696994,-0.8268747717084389,0.03721235275425714,0.8,35.0
117.69999999999546,128.06048466344046,252.66002577203227,2.9384038562650154,3.363241587793532,-0.8270621399084306,0.03721580285015955,0.8,35.0
117.74999999999545,127.90399326285457,252.7341796584671,2.940264818503822,3.3631833034423315,-0.8272490554464877,0.037219244776128174,0.8,35.0
117.79999999999545,127.7473688211518,252.80805072723112,2.942125952431209,3.363125135514234,-0.8274355192334758,0.0372226785477348,0.8,35.0
117.84999999999545,127.59061182624929,252.88163869212445,2.9439872576402357,3.3630670838797427,-0.8276215321793423,0.0372261041805404,0.8,35.0
117.89999999999544,127.43372276679844,252.95494326785112,2.9458487337247403,3.3630091484090228,-0.8278070951931134,0.03722952169009504,0.8,35.0
117.94999999999544,127.27670213218288,253.02796417002082,2.947710380279337,3.3629513289719064,-0.8279922091828891,0.03723293109193775,0.8,35.0
117.99999999999544,127.11955041251646,253.1007011151509,2.949572196899417,3.362893625437894,-0.8281768750558401,0.03723633240159648,0.8,35.0
118.04999999999544,126.96226809864126,253.17315382066812,2.9514341831811466,3.3628360376761575,-0.8283610937182037,0.037239725634587946,0.8,35.0
118.09999999999543,126.80485568212558,253.2453220049105,2.9532963387214677,3.362778565555543,-0.828544866075279,0.037243110806417574,0.8,35.0
118.14999999999543,126.64731365526188,253.3172053871292,2.955158663118097,3.3627212089445724,-0.8287281930314242,0.0372464879325794,0.8,35.0
118.19999999999543,126.48964251106479,253.38880368749042,2.9570211559695245,3.362663967711448,-0.8289110754900522,0.03724985702855596,0.8,35.0
118.24999999999542,126.33184274326902,253.46011662707704,2.9588838168750153,3.3626068417240527,-0.8290935143536268,0.037253218109818236,0.8,35.0
118.29999999999542,126.17391484632743,253.53114392789064,2.9607466454346065,3.362549830849955,-0.8292755105236589,0.03725657119182552,0.8,35.0
118.34999999999542,126.0158593154089,253.60188531285323,2.9626096412491076,3.3624929349564097,-0.8294570649007028,0.037259916290025355,0.8,35.0
118.39999999999542,125.85767664639631,253.67234050580907,2.9644728039201005,3.362436153910361,-0.8296381783843527,0.03726325341985341,0.8,35.0
118.44999999999541,125.6993673358845,253.7425092315265,2.9663361330499374,3.362379487578446,-0.8298188518732386,0.03726658259673344,0.8,35.0
118.49999999999541,125.54093188117822,253.8123912156997,2.968199628241741,3.3623229358269957,-0.8299990862650227,0.03726990383607715,0.8,35.0
118.5499999999954,125.38237078029006,253.8819861849506,2.9700632890994054,3.3622664985220396,-0.8301788824563964,0.03727321715328413,0.8,35.0
118.5999999999954,125.22368453193839,253.95129386683053,2.9719271152275923,3.362210175529306,-0.8303582413430757,0.03727652256374176,0.8,35.0
118.6499999999954,125.06487363554531,254.0203139898221,2.9737911062317335,3.362153966714226,-0.8305371638197985,0.03727982008282513,0.8,35.0
118.6999999999954,124.90593859123459,254.08904628334102,2.9756552617180283,3.3620978719419368,-0.8307156507803205,0.03728310972589693,0.8,35.0
118.7499999999954,124.74687989982954,254.1574904777377,2.9775195812934436,3.3620418910772814,-0.830893703117412,0.03728639150830739,0.8,35.0
118.79999999999539,124.587698062851,254.22564630429923,2.9793840645657133,3.3619860239848136,-0.8310713217228541,0.0372896654453942,0.8,35.0
118.84999999999539,124.42839358251523,254.29351349525106,2.9812487111433374,3.3619302705288003,-0.8312485074874361,0.03729293155248239,0.8,35.0
118.89999999999539,124.26896696173178,254.36109178375872,2.9831135206355817,3.3618746305732228,-0.8314252613009506,0.03729618984488426,0.8,35.0
118.94999999999538,124.10941870410149,254.42838090392965,2.9849784926524765,3.3618191039817806,-0.8316015840521918,0.03729944033789932,0.8,35.0
118.99999999999538,123.94974931391432,254.49538059081488,2.9868436268048173,3.3617636906178934,-0.8317774766289506,0.03730268304681419,0.8,35.0
119.04999999999538,123.7899592961473,254.56209058041085,2.9887089227041623,3.3617083903447034,-0.8319529399180126,0.037305917986902484,0.8,35.0
119.09999999999538,123.63004915646239,254.6285106096611,2.9905743799628337,3.3616532030250776,-0.8321279748051537,0.03730914517342479,0.8,35.0
119.14999999999537,123.47001940120438,254.69464041645804,2.992439998193915,3.3615981285216114,-0.8323025821751375,0.037312364621628534,0.8,35.0
119.19999999999537,123.30987053739881,254.76047973964464,2.9943057770112524,3.36154316669663,-0.8324767629117122,0.03731557634674794,0.8,35.0
119.24999999999537,123.14960307274983,254.82602831901613,2.9961717160294525,3.361488317412191,-0.8326505178976067,0.03731878036400392,0.8,35.0
119.29999999999536,122.98921751563807,254.89128589532183,2.9980378148638827,3.361433580530087,-0.8328238480145278,0.037321976688604014,0.8,35.0
119.34999999999536,122.82871437511855,254.95625221026674,2.99990407313067,3.3613789559118485,-0.8329967541431572,0.03732516533574229,0.8,35.0
119.39999999999536,122.66809416091853,255.02092700651332,3.0017704904466997,3.3613244434187464,-0.8331692371631482,0.03732834632059928,0.8,35.0
119.44999999999536,122.50735738343538,255.08531002768316,3.003637066429617,3.3612700429117925,-0.8333412979531225,0.03733151965834191,0.8,35.0
119.49999999999535,122.34650455373445,255.14940101835873,3.005503800697823,3.361215754251745,-0.8335129373906675,0.03733468536412339,0.8,35.0
119.54999999999535,122.18553618354694,255.21319972408494,3.0073706928704773,3.3611615772991095,-0.8336841563523326,0.037337843453083185,0.8,35.0
119.59999999999535,122.02445278526775,255.276705891371,3.0092377425674948,3.3611075119141396,-0.8338549557136272,0.03734099394034689,0.8,35.0
119.64999999999534,121.86325487195333,255.33991926769193,3.011104949409546,3.3610535579568426,-0.8340253363490167,0.03734413684102618,0.8,35.0
119.69999999999534,121.70194295731952,255.40283960149034,3.0129723130180572,3.36099971528698,-0.8341952991319199,0.03734727217021874,0.8,35.0
119.74999999999534,121.54051755573941,255.46546664217811,3.0148398330152077,3.36094598376407,-0.8343648449347065,0.03735039994300817,0.8,35.0
119.79999999999534,121.37897918224121,255.527800140138,3.016707509023931,3.36089236324739,-0.8345339746286936,0.03735352017446393,0.8,35.0
119.84999999999533,121.21732835250603,255.5898398467253,3.0185753406679128,3.3608388535959803,-0.8347026890841432,0.03735663287964124,0.8,35.0
119.89999999999533,121.05556558286575,255.65158551426953,3.020443327571592,3.3607854546686435,-0.8348709891702594,0.037359738073581054,0.8,35.0
119.94999999999533,120.89369139030084,255.713036896076,3.022311469360157,3.36073216632395,-0.835038875755185,0.03736283577130992,0.8,35.0
119.99999999999532,120.7317062924382,255.77419374642758,3.0241797656595493,3.360678988420239,-0.8352063497059995,0.037365925987839985,0.8,35.0
120.04999999999532,120.56961080754897,255.83505582058626,3.026048216096458,3.3606259208156204,-0.8353734118887159,0.037369008738168855,0.8,35.0
120.09999999999532,120.40740545454635,255.89562287479473,3.027916820298322,3.3605729633679777,-0.8355400631682781,0.03737208403727956,0.8,35.0
120.14999999999532,120.24509075298342,255.95589466627808,3.029785577893329,3.3605201159349702,-0.835706304408558,0.037375151900140485,0.8,35.0
120.19999999999531,120.08266722305093,256.01587095324544,3.0316544885104144,3.3604673783740364,-0.835872136472353,0.03737821234170529,0.8,35.0
120.24999999999531,119.92013538557518,256.0755514948915,3.0335235517792603,3.360414750542394,-0.8360375602213835,0.03738126537691283,0.8,35.0
120.29999999999531,119.75749576201574,256.13493605139814,3.0353927673302947,3.360362232297045,-0.83620257651629,0.037384311020687115,0.8,35.0
120.3499999999953,119.59474887446326,256.19402438393615,3.0372621347946915,3.3603098234947755,-0.8363671862166305,0.037387349287937216,0.8,35.0
120.3999999999953,119.43189524563735,256.25281625466664,3.0391316538043696,3.3602575239921593,-0.8365313901808782,0.03739038019355721,0.8,35.0
120.4499999999953,119.26893539888425,256.31131142674275,3.041001323991991,3.3602053336455606,-0.8366951892664186,0.03739340375242612,0.8,35.0
120.4999999999953,119.10586985817474,256.3695096643112,3.0428711449909613,3.360153252311135,-0.8368585843295474,0.03739641997940781,0.8,35.0
120.5499999999953,118.94269914810184,256.42741073251386,3.044741116435429,3.3601012798448333,-0.8370215762254676,0.03739942888935097,0.8,35.0
120.59999999999529,118.77942379387862,256.48501439748935,3.0466112379602834,3.3600494161024024,-0.8371841658082871,0.03740243049708903,0.8,35.0
120.64999999999529,118.61604432133602,256.54232042637466,3.0484815092011552,3.359997660939388,-0.8373463539310169,0.03740542481744008,0.8,35.0
120.69999999999528,118.45256125692055,256.5993285873065,3.0503519297944157,3.3599460142111375,-0.8375081414455674,0.03740841186520682,0.8,35.0
120.74999999999528,118.28897512769213,256.6560386494231,3.0522224993771747,3.3598944757728013,-0.8376695292027475,0.03741139165517649,0.8,35.0
120.79999999999528,118.1252864613218,256.71245038286565,3.0540932175872806,3.359843045479336,-0.837830518052261,0.03741436420212083,0.8,35.0
120.84999999999528,117.96149578608956,256.7685635587798,3.05596408406332,3.359791723185506,-0.8379911088427051,0.037417329520795975,0.8,35.0
120.89999999999527,117.79760363088202,256.82437794931735,3.057835098444617,3.359740508745886,-0.8381513024215675,0.037420287625942426,0.8,35.0
120.94999999999527,117.6336105251903,256.8798933276376,3.0597062603712315,3.359689402014862,-0.8383110996352247,0.03742323853228497,0.8,35.0
120.99999999999527,117.46951699910767,256.935109467909,3.061577569483958,3.3596384028466364,-0.838470501328939,0.03742618225453264,0.8,35.0
121.04999999999526,117.30532358332734,256.9900261453106,3.063449025424327,3.3595875110952274,-0.838629508346857,0.03742911880737862,0.8,35.0
121.09999999999526,117.14103080914022,257.0446431360336,3.065320627834602,3.3595367266144724,-0.8387881215320071,0.037432048205500223,0.8,35.0
121.14999999999526,116.97663920843266,257.0989602172829,3.06719237635778,3.35948604925803,-0.8389463417262971,0.0374349704635588,0.8,35.0
121.19999999999526,116.81214931368417,257.15297716727855,3.06906427063759,3.3594354788793823,-0.8391041697705124,0.0374378855961997,0.8,35.0
121.24999999999525,116.64756165796521,257.2066937652572,3.070936310318493,3.359385015331837,-0.8392616065043136,0.03744079361805219,0.8,35.0
121.29999999999525,116.48287677493484,257.26010979147384,3.0728084950456793,3.3593346584685304,-0.8394186527662345,0.037443694543729436,0.8,35.0
121.34999999999525,116.31809519883853,257.31322502720286,3.0746808244650707,3.359284408142427,-0.83957530939368,0.0374465883878284,0.8,35.0
121.39999999999525,116.15321746450587,257.3660392547399,3.0765532982233172,3.359234264206325,-0.839731577222924,0.0374494751649298,0.8,35.0
121.44999999999524,115.98824410734825,257.4185522574032,3.0784259159677974,3.359184226512856,-0.8398874570891077,0.03745235488959808,0.8,35.0
121.49999999999524,115.82317566335664,257.47076381953497,3.0802986773466166,3.3591342949144884,-0.840042949826237,0.03745522757638131,0.8,35.0
121.54999999999524,115.65801266909925,257.5226737265031,3.0821715820086073,3.359084469263529,-0.8401980562671806,0.037458093239811155,0.8,35.0
121.59999999999523,115.49275566171933,257.57428176470245,3.0840446296033273,3.3590347494121255,-0.8403527772436687,0.03746095189440281,0.8,35.0
121.64999999999523,115.32740517893279,257.62558772155614,3.08591781978106,3.3589851352122677,-0.8405071135862905,0.037463803554654944,0.8,35.0
121.69999999999523,115.16196175902597,257.6765913855174,3.0877911521928127,3.3589356265157915,-0.8406610661244921,0.037466648235049665,0.8,35.0
121.74999999999523,114.99642594085331,257.72729254607066,3.0896646264903156,3.3588862231743786,-0.8408146356865751,0.03746948595005245,0.8,35.0
121.79999999999522,114.83079826383508,257.7776909937332,3.0915382423260214,3.3588369250395607,-0.8409678230996946,0.03747231671411209,0.8,35.0
121.84999999999522,114.66507926795505,257.82778652005635,3.0934119993531044,3.3587877319627206,-0.8411206291898572,0.03747514054166064,0.8,35.0
121.89999999999522,114.49926949375822,257.8775789176272,3.09528589722546,3.358738643795094,-0.841273054781919,0.03747795744711336,0.8,35.0
121.94999999999521,114.33336948234847,257.92706798006986,3.0971599355977038,3.358689660387772,-0.8414251006995844,0.03748076744486868,0.8,35.0
121.99999999999521,114.1673797753863,257.9762535020468,3.099034114125169,3.3586407815917037,-0.8415767677654039,0.03748357054930814,0.8,35.0
122.04999999999521,114.00130091508646,258.0251352792604,3.1009084324639087,3.358592007257697,-0.8417280568007722,0.03748636677479633,0.8,35.0
122.0999999999952,113.8351334442157,258.0737131084543,3.1027828902706927,3.3585433372364215,-0.841878968625927,0.03748915613568086,0.8,35.0
122.1499999999952,113.6688779060904,258.12198678741476,3.1046574872030073,3.3584947713784112,-0.8420295040599468,0.03749193864629227,0.8,35.0
122.1999999999952,113.50253484457426,258.169956114972,3.1065322229190544,3.358446309534065,-0.8421796639207495,0.03749471432094404,0.8,35.0
122.2499999999952,113.33610480407597,258.2176208910019,3.108407097077751,3.3583979515536493,-0.8423294490250904,0.03749748317393249,0.8,35.0
122.2999999999952,113.16958832954691,258.26498091642685,3.1102821093387276,3.358349697287301,-0.8424788601885612,0.03750024521953675,0.8,35.0
122.34999999999519,113.00298596647879,258.31203599321753,3.1121572593623283,3.3583015465850274,-0.8426278982255876,0.03750300047201872,0.8,35.0
122.39999999999519,112.83629826090132,258.35878592439417,3.1140325468096095,3.3582534992967115,-0.8427765639494283,0.037505748945622995,0.8,35.0
122.44999999999519,112.66952575937987,258.40523051402783,3.1159079713423385,3.3582055552721104,-0.8429248581721732,0.03750849065457686,0.8,35.0
122.49999999999518,112.50266900901315,258.4513695672419,3.117783532622993,3.358157714360859,-0.8430727817047418,0.037511225613090206,0.8,35.0
122.54999999999518,112.33572855743083,258.4972028902132,3.119659230314761,3.3581099764124733,-0.8432203353568816,0.037513953835355496,0.8,35.0
122.59999999999518,112.16870495279124,258.54273029017367,3.1215350640815385,3.3580623412763497,-0.843367519937167,0.03751667533554773,0.8,35.0
122.64999999999517,112.00159874377901,258.58795157541135,3.1234110335879297,3.3580148088017685,-0.8435143362529974,0.037519390127824376,0.8,35.0
122.69999999999517,111.83441047960267,258.632866555272,3.125287138499246,3.3579673788378956,-0.8436607851105961,0.037522098226325344,0.8,35.0
122.74999999999517,111.66714070999234,258.67747504016023,3.1271633784815047,3.3579200512337852,-0.8438068673150082,0.03752479964517295,0.8,35.0
122.79999999999517,111.49978998519738,258.7217768415409,3.1290397532014285,3.35787282583838,-0.8439525836701,0.037527494398471826,0.8,35.0
122.84999999999516,111.33235885598401,258.76577177194036,3.1309162623264437,3.3578257025005147,-0.8440979349785569,0.03753018250030894,0.8,35.0
122.89999999999516,111.16484787363295,258.809459644948,3.1327929055246813,3.357778681068918,-0.8442429220418828,0.03753286396475351,0.8,35.0
122.94999999999516,110.99725758993705,258.85284027521715,3.134669682464974,3.3577317613922126,-0.8443875456603979,0.03753553880585697,0.8,35.0
122.99999999999515,110.82958855719893,258.8959134784667,3.1365465928168565,3.3576849433189198,-0.8445318066332378,0.037538207037652926,0.8,35.0
123.04999999999515,110.6618413282286,258.9386790714823,3.138423636250564,3.3576382266974587,-0.8446757057583523,0.037540868674157124,0.8,35.0
123.09999999999515,110.49401645634111,258.9811368721175,3.1403008124370326,3.357591611376151,-0.8448192438325038,0.0375435237293674,0.8,35.0
123.14999999999515,110.32611449535413,259.0232866992952,-3.1410071861316906,3.35754509720322,-0.8449624216512663,0.03754617221726365,0.8,35.0
123.19999999999514,110.15813599958561,259.06512837300903,-3.1391297454241003,3.3574986840267953,-0.845105240009024,0.03754881415180776,0.8,35.0
123.24999999999514,109.99008152385136,259.1066617143242,-3.137252172946753,3.357452371694912,-0.84524769969897,0.037551449546943616,0.8,35.0
123.29999999999514,109.82195162346272,259.1478865453792,-3.135374469025923,3.3574061600555143,-0.8453898015131052,0.037554078416597005,0.8,35.0
123.34999999999513,109.65374685422414,259.1888026893867,-3.1334966339871895,3.3573600489564566,-0.8455315462422371,0.03755670077467563,0.8,35.0
123.39999999999513,109.48546777243075,259.2294099706351,-3.131618668155436,3.357314038245506,-0.8456729346759788,0.03755931663506903,0.8,35.0
123.44999999999513,109.31711493486607,259.2697082144896,-3.1297405718548537,3.357268127770344,-0.8458139676027474,0.037561926011648566,0.8,35.0
123.49999999999513,109.14868889879949,259.3096972473934,-3.1278623454089405,3.3572223173785676,-0.8459546458097633,0.03756452891826737,0.8,35.0
123.54999999999512,108.98019022198397,259.34937689686905,-3.1259839891405026,3.357176606917692,-0.8460949700830489,0.03756712536876033,0.8,35.0
123.59999999999512,108.81161946265361,259.3887469915196,-3.124105503371655,3.3571309962351523,-0.8462349412074276,0.03756971537694401,0.8,35.0
123.64999999999512,108.64297717952122,259.42780736102986,-3.1222268884238242,3.3570854851783047,-0.8463745599665226,0.037572298956616644,0.8,35.0
123.69999999999511,108.47426393177595,259.46655783616757,-3.120348144617746,3.357040073594429,-0.8465138271427558,0.03757487612155812,0.8,35.0
123.74999999999511,108.30548027908087,259.50499824878466,-3.1184692722734697,3.35699476133073,-0.8466527435173473,0.03757744688552988,0.8,35.0
123.79999999999511,108.13662678157053,259.54312843181833,-3.116590271710356,3.3569495482343394,-0.8467913098703136,0.03758001126227495,0.8,35.0
123.8499999999951,107.96770399984861,259.58094821929245,-3.11471114324708,3.356904434152318,-0.8469295269804672,0.03758256926551787,0.8,35.0
123.8999999999951,107.79871249498545,259.6184574463185,-3.112831887201632,3.3568594189316574,-0.8470673956254152,0.03758512090896467,0.8,35.0
123.9499999999951,107.62965282851566,259.6556559490969,-3.110952503891317,3.356814502419281,-0.8472049165815589,0.037587666206302814,0.8,35.0
123.9999999999951,107.46052556243569,259.69254356491825,-3.109072993632757,3.3567696844620456,-0.8473420906240924,0.037590205171201214,0.8,35.0
124.0499999999951,107.2913312592014,259.72912013216427,-3.1071933567418912,3.356724964906745,-0.8474789185270015,0.03759273781731015,0.8,35.0
124.09999999999509,107.12207048172566,259.7653854903092,-3.105313593533978,3.3566803436001105,-0.8476154010630637,0.037595264158261255,0.8,35.0
124.14999999999509,106.95274379337587,259.8013394799209,-3.103433704323595,3.3566358203888123,-0.8477515390038463,0.037597784207667476,0.8,35.0
124.19999999999509,106.78335175797162,259.83698194266185,-3.1015536894246387,3.356591395119462,-0.8478873331197061,0.03760029797912306,0.8,35.0
124.24999999999508,106.61389493978214,259.8723127212904,-3.0996735491503284,3.3565470676386133,-0.8480227841797886,0.0376028054862035,0.8,35.0
124.29999999999508,106.44437390352398,259.90733165966213,-3.097793283813205,3.3565028377927657,-0.8481578929520269,0.03760530674246552,0.8,35.0
124.34999999999508,106.2747892143585,259.94203860273046,-3.095912893725133,3.356458705428364,-0.8482926602031411,0.03760780176144703,0.8,35.0
124.39999999999507,106.10514143788947,259.9764333965483,-3.0940323791972992,3.356414670391802,-0.8484270866986373,0.0376102905566671,0.8,35.0
124.44999999999507,105.93543114016057,260.01051588826897,-3.092151740540218,3.3563707325294216,-0.8485611732028072,0.037612773141625935,0.8,35.0
124.49999999999507,105.76565888765303,260.04428592614715,-3.0902709780637276,3.3563268916875177,-0.848694920478727,0.03761524952980485,0.8,35.0
124.54999999999507,105.59582524728313,260.0777433595403,-3.0883900920769944,3.3562831477123374,-0.8488283292882566,0.03761771973466621,0.8,35.0
124.59999999999506,105.42593078639976,260.11088803890954,-3.0865090828885116,3.3562395004500822,-0.8489614003920395,0.03762018376965345,0.8,35.0
124.64999999999506,105.25597607278196,260.1437198158208,-3.084627950806102,3.3561959497469114,-0.8490941345495014,0.03762264164819099,0.8,35.0
124.69999999999506,105.08596167463651,260.176238542946,-3.0827466961369177,3.3561524954489412,-0.84922653251885,0.03762509338368426,0.8,35.0
124.74999999999505,104.91588816059542,260.208444074064,-3.0808653191874416,3.356109137402248,-0.849358595057074,0.037627538989519635,0.8,35.0
124.79999999999505,104.74575609971349,260.2403362640618,-3.0789838202634883,3.3560658754528694,-0.8494903229199428,0.03762997847906442,0.8,35.0
124.84999999999505,104.57556606146589,260.27191496893545,-3.077102199670205,3.3560227094468065,-0.8496217168620054,0.03763241186566683,0.8,35.0
124.89999999999505,104.40531861574566,260.30318004579135,-3.075220457712072,3.3559796392300245,-0.8497527776365904,0.037634839162655934,0.8,35.0
124.94999999999504,104.23501433286124,260.3341313528471,-3.073338594692905,3.355936664648455,-0.849883505995805,0.037637260383341684,0.8,35.0
124.99999999999504,104.06465378353403,260.36476874943276,-3.071456610915854,3.3558937855479987,-0.8500139026905345,0.03763967554101482,0.8,35.0
125.04999999999504,103.8942375388959,260.39509209599163,-3.0695745066834066,3.3558510017745244,-0.8501439684704417,0.03764208464894691,0.8,35.0
125.09999999999503,103.72376617048673,260.42510125408154,-3.067692282297387,3.3558083131738727,-0.8502737040839667,0.037644487720390266,0.8,35.0
125.14999999999503,103.55324025025196,260.4547960863758,-3.065809938058958,3.355765719591857,-0.850403110278326,0.037646884768577964,0.8,35.0
125.19999999999503,103.38266035054009,260.48417645666416,-3.0639274742686218,3.355723220874265,-0.850532187799512,0.037649275806723795,0.8,35.0
125.24999999999503,103.2120270441002,260.513242229854,-3.0620448912262206,3.3556808168668604,-0.8506609373922926,0.037651660848022246,0.8,35.0
125.29999999999502,103.04134090407946,260.5419932719711,-3.060162189230938,3.3556385074153843,-0.8507893598002111,0.03765403990564848,0.8,35.0
125.34999999999502,102.87060250402072,260.57042945016093,-3.0582793685813003,3.3555962923655573,-0.8509174557655851,0.03765641299275831,0.8,35.0
125.39999999999502,102.69981241785996,260.5985506326895,-3.0563964295751758,3.3555541715630803,-0.8510452260295064,0.03765878012248818,0.8,35.0
125.44999999999501,102.52897121992382,260.6263566889444,-3.054513372509778,3.3555121448536367,-0.8511726713318406,0.03766114130795513,0.8,35.0
125.49999999999501,102.35807948492712,260.65384748943575,-3.0526301976816654,3.3554702120828934,-0.8512997924112268,0.037663496562256774,0.8,35.0
125.54999999999501,102.18713778797037,260.68102290579725,-3.0507469053867418,3.355428373096503,-0.8514265900050768,0.037665845898471294,0.8,35.0
125.599999999995,102.0161467045373,260.70788281078717,-3.048863495920259,3.3553866277401045,-0.8515530648495753,0.03766818932965741,0.8,35.0
125.649999999995,101.84510681049235,260.73442707828923,-3.046979969576816,3.355344975859326,-0.8516792176796788,0.03767052686885436,0.8,35.0
125.699999999995,101.67401868207817,260.76065558331373,-3.045096326650362,3.3553034172997847,-0.8518050492291162,0.037672858529081865,0.8,35.0
125.749999999995,101.50288289591312,260.7865682019983,-3.0432125674341948,3.35526195190709,-0.8519305602303875,0.037675184323340126,0.8,35.0
125.799999999995,101.33170002898879,260.81216481160914,-3.041328692220964,3.355220579526844,-0.8520557514147644,0.03767750426460979,0.8,35.0
125.84999999999499,101.16047065866753,260.83744529054167,-3.0394447013026715,3.355179300004643,-0.8521806235122893,0.03767981836585195,0.8,35.0
125.89999999999499,100.9891953626799,260.8624095183217,-3.037560594970671,3.3551381131860794,-0.8523051772517753,0.03768212664000809,0.8,35.0
125.94999999999499,100.81787471912213,260.88705737560633,-3.035676373515671,3.355097018916743,-0.8524294133608061,0.03768442910000011,0.8,35.0
125.99999999999498,100.64650930645375,260.9113887441847,-3.0337920372277343,3.355056017042223,-0.8525533325657354,0.03768672575873028,0.8,35.0
126.04999999999498,100.47509970349496,260.93540350697924,-3.0319075863962803,3.3550151074081085,-0.852676935591687,0.0376890166290812,0.8,35.0
126.09999999999498,100.30364648942418,260.95910154804636,-3.0300230213100847,3.35497428985999,-0.8528002231625544,0.03769130172391585,0.8,35.0
126.14999999999498,100.13215024377551,260.98248275257737,-3.028138342257281,3.3549335642434626,-0.8529231960010006,0.03769358105607748,0.8,35.0
126.19999999999497,99.96061154643624,261.0055470068995,-3.0262535495253613,3.3548929304041253,-0.8530458548284582,0.037695854638389675,0.8,35.0
126.24999999999497,99.78903097764434,261.02829419847683,-3.0243686434011785,3.354852388187583,-0.8531682003651285,0.037698122483656296,0.8,35.0
126.29999999999497,99.61740911798593,261.0507242159109,-3.0224836241709454,3.3548119374394494,-0.8532902333299824,0.03770038460466146,0.8,35.0
126.34999999999496,99.44574654839275,261.07283694894204,-3.020598492120237,3.354771578005346,-0.8534119544407593,0.03770264101416955,0.8,35.0
126.39999999999496,99.27404385013969,261.0946322884499,-3.018713247533991,3.3547313097309064,-0.8535333644139677,0.037704891724925166,0.8,35.0
126.44999999999496,99.10230160484224,261.1161101264545,-3.0168278906965083,3.354691132461774,-0.8536544639648844,0.037707136749653127,0.8,35.0
126.49999999999496,98.93052039445395,261.137270356117,-3.014942421891455,3.354651046043607,-0.8537752538075551,0.03770937610105846,0.8,35.0
126.54999999999495,98.75870080126393,261.15811287174085,-3.013056841401864,3.3546110503220787,-0.8538957346547938,0.037711609791826375,0.8,35.0
126.59999999999495,98.58684340789434,261.17863756877216,-3.0111711495101328,3.3545711451428772,-0.854015907218183,0.037713837834622246,0.8,35.0
126.64999999999495,98.41494879729782,261.198844343801,-3.0092853464980283,3.354531330351709,-0.8541357722080735,0.037716060242091606,0.8,35.0
126.69999999999494,98.24301755275503,261.218733094562,-3.007399432646685,3.354491605794299,-0.8542553303335845,0.03771827702686013,0.8,35.0
126.74999999999494,98.07105025787203,261.2383037199354,-3.0055134082366086,3.354451971316393,-0.8543745823026034,0.037720488201533606,0.8,35.0
126.79999999999494,97.89904749657782,261.25755611994765,-3.0036272735476737,3.3544124267637585,-0.8544935288217862,0.037722693778697955,0.8,35.0
126.84999999999494,97.72700985312179,261.27649019577234,-3.0017410288591275,3.354372971982185,-0.8546121705965568,0.037724893770919185,0.8,35.0
126.89999999999493,97.55493791207117,261.29510584973116,-2.9998546744495904,3.3543336068174874,-0.8547305083311078,0.03772708819074339,0.8,35.0
126.94999999999493,97.38283225830851,261.3134029852945,-2.9979682105970555,3.3542943311155056,-0.8548485427283997,0.03772927705069674,0.8,35.0
126.99999999999493,97.21069347702914,261.3313815070824,-2.9960816375788912,3.3542551447221074,-0.8549662744901618,0.037731460363285445,0.8,35.0
127.04999999999492,97.03852215373863,261.3490413208654,-2.9941949556718415,3.354216047483188,-0.8550837043168918,0.037733638140995784,0.8,35.0
127.09999999999492,96.86631887425024,261.3663823335651,-2.9923081651520267,3.3541770392446733,-0.8552008329078559,0.03773581039629406,0.8,35.0
127.14999999999492,96.69408422468241,261.3834044532553,-2.990421266294945,3.3541381198525198,-0.8553176609610886,0.037737977141626605,0.8,35.0
127.19999999999492,96.52181879145618,261.4001075891625,-2.988534259375474,3.354099289152716,-0.8554341891733936,0.03774013838941976,0.8,35.0
127.24999999999491,96.34952316129267,261.4164916516668,-2.98664714466787,3.3540605469912848,-0.8555504182403433,0.03774229415207986,0.8,35.0
127.29999999999491,96.1771979212105,261.43255655230274,-2.9847599224457704,3.3540218932142833,-0.8556663488562789,0.03774444444199323,0.8,35.0
127.3499999999949,96.00484365852333,261.44830220375997,-2.982872592982194,3.3539833276678053,-0.8557819817143107,0.037746589271526174,0.8,35.0
127.3999999999949,95.83246096083718,261.463728519884,-2.9809851565495427,3.353944850197982,-0.8558973175063186,0.03774872865302497,0.8,35.0
127.4499999999949,95.66005041604801,261.4788354156771,-2.9790976134196017,3.353906460650984,-0.8560123569229514,0.03775086259881584,0.8,35.0
127.4999999999949,95.48761261233906,261.4936228072989,-2.977209963863541,3.353868158873021,-0.856127100653628,0.037752991121204976,0.8,35.0
127.5499999999949,95.3151481381784,261.50809061206724,-2.9753222081519173,3.353829944710345,-0.8562415493865366,0.03775511423247848,0.8,35.0
127.59999999999489,95.14265758231628,261.5222387484588,-2.973434346554672,3.35379181800925,-0.8563557038086359,0.03775723194490241,0.8,35.0
127.64999999999489,94.97014153378264,261.53606713611,-2.971546379341136,3.353753778616074,-0.8564695646056545,0.03775934427072272,0.8,35.0
127.69999999999489,94.79760058188452,261.54957569581757,-2.9696583067800275,3.3537158263772002,-0.8565831324620914,0.037761451222165295,0.8,35.0
127.74999999999488,94.62503531620355,261.56276434953935,-2.967770129139456,3.3536779611390584,-0.8566964080612165,0.03776355281143591,0.8,35.0
127.79999999999488,94.45244632659333,261.575633020395,-2.9658818466869197,3.3536401827481255,-0.8568093920850705,0.03776564905072024,0.8,35.0
127.84999999999488,94.27983420317689,261.58818163266676,-2.9639934596893105,3.353602491050928,-0.8569220852144653,0.03776773995218385,0.8,35.0
127.89999999999488,94.10719953634415,261.6004101118,-2.9621049684129117,3.3535648858940417,-0.8570344881289845,0.03776982552797217,0.8,35.0
127.94999999999487,93.93454291674936,261.61231838440403,-2.960216373123401,3.353527367124094,-0.8571466015069832,0.03777190579021052,0.8,35.0
127.99999999999487,93.7618649353085,261.6239063782529,-2.958327674085851,3.3534899345877647,-0.8572584260255887,0.037773980751004084,0.8,35.0
128.04999999999487,93.58916618319672,261.63517402228587,-2.9564388715647287,3.353452588131787,-0.8573699623607006,0.03777605042243789,0.8,35.0
128.09999999999488,93.41644725184584,261.6461212466081,-2.9545499658239,3.35341532760295,-0.8574812111869915,0.03777811481657682,0.8,35.0
128.1499999999949,93.24370873294168,261.65674798249165,-2.9526609571266267,3.3533781528480975,-0.8575921731779069,0.03778017394546562,0.8,35.0
128.1999999999949,93.0709512184216,261.66705416237573,-2.95077184573557,3.353341063714131,-0.8577028490056657,0.03778222782112886,0.8,35.0
128.2499999999949,92.89817530047182,261.6770397198676,-2.9488826319127917,3.3533040600480115,-0.8578132393412606,0.03778427645557094,0.8,35.0
128.29999999999492,92.72538157152495,261.6867045897431,-2.946993315919753,3.3532671416967577,-0.8579233448544585,0.0377863198607761,0.8,35.0
128.34999999999494,92.55257062425736,261.6960487079475,-2.9451038980173174,3.35323030850745,-0.8580331662138009,0.037788358048708406,0.8,35.0
128.39999999999495,92.37974305158662,261.705072011596,-2.943214378465752,3.3531935603272314,-0.858142704086604,0.037790391031311724,0.8,35.0
128.44999999999496,92.20689944666893,261.7137744389742,-2.9413247575247263,3.3531568970033065,-0.8582519591389597,0.03779241882050975,0.8,35.0
128.49999999999497,92.03404040289654,261.72215592953916,-2.939435035453316,3.3531203183829454,-0.8583609320357355,0.03779444142820599,0.8,35.0
128.54999999999498,91.86116651389518,261.7302164239196,-2.9375452125100017,3.3530838243134826,-0.8584696234405751,0.037796458866283744,0.8,35.0
128.599999999995,91.68827837352151,261.7379558639168,-2.9356552889526712,3.3530474146423197,-0.858578034015899,0.03779847114660613,0.8,35.0
128.649999999995,91.51537657586049,261.74537419250504,-2.9337652650386206,3.353011089216925,-0.8586861644229048,0.03780047828101605,0.8,35.0
128.69999999999501,91.34246171522281,261.7524713538324,-2.9318751410245536,3.3529748478848362,-0.8587940153215674,0.0378024802813362,0.8,35.0
128.74999999999503,91.16953438614237,261.7592472932211,-2.929984917166585,3.3529386904936613,-0.8589015873706402,0.037804477159369076,0.8,35.0
128.79999999999504,90.99659518337364,261.76570195716835,-2.9280945937202403,3.352902616891078,-0.8590088812276547,0.03780646892689696,0.8,35.0
128.84999999999505,90.82364470188908,261.7718352933468,-2.9262041709404563,3.3528666269248366,-0.8591158975489218,0.03780845559568192,0.8,35.0
128.89999999999506,90.65068353687658,261.77764725060507,-2.924313649081583,3.352830720442761,-0.8592226369895319,0.03781043717746581,0.8,35.0
128.94999999999507,90.4777122837369,261.7831377789685,-2.922423028397384,3.352794897292748,-0.8593291002033554,0.03781241368397026,0.8,35.0
128.99999999999508,90.30473153808103,261.78830682963974,-2.9205323091410396,3.3527591573227706,-0.8594352878430433,0.03781438512689668,0.8,35.0
129.0499999999951,90.13174189572763,261.79315435499893,-2.9186414915651433,3.3527235003808786,-0.8595412005600279,0.03781635151792626,0.8,35.0
129.0999999999951,89.95874395270046,261.79768030860475,-2.916750575921707,3.352687926315198,-0.8596468390045231,0.03781831286871998,0.8,35.0
129.14999999999512,89.78573830522576,261.8018846451947,-2.914859562462161,3.3526524349739337,-0.8597522038255251,0.03782026919091857,0.8,35.0
129.19999999999513,89.61272554972972,261.8057673206858,-2.912968451437354,3.3526170262053707,-0.8598572956708129,0.037822220496142554,0.8,35.0
129.24999999999514,89.43970628283581,261.8093282921748,-2.9110772430975542,3.3525816998578737,-0.8599621151869491,0.03782416679599222,0.8,35.0
129.29999999999515,89.2666811013623,261.8125675179392,-2.909185937692452,3.3525464557798896,-0.8600666630192803,0.037826108102047645,0.8,35.0
129.34999999999516,89.09365060231951,261.81548495743743,-2.907294535471159,3.3525112938199477,-0.8601709398119375,0.03782804442586866,0.8,35.0
129.39999999999517,88.92061538290741,261.8180805713095,-2.905403036682209,3.352476213826661,-0.8602749462078372,0.03782997577899487,0.8,35.0
129.44999999999519,88.74757604051288,261.82035432137747,-2.9035114415735617,3.352441215648727,-0.8603786828486817,0.03783190217294568,0.8,35.0
129.4999999999952,88.57453317270719,261.82230617064596,-2.9016197503926007,3.3524062991349295,-0.8604821503749598,0.03783382361922024,0.8,35.0
129.5499999999952,88.40148737724338,261.8239360833028,-2.8997279633861357,3.3523714641341384,-0.8605853494259476,0.03783574012929748,0.8,35.0
129.59999999999522,88.2284392520537,261.8252440247192,-2.897836080800404,3.3523367104953117,-0.8606882806397088,0.03783765171463613,0.8,35.0
129.64999999999523,88.05538939524696,261.82622996145074,-2.8959441028810704,3.3523020380674957,-0.8607909446530957,0.03783955838667466,0.8,35.0
129.69999999999524,87.882338405106,261.8268938612373,-2.8940520298732286,3.3522674466998272,-0.8608933421017498,0.03784146015683135,0.8,35.0
129.74999999999525,87.70928688008502,261.827235693004,-2.8921598620214035,3.352232936241533,-0.8609954736201024,0.03784335703650424,0.8,35.0
129.79999999999526,87.53623541880707,261.82725542686137,-2.89026759956955,3.3521985065419315,-0.8610973398413753,0.03784524903707116,0.8,35.0
129.84999999999528,87.36318462006138,261.826953034106,-2.8883752427610556,3.352164157450434,-0.8611989413975815,0.03784713616988973,0.8,35.0
129.8999999999953,87.19013508280081,261.8263284872209,-2.886482791838741,3.3521298888165463,-0.8613002789195261,0.037849018446297344,0.8,35.0
129.9499999999953,87.01708740613921,261.82538175987605,-2.8845902470448603,3.3520957004898673,-0.8614013530368068,0.037850895877611195,0.8,35.0
129.9999999999953,86.84404218934888,261.82411282692874,-2.882697608621104,3.352061592320092,-0.8615021643778146,0.037852768475128265,0.8,35.0
130.04999999999532,86.67100003185791,261.8225216644241,-2.8808048768085976,3.3520275641570123,-0.8616027135697348,0.03785463625012533,0.8,35.0
130.09999999999533,86.4979615332476,261.8206082495954,-2.8789120518479048,3.3519936158505175,-0.8617030012385477,0.03785649921385895,0.8,35.0
130.14999999999534,86.3249272932499,261.8183725608648,-2.8770191339790263,3.3519597472505946,-0.861803028009029,0.037858357377565516,0.8,35.0
130.19999999999536,86.15189791174473,261.81581457784347,-2.875126123441403,3.351925958207331,-0.8619027945047509,0.037860210752461196,0.8,35.0
130.24999999999537,85.97887398875746,261.81293428133205,-2.8732330204739163,3.3518922485709126,-0.862002301348083,0.03786205934974198,0.8,35.0
130.29999999999538,85.80585612445626,261.8097316533212,-2.871339825314887,3.3518586181916286,-0.8621015491601925,0.03786390318058367,0.8,35.0
130.3499999999954,85.6328449191495,261.8062066769919,-2.8694465382020797,3.3518250669198686,-0.862200538561046,0.03786574225614188,0.8,35.0
130.3999999999954,85.45984097328318,261.80235933671594,-2.867553159372702,3.351791594606126,-0.862299270169409,0.03786757658755205,0.8,35.0
130.4499999999954,85.28684488743828,261.7981896180562,-2.865659689063406,3.3517582011009983,-0.8623977446028479,0.03786940618592944,0.8,35.0
130.49999999999542,85.11385726232818,261.79369750776715,-2.8637661275102873,3.351724886255187,-0.8624959624777302,0.03787123106236914,0.8,35.0
130.54999999999544,84.94087869879607,261.78888299379514,-2.86187247494889,3.3516916499194997,-0.8625939244092253,0.03787305122794609,0.8,35.0
130.59999999999545,84.76790979781232,261.7837460652788,-2.8599787316142042,3.351658491944851,-0.8626916310113057,0.03787486669371505,0.8,35.0
130.64999999999546,84.5949511604719,261.77828671254963,-2.8580848977406688,3.3516254121822624,-0.8627890828967476,0.03787667747071064,0.8,35.0
130.69999999999547,84.42200338799172,261.77250492713193,-2.8561909735621716,3.3515924104828634,-0.8628862806771317,0.03787848356994733,0.8,35.0
130.74999999999548,84.24906708170813,261.7664007017436,-2.8542969593120504,3.3515594866978935,-0.8629832249628443,0.03788028500241944,0.8,35.0
130.7999999999955,84.0761428430742,261.7599740302961,-2.8524028552230956,3.351526640678702,-0.8630799163630779,0.037882081779101164,0.8,35.0
130.8499999999955,83.90323127365716,261.7532249078953,-2.8505086615275483,3.3514938722767487,-0.8631763554858324,0.03788387391094655,0.8,35.0
130.89999999999552,83.73033297513581,261.74615333084125,-2.848614378457104,3.351461181343606,-0.8632725429379156,0.03788566140888955,0.8,35.0
130.94999999999553,83.5574485492979,261.738759296629,-2.8467200062429114,3.351428567730958,-0.8633684793249444,0.03788744428384397,0.8,35.0
130.99999999999554,83.3845785980375,261.7310428039485,-2.8448255451155764,3.351396031290603,-0.8634641652513457,0.03788922254670352,0.8,35.0
131.04999999999555,83.21172372335245,261.7230038526854,-2.842930995305159,3.3513635718744528,-0.8635596013203571,0.03789099620834181,0.8,35.0
131.09999999999556,83.03888452734166,261.71464244392087,-2.8410363570411787,3.3513311893345348,-0.8636547881340281,0.03789276527961234,0.8,35.0
131.14999999999557,82.8660616122026,261.7059585799323,-2.839141630552611,3.351298883522993,-0.8637497262932207,0.03789452977134853,0.8,35.0
131.19999999999558,82.69325558022862,261.6969522641935,-2.8372468160678928,3.3512666542920866,-0.8638444163976104,0.03789628969436372,0.8,35.0
131.2499999999956,82.52046703380638,261.68762350137484,-2.8353519138149204,3.351234501494194,-0.8639388590456878,0.03789804505945117,0.8,35.0
131.2999999999956,82.34769657541324,261.6779722973438,-2.833456924021051,3.351202424981811,-0.8640330548347583,0.03789979587738409,0.8,35.0
131.34999999999562,82.1749448076146,261.66799865916505,-2.8315618469131056,3.351170424607553,-0.8641270043609444,0.037901542158915606,0.8,35.0
131.39999999999563,82.00221233306135,261.6577025951009,-2.8296666827173667,3.3511385002241547,-0.8642207082191855,0.03790328391477882,0.8,35.0
131.44999999999564,81.82949975448726,261.6470841146114,-2.827771431659582,3.3511066516844727,-0.8643141670032398,0.03790502115568677,0.8,35.0
131.49999999999565,81.65680767470633,261.63614322835474,-2.8258760939649656,3.3510748788414846,-0.8644073813056847,0.037906753892332494,0.8,35.0
131.54999999999566,81.4841366966102,261.62487994818747,-2.823980669858196,3.35104318154829,-0.8645003517179182,0.03790848213538897,0.8,35.0
131.59999999999567,81.31148742316552,261.6132942871648,-2.8220851595634207,3.351011559658112,-0.8645930788301593,0.03791020589550919,0.8,35.0
131.64999999999569,81.13886045741138,261.60138625954085,-2.8201895633042544,3.3509800130242975,-0.8646855632314498,0.03791192518332612,0.8,35.0
131.6999999999957,80.96625640245668,261.58915588076877,-2.8182938813037817,3.350948541500318,-0.8647778055096547,0.037913640009452736,0.8,35.0
131.7499999999957,80.79367586147751,261.57660316750116,-2.8163981137845577,3.3509171449397708,-0.8648698062514633,0.037915350384482044,0.8,35.0
131.79999999999572,80.62111943771454,261.56372813759015,-2.8145022609686086,3.350885823196379,-0.8649615660423905,0.03791705631898705,0.8,35.0
131.84999999999573,80.44858773447044,261.5505308100878,-2.8126063230774325,3.350854576123992,-0.8650530854667777,0.037918757823520804,0.8,35.0
131.89999999999574,80.2760813551072,261.5370112052462,-2.8107103003320018,3.3508234035765883,-0.8651443651077938,0.037920454908616404,0.8,35.0
131.94999999999575,80.1036009030436,261.52316934451767,-2.8088141929527626,3.3507923054082736,-0.8652354055474363,0.037922147584786986,0.8,35.0
131.99999999999577,79.93114698175255,261.50900525055505,-2.8069180011596364,3.3507612814732832,-0.8653262073665321,0.03792383586252576,0.8,35.0
132.04999999999578,79.7587201947585,261.49451894721193,-2.805021725172021,3.3507303316259827,-0.865416771144739,0.037925519752306014,0.8,35.0
132.0999999999958,79.58632114563478,261.47971045954273,-2.803125365208792,3.350699455720867,-0.8655070974605465,0.037927199264581116,0.8,35.0
132.1499999999958,79.4139504380011,261.46457981380297,-2.801228921488303,3.3506686536125634,-0.865597186891277,0.03792887440978453,0.8,35.0
132.1999999999958,79.2416086755208,261.44912703744944,-2.7993323942283865,3.350637925155831,-0.8656870400130865,0.037930545198329814,0.8,35.0
132.24999999999582,79.06929646189833,261.43335215914044,-2.797435783646356,3.350607270205561,-0.8657766574009664,0.03793221164061067,0.8,35.0
132.29999999999583,78.89701440087664,261.4172552087358,-2.795539089959006,3.350576688616779,-0.865866039628744,0.03793387374700091,0.8,35.0
132.34999999999584,78.72476309623451,261.4008362172973,-2.793642313382613,3.3505461802446432,-0.8659551872690836,0.0379355315278545,0.8,35.0
132.39999999999586,78.55254315178398,261.3840952170886,-2.7917454541329376,3.3505157449444485,-0.8660441008934882,0.037937184993505534,0.8,35.0
132.44999999999587,78.38035517136774,261.3670322415755,-2.789848512425224,3.350485382571624,-0.8661327810722999,0.0379388341542683,0.8,35.0
132.49999999999588,78.20819975885651,261.3496473254261,-2.7879514884742025,3.3504550929817354,-0.8662212283747013,0.037940479020437234,0.8,35.0
132.5499999999959,78.03607751814643,261.33194050451084,-2.786054382494088,3.3504248760304844,-0.866309443368717,0.03794211960228699,0.8,35.0
132.5999999999959,77.86398905315644,261.31391181590294,-2.7841571946985844,3.350394731573712,-0.866397426621214,0.037943755910072395,0.8,35.0
132.6499999999959,77.6919349678257,261.2955612978781,-2.782259925300883,3.3503646594673953,-0.8664851786979035,0.037945387954028506,0.8,35.0
132.69999999999592,77.51991586611094,261.27688898991505,-2.7803625745136644,3.3503346595676518,-0.8665727001633416,0.0379470157443706,0.8,35.0
132.74999999999594,77.34793235198387,261.25789493269525,-2.7784651425491,3.3503047317307377,-0.8666599915809308,0.037948639291294196,0.8,35.0
132.79999999999595,77.1759850294286,261.23857916810346,-2.7765676296188513,3.3502748758130494,-0.8667470535129207,0.037950258604975064,0.8,35.0
132.84999999999596,77.00407450243895,261.21894173922743,-2.774670035934073,3.350245091671124,-0.8668338865204097,0.037951873695569224,0.8,35.0
132.89999999999597,76.83220137501594,261.1989826903584,-2.7727723617054125,3.350215379161641,-0.8669204911633458,0.037953484573212994,0.8,35.0
132.94999999999598,76.66036625116509,261.1787020669908,-2.7708746071430115,3.3501857381414206,-0.867006868000528,0.03795509124802297,0.8,35.0
132.999999999996,76.48856973489386,261.1580999158228,-2.7689767724565066,3.3501561684674264,-0.8670930175896072,0.037956693730096046,0.8,35.0
133.049999999996,76.31681243020904,261.13717628475587,-2.767078857855031,3.3501266699967647,-0.8671789404870878,0.037958292029509455,0.8,35.0
133.09999999999602,76.14509494111414,261.11593122289526,-2.765180863547215,3.3500972425866866,-0.8672646372483283,0.037959886156320746,0.8,35.0
133.14999999999603,75.97341787160674,261.09436478055,-2.7632827897411865,3.350067886094587,-0.867350108427543,0.037961476120567814,0.8,35.0
133.19999999999604,75.80178182567596,261.0724770092328,-2.761384636644573,3.350038600378007,-0.8674353545778033,0.037963061932268914,0.8,35.0
133.24999999999605,75.63018740729979,261.0502679616603,-2.7594864044645018,3.3500093852946318,-0.8675203762510384,0.03796464360142268,0.8,35.0
133.29999999999606,75.45863522044249,261.0277376917532,-2.7575880934076014,3.3499802407022945,-0.8676051739980367,0.03796622113800813,0.8,35.0
133.34999999999607,75.287125869052,261.00488625463595,-2.755689703680002,3.3499511664589745,-0.8676897483684474,0.03796779455198468,0.8,35.0
133.39999999999608,75.11565995705735,260.9817137066371,-2.7537912354873373,3.349922162422798,-0.867774099910781,0.03796936385329217,0.8,35.0
133.4499999999961,74.94423808836598,260.95822010528934,-2.7518926890347446,3.349893228452041,-0.8678582291724114,0.03797092905185087,0.8,35.0
133.4999999999961,74.77286086686122,260.9344055093294,-2.7499940645268666,3.349864364405127,-0.8679421366995763,0.037972490157561496,0.8,35.0
133.54999999999612,74.60152889639966,260.9102699786981,-2.7480953621678514,3.3498355701406295,-0.8680258230373791,0.037974047180305226,0.8,35.0
133.59999999999613,74.43024278080847,260.8858135745406,-2.746196582161354,3.349806845517271,-0.8681092887297898,0.037975600129943714,0.8,35.0
133.64999999999614,74.25900312388292,260.86103635920597,-2.7442977247105382,3.3497781903939248,-0.8681925343196462,0.0379771490163191,0.8,35.0
133.69999999999615,74.08781052938369,260.8359383962476,-2.7423987900180755,3.3497496046296154,-0.8682755603486555,0.037978693849254036,0.8,35.0
133.74999999999616,73.91666560103427,260.81051975042317,-2.7404997782861478,3.349721088083519,-0.8683583673573951,0.0379802346385517,0.8,35.0
133.79999999999617,73.74556894251839,260.7847804876943,-2.738600689716448,3.349692640614963,-0.8684409558853144,0.037981771393995806,0.8,35.0
133.8499999999962,73.57452115747739,260.7587206752271,-2.7367015245101802,3.349664262083429,-0.8685233264707357,0.03798330412535062,0.8,35.0
133.8999999999962,73.40352284950765,260.73234038139157,-2.734802282868062,3.3496359523485504,-0.8686054796508553,0.03798483284236098,0.8,35.0
133.9499999999962,73.23257462215793,260.7056396757621,-2.7329029649903243,3.3496077112701146,-0.8686874159617454,0.03798635755475232,0.8,35.0
133.99999999999622,73.0616770789268,260.678618629117,-2.731003571076713,3.349579538708064,-0.8687691359383547,0.03798787827223065,0.8,35.0
134.04999999999623,72.89083082326009,260.65127731343887,-2.729104101326489,3.3495514345224944,-0.8688506401145103,0.03798939500448262,0.8,35.0
134.09999999999624,72.72003645854818,260.62361580191424,-2.7272045559384304,3.3495233985736586,-0.8689319290229187,0.03799090776117551,0.8,35.0
134.14999999999625,72.54929458812349,260.5956341689338,-2.7253049351108327,3.3494954307219644,-0.8690130031951669,0.03799241655195725,0.8,35.0
134.19999999999627,72.37860581525783,260.56733249009216,-2.7234052390415098,3.349467530827976,-0.8690938631617242,0.03799392138645644,0.8,35.0
134.24999999999628,72.20797074315983,260.5387108421878,-2.7215054679277957,3.3494396987524144,-0.8691745094519431,0.03799542227428236,0.8,35.0
134.2999999999963,72.03738997497233,260.5097693032232,-2.7196056219665445,3.3494119343561577,-0.8692549425940607,0.037996919225025,0.8,35.0
134.3499999999963,71.86686411376975,260.4805079524046,-2.7177057013541317,3.3493842375002427,-0.8693351631152002,0.037998412248255065,0.8,35.0
134.3999999999963,71.69639376255557,260.4509268701419,-2.7158057062864556,3.349356608045864,-0.869415171541372,0.037999901353523984,0.8,35.0
134.44999999999632,71.52597952425965,260.4210261380489,-2.713905636958937,3.3493290458543754,-0.8694949683974752,0.038001386550363954,0.8,35.0
134.49999999999633,71.35562200173568,260.39080583894264,-2.7120054935665228,3.3493015507872896,-0.8695745542072988,0.03800286784828794,0.8,35.0
134.54999999999634,71.18532179775856,260.36026605684395,-2.7101052763036835,3.349274122706279,-0.869653929493523,0.038004345256789696,0.8,35.0
134.59999999999636,71.01507951502182,260.329406876977,-2.708204985364416,3.349246761473178,-0.869733094777721,0.03800581878534377,0.8,35.0
134.64999999999637,70.84489575613505,260.29822838576916,-2.706304620942246,3.3492194669499793,-0.8698120505803596,0.03800728844340555,0.8,35.0
134.69999999999638,70.67477112362121,260.2667306708512,-2.7044041832302255,3.349192238998839,-0.869890797420801,0.038008754240411245,0.8,35.0
134.7499999999964,70.50470621991418,260.2349138210568,-2.7025036724209364,3.3491650774820734,-0.8699693358173043,0.03801021618577794,0.8,35.0
134.7999999999964,70.33470164735604,260.20277792642275,-2.700603088706491,3.349137982262162,-0.8700476662870265,0.03801167428890359,0.8,35.0
134.8499999999964,70.16475800819455,260.17032307818863,-2.698702432278533,3.349110953201747,-0.8701257893460239,0.03801312855916704,0.8,35.0
134.89999999999642,69.99487590458052,260.1375493687968,-2.6968017033282363,3.349083990163633,-0.8702037055092537,0.038014579005928056,0.8,35.0
134.94999999999644,69.82505593856524,260.10445689189214,-2.69490090204631,3.349057093010789,-0.8702814152905755,0.03801602563852734,0.8,35.0
134.99999999999645,69.65529871209789,260.07104574232216,-2.693000028622996,3.349030261606347,-0.8703589192027518,0.03801746846628652,0.8,35.0
135.04999999999646,69.48560482702294,260.0373160161365,-2.6910990832480706,3.3490034958136046,-0.8704362177574505,0.03801890749850822,0.8,35.0
135.09999999999647,69.31597488507757,260.00326781058715,-2.6891980661108468,3.3489767954960237,-0.8705133114652457,0.038020342744476035,0.8,35.0
135.14999999999648,69.14640948788907,259.96890122412793,-2.687296977400174,3.3489501605172314,-0.870590200835619,0.038021774213454575,0.8,35.0
135.1999999999965,68.97690923697229,259.9342163564147,-2.6853958173044394,3.3489235907410206,-0.8706668863769611,0.03802320191468947,0.8,35.0
135.2499999999965,68.80747473372699,259.89921330830487,-2.683494586011569,3.348897086031351,-0.8707433685965733,0.03802462585740739,0.8,35.0
135.29999999999652,68.6381065794353,259.86389218185747,-2.681593283709028,3.348870646252348,-0.8708196480006687,0.03802604605081607,0.8,35.0
135.34999999999653,68.46880537525914,259.8282530803328,-2.679691910583823,3.348844271268305,-0.8708957250943735,0.038027462504104326,0.8,35.0
135.39999999999654,68.2995717222376,259.7922961081923,-2.677790466822501,3.348817960943682,-0.8709716003817288,0.038028875226442084,0.8,35.0
135.44999999999655,68.13040622128439,259.7560213710985,-2.675888952611152,3.3487917151431073,-0.8710472743656915,0.03803028422698038,0.8,35.0
135.49999999999656,67.96130947318524,259.71942897591447,-2.673987368135409,3.348765533731377,-0.8711227475481361,0.038031689514851405,0.8,35.0
135.54999999999657,67.79228207859533,259.6825190307041,-2.6720857135804508,3.3487394165734568,-0.8711980204298561,0.038033091099168484,0.8,35.0
135.59999999999658,67.6233246380367,259.6452916447315,-2.6701839891309995,3.3487133635344803,-0.871273093510565,0.03803448898902614,0.8,35.0
135.6499999999966,67.45443775189567,259.607746928461,-2.6682821949713245,3.3486873744797516,-0.8713479672888984,0.038035883193500084,0.8,35.0
135.6999999999966,67.28562202042026,259.5698849935568,-2.666380331285242,3.348661449274744,-0.8714226422624147,0.03803727372164726,0.8,35.0
135.74999999999662,67.11687804371763,259.5317059528829,-2.664478398256117,3.348635587785101,-0.8714971189275972,0.03803866058250584,0.8,35.0
135.79999999999663,66.94820642175148,259.49320992050264,-2.662576396066862,3.3486097898766367,-0.8715713977798549,0.03804004378509525,0.8,35.0
135.84999999999664,66.77960775433948,259.45439701167874,-2.6606743248999414,3.3485840554153365,-0.8716454793135247,0.0380414233384162,0.8,35.0
135.89999999999665,66.61108264115072,259.4152673428728,-2.658772184937369,3.348558384267357,-0.8717193640218718,0.03804279925145072,0.8,35.0
135.94999999999666,66.44263168170308,259.3758210317454,-2.656869976360711,3.348532776299027,-0.8717930523970923,0.03804417153316211,0.8,35.0
135.99999999999667,66.27425547536072,259.33605819715535,-2.654967699351086,3.348507231376846,-0.8718665449303137,0.038045540192495064,0.8,35.0
136.0499999999967,66.10595462133145,259.2959789591599,-2.653065354089167,3.3484817493674868,-0.8719398421115968,0.0380469052383756,0.8,35.0
136.0999999999967,65.93772971866422,259.2555834390143,-2.6511629407551816,3.3484563301377954,-0.8720129444299373,0.03804826667971113,0.8,35.0
136.1499999999967,65.76958136624648,259.2148717591714,-2.649260459528912,3.3484309735547906,-0.8720858523732666,0.038049624525390464,0.8,35.0
136.19999999999672,65.6015101628017,259.1738440432815,-2.647357910589698,3.3484056794856643,-0.8721585664284541,0.03805097878428383,0.8,35.0
136.24999999999673,65.43351670688669,259.1325004161923,-2.6454552941164358,3.3483804477977825,-0.8722310870813081,0.03805232946524291,0.8,35.0
136.29999999999674,65.26560159688913,259.09084100394796,-2.6435526102875806,3.348355278358686,-0.8723034148165775,0.03805367657710084,0.8,35.0
136.34999999999675,65.09776543102494,259.0488659337896,-2.641649859281147,3.3483301710360895,-0.8723755501179528,0.03805502012867225,0.8,35.0
136.39999999999677,64.93000880733577,259.00657533415455,-2.6397470412747093,3.348305125697882,-0.8724474934680684,0.038056360128753255,0.8,35.0
136.44999999999678,64.76233232368638,258.96396933467605,-2.637844156445403,3.348280142212129,-0.8725192453485034,0.03805769658612152,0.8,35.0
136.4999999999968,64.5947365777621,258.921048066183,-2.6359412049699262,3.348255220447071,-0.8725908062397835,0.038059029509536255,0.8,35.0
136.5499999999968,64.4272221670663,258.8778116606998,-2.6340381870245393,3.3482303602711236,-0.8726621766213818,0.03806035890773822,0.8,35.0
136.5999999999968,64.25978968891778,258.83426025144587,-2.632135102785067,3.3482055615528794,-0.8727333569717213,0.03806168478944979,0.8,35.0
136.64999999999682,64.09243974044823,258.7903939728352,-2.6302319524268984,3.3481808241611075,-0.8728043477681755,0.038063007163374935,0.8,35.0
136.69999999999683,63.92517291859967,258.7462129604764,-2.6283287361249883,3.3481561479647532,-0.8728751494870703,0.038064326038199266,0.8,35.0
136.74999999999685,63.75798982012191,258.70171735117196,-2.6264254540538587,3.348131532832939,-0.8729457626036855,0.038065641422590044,0.8,35.0
136.79999999999686,63.590891041569954,258.65690728291827,-2.624522106387599,3.348106978634965,-0.8730161875922561,0.03806695332519622,0.8,35.0
136.84999999999687,63.42387717930149,258.61178289490493,-2.6226186932998665,3.3480824852403095,-0.8730864249259738,0.038068261754648426,0.8,35.0
136.89999999999688,63.256948829474304,258.5663443275146,-2.6207152149638886,3.3480580525186276,-0.8731564750769887,0.03806956671955903,0.8,35.0
136.9499999999969,63.09010658804373,258.52059172232276,-2.6188116715524625,3.348033680339754,-0.8732263385164107,0.038070868228522126,0.8,35.0
136.9999999999969,62.923351050760125,258.47452522209693,-2.6169080632379567,3.3480093685737007,-0.873296015714311,0.03807216629011359,0.8,35.0
137.0499999999969,62.75668281316628,258.4281449707968,-2.615004390192312,3.3479851170906594,-0.8733655071397235,0.03807346091289108,0.8,35.0
137.09999999999692,62.5901024705949,258.3814511135734,-2.6131006525870424,3.347960925761001,-0.8734348132606464,0.03807475210539405,0.8,35.0
137.14999999999694,62.42361061816605,258.3344437967691,-2.611196850593235,3.347936794455275,-0.8735039345440438,0.0380760398761438,0.8,35.0
137.19999999999695,62.257207850784596,258.28712316791706,-2.6092929843815527,3.3479127230442116,-0.8735728714558469,0.03807732423364348,0.8,35.0
137.24999999999696,62.09089476313766,258.23948937574073,-2.6073890541222338,3.3478887113987206,-0.8736416244609561,0.03807860518637811,0.8,35.0
137.29999999999697,61.924671949692105,258.1915425701536,-2.605485059985093,3.3478647593898914,-0.8737101940232416,0.038079882742814604,0.8,35.0
137.34999999999698,61.75854000469195,258.1432829022589,-2.603581002139523,3.3478408668889945,-0.8737785806055458,0.03808115691140181,0.8,35.0
137.399999999997,61.59249952215586,258.09471052434884,-2.6016768807544945,3.3478170337674817,-0.8738467846696846,0.03808242770057051,0.8,35.0
137.449999999997,61.42655109587459,258.04582558990455,-2.599772695998558,3.3477932598969846,-0.8739148066764484,0.03808369511873346,0.8,35.0
137.49999999999702,61.260695319408455,257.99662825359553,-2.597868448039844,3.347769545149317,-0.8739826470856044,0.03808495917428539,0.8,35.0
137.54999999999703,61.09493278608477,257.94711867127916,-2.5959641370460638,3.3477458893964736,-0.8740503063558973,0.03808621987560305,0.8,35.0
137.59999999999704,60.92926408899534,257.8972970000003,-2.5940597631845117,3.3477222925106314,-0.8741177849450518,0.038087477231045226,0.8,35.0
137.64999999999705,60.763689820993925,257.84716339799104,-2.592155326622064,3.347698754364149,-0.8741850833097731,0.03808873124895275,0.8,35.0
137.69999999999706,60.59821057469368,257.79671802466993,-2.5902508275251814,3.347675274829568,-0.8742522019057491,0.038089981937648544,0.8,35.0
137.74999999999707,60.43282694246465,257.74596104064176,-2.5883462660599097,3.347651853779612,-0.874319141187652,0.03809122930543763,0.8,35.0
137.79999999999708,60.26753951643122,257.6948926076971,-2.5864416423918795,3.3476284910871863,-0.8743859016091392,0.03809247336060715,0.8,35.0
137.8499999999971,60.10234888846959,257.6435128888118,-2.5845369566863083,3.347605186625381,-0.8744524836228555,0.038093714111426404,0.8,35.0
137.8999999999971,59.93725565020526,257.5918220481465,-2.582632209108001,3.3475819402674682,-0.8745188876804343,0.038094951566146854,0.8,35.0
137.94999999999712,59.772260393010484,257.53982025104625,-2.5807273998213507,3.3475587518869037,-0.8745851142324991,0.038096185733002164,0.8,35.0
137.99999999999713,59.607363708001756,257.48750766403987,-2.57882252899034,3.347535621357327,-0.8746511637286652,0.03809741662020821,0.8,35.0
138.04999999999714,59.442566186037276,257.4348844548396,-2.576917596778542,3.3475125485525616,-0.8747170366175414,0.038098644235963125,0.8,35.0
138.09999999999715,59.277868417714444,257.3819507923407,-2.5750126033491196,3.347489533346615,-0.8747827333467311,0.03809986858844729,0.8,35.0
138.14999999999716,59.113270993367315,257.32870684662083,-2.5731075488648285,3.3474665756136783,-0.8748482543628341,0.03810108968582338,0.8,35.0
138.19999999999717,58.94877450306411,257.27515278893947,-2.5712024334880166,3.3474436752281282,-0.8749136001114481,0.038102307536236384,0.8,35.0
138.2499999999972,58.78437953660466,257.2212887917376,-2.569297257380626,3.3474208320645253,-0.8749787710371706,0.03810352214781362,0.8,35.0
138.2999999999972,58.620086683517926,257.16711502863717,-2.5673920207041925,3.3473980459976156,-0.8750437675835998,0.03810473352866479,0.8,35.0
138.3499999999972,58.45589653305946,257.11263167444054,-2.5654867236198484,3.3473753169023293,-0.8751085901933365,0.03810594168688194,0.8,35.0
138.39999999999722,58.29180967420889,257.05783890512987,-2.5635813662883216,3.347352644653783,-0.8751732393079859,0.038107146630539546,0.8,35.0
138.44999999999723,58.12782669566744,257.0027368978668,-2.561675948869937,3.3473300291272783,-0.8752377153681585,0.038108348367694514,0.8,35.0
138.49999999999724,57.96394818585536,256.9473258309917,-2.559770471524618,3.347307470198302,-0.8753020188134726,0.0381095469063862,0.8,35.0
138.54999999999725,57.800174732909475,256.8916058840234,-2.557864934411886,3.347284967742527,-0.8753661500825548,0.03811074225463645,0.8,35.0
138.59999999999727,57.63650692468066,256.83557723765847,-2.5559593376908634,3.3472625216358134,-0.8754301096130425,0.038111934420449585,0.8,35.0
138.64999999999728,57.4729453487313,256.77924007377067,-2.554053681520273,3.3472401317542055,-0.8754938978415846,0.038113123411812486,0.8,35.0
138.6999999999973,57.309490592332835,256.7225945754104,-2.552147966058438,3.347217797973936,-0.8755575152038438,0.03811430923669456,0.8,35.0
138.7499999999973,57.146143242463225,256.66564092680443,-2.5502421914632856,3.347195520171422,-0.875620962134498,0.0381154919030478,0.8,35.0
138.7999999999973,56.98290388580446,256.60837931335476,-2.548336357892345,3.3471732982232694,-0.8756842390672415,0.038116671418806786,0.8,35.0
138.84999999999732,56.81977310874006,256.5508099216387,-2.5464304655027505,3.3471511320062697,-0.8757473464347867,0.03811784779188874,0.8,35.0
138.89999999999733,56.656751497352566,256.49293293940775,-2.5445245144512407,3.347129021397402,-0.875810284668866,0.03811902103019351,0.8,35.0
138.94999999999735,56.49383963742107,256.4347485555875,-2.5426185048941607,3.347106966273832,-0.8758730542002332,0.03812019114160363,0.8,35.0
138.99999999999736,56.33103811441868,256.37625696027663,-2.5407124369874614,3.3470849665129143,-0.8759356554586648,0.038121358133984325,0.8,35.0
139.04999999999737,56.168347513510064,256.31745834474674,-2.5388063108867023,3.3470630219921893,-0.8759980888729619,0.03812252201518354,0.8,35.0
139.09999999999738,56.005768419548936,256.2583529014413,-2.536900126747051,3.347041132589386,-0.8760603548709517,0.038123682793031965,0.8,35.0
139.1499999999974,55.84330141707557,256.1989408239754,-2.5349938847232836,3.347019298182421,-0.8761224538794888,0.03812484047534306,0.8,35.0
139.1999999999974,55.680947090314326,256.13922230713507,-2.533087584969788,3.3469975186493985,-0.8761843863244574,0.038125995069913064,0.8,35.0
139.2499999999974,55.518706023171134,256.0791975468765,-2.5311812276405616,3.3469757938686118,-0.8762461526307721,0.03812714658452106,0.8,35.0
139.29999999999742,55.35657879923104,256.01886674032573,-2.529274812889215,3.3469541237185414,-0.8763077532223802,0.03812829502692895,0.8,35.0
139.34999999999744,55.1945660017557,255.9582300857778,-2.527368340868971,3.3469325080778574,-0.8763691885222626,0.038129440404881525,0.8,35.0
139.39999999999745,55.032668213680914,255.8972877826962,-2.5254618117326655,3.346910946825417,-0.8764304589524362,0.03813058272610645,0.8,35.0
139.44999999999746,54.87088601761413,255.8360400317122,-2.52355522563275,3.3468894398402673,-0.8764915649339545,0.038131721998314314,0.8,35.0
139.49999999999747,54.70921999583199,255.77448703462431,-2.5216485827212898,3.346867987001644,-0.87655250688691,0.038132858229198645,0.8,35.0
139.54999999999748,54.547670730277815,255.71262899439756,-2.519741883149968,3.346846588188971,-0.8766132852304354,0.03813399142643594,0.8,35.0
139.5999999999975,54.38623880255917,255.65046611516289,-2.5178351270700836,3.346825243281862,-0.8766739003827051,0.03813512159768569,0.8,35.0
139.6499999999975,54.22492479394538,255.58799860221646,-2.515928314632554,3.3468039521601196,-0.8767343527609371,0.038136248750590386,0.8,35.0
139.69999999999752,54.06372928536503,255.52522666201904,-2.514021445987915,3.3467827147037355,-0.8767946427813945,0.038137372892775585,0.8,35.0
139.74999999999753,53.90265285740354,255.46215050219536,-2.5121145212863225,3.3467615307928913,-0.8768547708593868,0.038138494031849886,0.8,35.0
139.79999999999754,53.741696090300664,255.3987703315334,-2.5102075406775524,3.3467404003079575,-0.8769147374092718,0.03813961217540499,0.8,35.0
139.84999999999755,53.580859563948046,255.33508635998373,-2.5083005043110016,3.3467193231294945,-0.8769745428444572,0.03814072733101572,0.8,35.0
139.89999999999756,53.42014385788674,255.27109879865887,-2.5063934123356897,3.346698299138253,-0.8770341875774018,0.03814183950624003,0.8,35.0
139.94999999999757,53.25954955130476,255.20680785983257,-2.5044862649002586,3.3466773282151725,-0.8770936720196176,0.03814294870861905,0.8,35.0
139.99999999999758,53.09907722303459,255.14221375693913,-2.5025790621529747,3.3466564102413834,-0.8771529965816711,0.03814405494567708,0.8,35.0
140.0499999999976,52.93872745155079,255.07731670457272,-2.5006718042417284,3.3466355450982057,-0.8772121616731848,0.03814515822492166,0.8,35.0
140.0999999999976,52.778500814967465,255.0121169184867,-2.498764491314036,3.3466147326671494,-0.8772711677028391,0.038146258553843564,0.8,35.0
140.14999999999762,52.618397891035855,254.94661461559286,-2.4968571235170405,3.3465939728299148,-0.8773300150783736,0.03814735593991682,0.8,35.0
140.19999999999763,52.45841925714187,254.88081001396077,-2.4949497009975103,3.346573265468393,-0.8773887042065889,0.03814845039059877,0.8,35.0
140.24999999999764,52.298565490303645,254.81470333281706,-2.4930422239018437,3.3465526104646646,-0.877447235493348,0.03814954191333005,0.8,35.0
140.29999999999765,52.13883716716907,254.74829479254467,-2.491134692376067,3.346532007701002,-0.8775056093435782,0.03815063051553467,0.8,35.0
140.34999999999766,51.979234864013385,254.68158461468215,-2.489227106565836,3.346511457059867,-0.8775638261612724,0.03815171620461997,0.8,35.0
140.39999999999768,51.81975915673668,254.61457302192295,-2.487319466616437,3.346490958423912,-0.8776218863494907,0.038152798987976716,0.8,35.0
140.4499999999977,51.66041062086149,254.54726023811463,-2.485411772672788,3.346470511675981,-0.877679790310362,0.03815387887297907,0.8,35.0
140.4999999999977,51.50118983153035,254.47964648825823,-2.483504024879439,3.346450116699109,-0.8777375384450861,0.038154955866984655,0.8,35.0
140.5499999999977,51.342097363503335,254.41173199850738,-2.481596223380572,3.3464297733765207,-0.8777951311539344,0.038156029977334555,0.8,35.0
140.59999999999772,51.18313379115565,254.34351699616766,-2.479688368320004,3.3464094815916328,-0.8778525688362521,0.03815710121135334,0.8,35.0
140.64999999999773,51.02429968847516,254.27500170969583,-2.4777804598411866,3.346389241228052,-0.8779098518904598,0.03815816957634913,0.8,35.0
140.69999999999774,50.86559562906,254.20618636869904,-2.475872498087206,3.3463690521695773,-0.877966980714055,0.03815923507961356,0.8,35.0
140.74999999999775,50.70702218611611,254.13707120393406,-2.4739644832007848,3.3463489143001977,-0.8780239557036135,0.03816029772842185,0.8,35.0
140.79999999999777,50.548579932454814,254.06765644730658,-2.472056415324283,3.3463288275040943,-0.8780807772547911,0.03816135753003283,0.8,35.0
140.84999999999778,50.39026944049039,253.99794233187035,-2.470148294599699,3.3463087916656393,-0.8781374457623253,0.038162414491688924,0.8,35.0
140.8999999999978,50.23209128223766,253.92792909182648,-2.468240121168668,3.3462888066693957,-0.8781939616200372,0.03816346862061623,0.8,35.0
140.9499999999978,50.074046029309535,253.8576169625226,-2.466331895172467,3.3462688724001186,-0.8782503252208321,0.03816451992402452,0.8,35.0
140.9999999999978,49.91613425291463,253.78700618045207,-2.4644236167520117,3.346248988742754,-0.8783065369567024,0.038165568409107245,0.8,35.0
141.04999999999782,49.75835652385482,253.7160969832532,-2.46251528604786,3.3462291555824395,-0.878362597218728,0.03816661408304161,0.8,35.0
141.09999999999783,49.600713412522836,253.6448896097085,-2.4606069032002105,3.346209372804504,-0.8784185063970789,0.03816765695298855,0.8,35.0
141.14999999999785,49.44320548889983,253.5733842997438,-2.458698468348906,3.346189640294469,-0.878474264881016,0.03816869702609278,0.8,35.0
141.19999999999786,49.28583332255298,253.50158129442744,-2.456789981633432,3.3461699579380464,-0.8785298730588932,0.03816973430948284,0.8,35.0
141.24999999999787,49.12859748263308,253.42948083596954,-2.4548814431929182,3.34615032562114,-0.8785853313181589,0.038170768810271066,0.8,35.0
141.29999999999788,48.97149853787212,253.3570831677211,-2.4529728531661403,3.346130743229846,-0.8786406400453574,0.03817180053555368,0.8,35.0
141.3499999999979,48.81453705658089,253.2843885341732,-2.45106421169152,3.346111210650452,-0.8786957996261306,0.03817282949241076,0.8,35.0
141.3999999999979,48.65771360664655,253.21139718095614,-2.4491555189071246,3.346091727769436,-0.87875081044522,0.038173855687906315,0.8,35.0
141.4499999999979,48.501028755530264,253.13810935483872,-2.44724677495067,3.3460722944734704,-0.8788056728864673,0.03817487912908827,0.8,35.0
141.49999999999793,48.34448307026477,253.06452530372724,-2.4453379799595205,3.346052910649417,-0.8788603873328172,0.03817589982298851,0.8,35.0
141.54999999999794,48.188077117452,252.99064527666474,-2.4434291340706893,3.3460335761843307,-0.8789149541663184,0.03817691777662291,0.8,35.0
141.59999999999795,48.03181146326067,252.9164695238302,-2.4415202374208396,3.3460142909654578,-0.8789693737681248,0.03817793299699135,0.8,35.0
141.64999999999796,47.875686673423886,252.84199829653753,-2.439611290146286,3.345995054880237,-0.879023646518498,0.038178945491077754,0.8,35.0
141.69999999999797,47.71970331323677,252.7672318472349,-2.437702292382993,3.345975867816298,-0.8790777727968081,0.03817995526585011,0.8,35.0
141.74999999999798,47.56386194755405,252.69217042950373,-2.43579324426658,3.3459567296614634,-0.8791317529815359,0.03818096232826047,0.8,35.0
141.799999999998,47.40816314078768,252.6168142980579,-2.4338841459323177,3.345937640303747,-0.8791855874502741,0.038181966685245046,0.8,35.0
141.849999999998,47.25260745690445,252.5411637087428,-2.4319749975151317,3.345918599631355,-0.8792392765797289,0.03818296834372415,0.8,35.0
141.89999999999802,47.09719545942362,252.46521891853456,-2.4300657991496015,3.345899607532685,-0.879292820745722,0.038183967310602286,0.8,35.0
141.94999999999803,46.94192771141451,252.38898018553905,-2.428156550969963,3.3458806638963265,-0.8793462203231918,0.038184963592768136,0.8,35.0
141.99999999999804,46.78680477549414,252.3124477689911,-2.426247253110108,3.345861768611062,-0.879399475686195,0.038185957197094604,0.8,35.0
142.04999999999805,46.63182721382486,252.23562192925345,-2.424337905703586,3.345842921565865,-0.8794525872079086,0.038186948130438846,0.8,35.0
142.09999999999806,46.47699558811196,252.15850292781604,-2.4224285088836037,3.3458241226499017,-0.879505555260631,0.03818793639964228,0.8,35.0
142.14999999999807,46.3223104596013,252.081091027295,-2.4205190627830273,3.345805371752529,-0.8795583802157838,0.03818892201153064,0.8,35.0
142.19999999999808,46.16777238907694,252.0033864914317,-2.4186095675343817,3.3457866687632976,-0.8796110624439135,0.038189904972913954,0.8,35.0
142.2499999999981,46.013381936858785,251.92538958509198,-2.4167000232698523,3.345768013571948,-0.8796636023146931,0.038190885290586625,0.8,35.0
142.2999999999981,45.85913966280021,251.84710057426503,-2.414790430121286,3.3457494060684145,-0.8797160001969235,0.03819186297132743,0.8,35.0
142.34999999999812,45.70504612628569,251.76851972606264,-2.4128807882201913,3.345730846142822,-0.8797682564585352,0.03819283802189953,0.8,35.0
142.39999999999813,45.551101886228444,251.6896473087182,-2.4109710976977388,3.3457123336854884,-0.8798203714665899,0.038193810449050535,0.8,35.0
142.44999999999814,45.3973075010681,251.61048359158576,-2.409061358684763,3.345693868586922,-0.8798723455872822,0.03819478025951249,0.8,35.0
142.49999999999815,45.243663528768295,251.5310288451391,-2.407151571311763,3.3456754507378252,-0.879924179185941,0.03819574746000194,0.8,35.0
142.54999999999816,45.09017052681435,251.45128334097083,-2.405241735708902,3.3456570800290906,-0.8799758726270311,0.03819671205721993,0.8,35.0
142.59999999999818,44.93682905221092,251.37124735179134,-2.4033318520060094,3.3456387563518026,-0.8800274262741552,0.03819767405785204,0.8,35.0
142.6499999999982,44.783639661479626,251.29092115142794,-2.401421920332581,3.3456204795972386,-0.8800788404900548,0.038198633468568395,0.8,35.0
142.6999999999982,44.63060291065674,251.21030501482383,-2.3995119408177796,3.3456022496568667,-0.8801301156366124,0.03819959029602373,0.8,35.0
142.7499999999982,44.4777193552908,251.1293992180372,-2.397601913590437,3.3455840664223473,-0.8801812520748526,0.03820054454685738,0.8,35.0
142.79999999999822,44.32498955044029,251.04820403824027,-2.3956918387790522,3.3455659297855322,-0.8802322501649446,0.03820149622769332,0.8,35.0
142.84999999999823,44.172414050671314,250.96671975371822,-2.3937817165117954,3.3455478396384652,-0.8802831102662023,0.03820244534514018,0.8,35.0
142.89999999999824,44.01999341005523,250.8849466438683,-2.391871546916506,3.3455297958733823,-0.8803338327370873,0.0382033919057913,0.8,35.0
142.94999999999825,43.86772818216633,250.80288498919882,-2.389961330120695,3.34551179838271,-0.8803844179352098,0.03820433591622472,0.8,35.0
142.99999999999827,43.715618920079514,250.72053507132816,-2.3880510662515446,3.3454938470590667,-0.8804348662173304,0.03820527738300324,0.8,35.0
